###############################################################
#  Generated by:      Cadence Innovus 17.14-s077_1
#  OS:                Linux x86_64(Host ID compute-srv2.eda.atme.in)
#  Generated on:      Fri Feb 15 12:53:48 2019
#  Design:            a23_decode
#  Command:           report_timing -from [all_registers ] -to [all_registers ] -early -max_paths 380 > hold.rpt
###############################################################
Path 1: VIOLATED Hold Check with Pin mtrans_reg_d1_reg[1]/CK 
Endpoint:   mtrans_reg_d1_reg[1]/D (v) checked with  leading edge of 'CLK'
Beginpoint: mtrans_reg_d1_reg[1]/Q (v) triggered by  leading edge of 'CLK'
Path Groups: {reg2reg}
Analysis View: best
Other End Arrival Time          2.861
+ Hold                          0.018
+ Phase Shift                   0.000
+ Uncertainty                   0.400
= Required Time                 3.279
  Arrival Time                  1.139
  Slack Time                   -2.140
     Clock Rise Edge                 0.000
     + Clock Network Latency (Prop)  0.922
     = Beginpoint Arrival Time       0.922
     +---------------------------------------------------------------------------------+ 
     |       Instance       |     Arc      |     Cell     | Delay | Arrival | Required | 
     |                      |              |              |       |  Time   |   Time   | 
     |----------------------+--------------+--------------+-------+---------+----------| 
     | mtrans_reg_d1_reg[1] | CK ^         |              |       |   0.922 |    3.062 | 
     | mtrans_reg_d1_reg[1] | CK ^ -> Q v  | DFFQXLLVT    | 0.154 |   1.076 |    3.216 | 
     | p0840A__5795         | A0N v -> Y v | OAI2BB1X1LVT | 0.063 |   1.139 |    3.279 | 
     | mtrans_reg_d1_reg[1] | D v          | DFFQXLLVT    | 0.000 |   1.139 |    3.279 | 
     +---------------------------------------------------------------------------------+ 
Path 2: VIOLATED Hold Check with Pin o_reg_bank_wen_reg[8]/CK 
Endpoint:   o_reg_bank_wen_reg[8]/D (v) checked with  leading edge of 'CLK'
Beginpoint: o_reg_bank_wen_reg[8]/Q (v) triggered by  leading edge of 'CLK'
Path Groups: {reg2reg}
Analysis View: best
Other End Arrival Time          2.860
+ Hold                          0.028
+ Phase Shift                   0.000
+ Uncertainty                   0.400
= Required Time                 3.288
  Arrival Time                  1.152
  Slack Time                   -2.136
     Clock Rise Edge                 0.000
     + Clock Network Latency (Prop)  0.922
     = Beginpoint Arrival Time       0.922
     +----------------------------------------------------------------------------------+ 
     |       Instance        |     Arc      |     Cell     | Delay | Arrival | Required | 
     |                       |              |              |       |  Time   |   Time   | 
     |-----------------------+--------------+--------------+-------+---------+----------| 
     | o_reg_bank_wen_reg[8] | CK ^         |              |       |   0.922 |    3.058 | 
     | o_reg_bank_wen_reg[8] | CK ^ -> Q v  | DFFHQX1LVT   | 0.165 |   1.088 |    3.223 | 
     | p0412A70174__2250     | A0N v -> Y v | OAI2BB1X1LVT | 0.065 |   1.152 |    3.288 | 
     | o_reg_bank_wen_reg[8] | D v          | DFFHQX1LVT   | 0.000 |   1.152 |    3.288 | 
     +----------------------------------------------------------------------------------+ 
Path 3: VIOLATED Hold Check with Pin o_rm_sel_reg[1]/CK 
Endpoint:   o_rm_sel_reg[1]/D (v) checked with  leading edge of 'CLK'
Beginpoint: o_rm_sel_reg[1]/Q (v) triggered by  leading edge of 'CLK'
Path Groups: {reg2reg}
Analysis View: best
Other End Arrival Time          2.857
+ Hold                          0.026
+ Phase Shift                   0.000
+ Uncertainty                   0.400
= Required Time                 3.283
  Arrival Time                  1.149
  Slack Time                   -2.134
     Clock Rise Edge                 0.000
     + Clock Network Latency (Prop)  0.919
     = Beginpoint Arrival Time       0.919
     +------------------------------------------------------------------------------+ 
     |     Instance      |     Arc      |     Cell     | Delay | Arrival | Required | 
     |                   |              |              |       |  Time   |   Time   | 
     |-------------------+--------------+--------------+-------+---------+----------| 
     | o_rm_sel_reg[1]   | CK ^         |              |       |   0.919 |    3.053 | 
     | o_rm_sel_reg[1]   | CK ^ -> Q v  | DFFHQX1LVT   | 0.164 |   1.083 |    3.218 | 
     | p0983A71050__9906 | A0N v -> Y v | OAI2BB1X1LVT | 0.066 |   1.149 |    3.283 | 
     | o_rm_sel_reg[1]   | D v          | DFFHQX1LVT   | 0.000 |   1.149 |    3.283 | 
     +------------------------------------------------------------------------------+ 
Path 4: VIOLATED Hold Check with Pin o_imm_shift_amount_reg[1]/CK 
Endpoint:   o_imm_shift_amount_reg[1]/D (v) checked with  leading edge of 'CLK'
Beginpoint: o_imm_shift_amount_reg[1]/Q (v) triggered by  leading edge of 'CLK'
Path Groups: {reg2reg}
Analysis View: best
Other End Arrival Time          2.861
+ Hold                          0.025
+ Phase Shift                   0.000
+ Uncertainty                   0.400
= Required Time                 3.286
  Arrival Time                  1.155
  Slack Time                   -2.131
     Clock Rise Edge                 0.000
     + Clock Network Latency (Prop)  0.922
     = Beginpoint Arrival Time       0.922
     +--------------------------------------------------------------------------------------+ 
     |         Instance          |     Arc      |     Cell     | Delay | Arrival | Required | 
     |                           |              |              |       |  Time   |   Time   | 
     |---------------------------+--------------+--------------+-------+---------+----------| 
     | o_imm_shift_amount_reg[1] | CK ^         |              |       |   0.922 |    3.053 | 
     | o_imm_shift_amount_reg[1] | CK ^ -> Q v  | DFFHQX1LVT   | 0.164 |   1.086 |    3.217 | 
     | p0977A71054               | A0N v -> Y v | OAI2BB1X1LVT | 0.069 |   1.155 |    3.286 | 
     | o_imm_shift_amount_reg[1] | D v          | DFFHQX1LVT   | 0.000 |   1.155 |    3.286 | 
     +--------------------------------------------------------------------------------------+ 
Path 5: VIOLATED Hold Check with Pin o_imm_shift_amount_reg[3]/CK 
Endpoint:   o_imm_shift_amount_reg[3]/D (v) checked with  leading edge of 'CLK'
Beginpoint: o_imm_shift_amount_reg[3]/Q (v) triggered by  leading edge of 'CLK'
Path Groups: {reg2reg}
Analysis View: best
Other End Arrival Time          2.861
+ Hold                          0.026
+ Phase Shift                   0.000
+ Uncertainty                   0.400
= Required Time                 3.287
  Arrival Time                  1.157
  Slack Time                   -2.129
     Clock Rise Edge                 0.000
     + Clock Network Latency (Prop)  0.922
     = Beginpoint Arrival Time       0.922
     +--------------------------------------------------------------------------------------+ 
     |         Instance          |     Arc      |     Cell     | Delay | Arrival | Required | 
     |                           |              |              |       |  Time   |   Time   | 
     |---------------------------+--------------+--------------+-------+---------+----------| 
     | o_imm_shift_amount_reg[3] | CK ^         |              |       |   0.922 |    3.052 | 
     | o_imm_shift_amount_reg[3] | CK ^ -> Q v  | DFFHQX1LVT   | 0.166 |   1.088 |    3.218 | 
     | p1034A71062__5019         | A0N v -> Y v | OAI2BB1X1LVT | 0.069 |   1.157 |    3.287 | 
     | o_imm_shift_amount_reg[3] | D v          | DFFHQX1LVT   | 0.000 |   1.157 |    3.287 | 
     +--------------------------------------------------------------------------------------+ 
Path 6: VIOLATED Hold Check with Pin saved_current_instruction_reg[7]/CK 
Endpoint:   saved_current_instruction_reg[7]/D (v) checked with  leading edge 
of 'CLK'
Beginpoint: saved_current_instruction_reg[7]/Q (v) triggered by  leading edge 
of 'CLK'
Path Groups: {reg2reg}
Analysis View: best
Other End Arrival Time          2.856
+ Hold                          0.014
+ Phase Shift                   0.000
+ Uncertainty                   0.400
= Required Time                 3.270
  Arrival Time                  1.141
  Slack Time                   -2.129
     Clock Rise Edge                 0.000
     + Clock Network Latency (Prop)  0.918
     = Beginpoint Arrival Time       0.918
     +---------------------------------------------------------------------------------------------+ 
     |             Instance             |     Arc      |     Cell     | Delay | Arrival | Required | 
     |                                  |              |              |       |  Time   |   Time   | 
     |----------------------------------+--------------+--------------+-------+---------+----------| 
     | saved_current_instruction_reg[7] | CK ^         |              |       |   0.918 |    3.046 | 
     | saved_current_instruction_reg[7] | CK ^ -> Q v  | DFFQXLLVT    | 0.154 |   1.072 |    3.201 | 
     | p0472A__2250                     | A0N v -> Y v | OAI2BB1X1LVT | 0.069 |   1.141 |    3.270 | 
     | saved_current_instruction_reg[7] | D v          | DFFQXLLVT    | 0.000 |   1.141 |    3.270 | 
     +---------------------------------------------------------------------------------------------+ 
Path 7: VIOLATED Hold Check with Pin o_multiply_function_reg[0]/CK 
Endpoint:   o_multiply_function_reg[0]/D (v) checked with  leading edge of 'CLK'
Beginpoint: o_multiply_function_reg[0]/Q (v) triggered by  leading edge of 'CLK'
Path Groups: {reg2reg}
Analysis View: best
Other End Arrival Time          2.860
+ Hold                          0.027
+ Phase Shift                   0.000
+ Uncertainty                   0.400
= Required Time                 3.288
  Arrival Time                  1.160
  Slack Time                   -2.128
     Clock Rise Edge                 0.000
     + Clock Network Latency (Prop)  0.922
     = Beginpoint Arrival Time       0.922
     +---------------------------------------------------------------------------------------+ 
     |          Instance          |     Arc      |     Cell     | Delay | Arrival | Required | 
     |                            |              |              |       |  Time   |   Time   | 
     |----------------------------+--------------+--------------+-------+---------+----------| 
     | o_multiply_function_reg[0] | CK ^         |              |       |   0.922 |    3.050 | 
     | o_multiply_function_reg[0] | CK ^ -> Q v  | DFFHQX1LVT   | 0.169 |   1.091 |    3.219 | 
     | p0790A__9682               | A0N v -> Y v | OAI2BB1X1LVT | 0.068 |   1.160 |    3.288 | 
     | o_multiply_function_reg[0] | D v          | DFFHQX1LVT   | 0.000 |   1.160 |    3.288 | 
     +---------------------------------------------------------------------------------------+ 
Path 8: VIOLATED Hold Check with Pin o_barrel_shift_amount_sel_reg[1]/CK 
Endpoint:   o_barrel_shift_amount_sel_reg[1]/D (v) checked with  leading edge 
of 'CLK'
Beginpoint: o_barrel_shift_amount_sel_reg[1]/Q (v) triggered by  leading edge 
of 'CLK'
Path Groups: {reg2reg}
Analysis View: best
Other End Arrival Time          2.859
+ Hold                          0.025
+ Phase Shift                   0.000
+ Uncertainty                   0.400
= Required Time                 3.284
  Arrival Time                  1.157
  Slack Time                   -2.127
     Clock Rise Edge                 0.000
     + Clock Network Latency (Prop)  0.921
     = Beginpoint Arrival Time       0.921
     +---------------------------------------------------------------------------------------------+ 
     |             Instance             |     Arc      |     Cell     | Delay | Arrival | Required | 
     |                                  |              |              |       |  Time   |   Time   | 
     |----------------------------------+--------------+--------------+-------+---------+----------| 
     | o_barrel_shift_amount_sel_reg[1] | CK ^         |              |       |   0.921 |    3.048 | 
     | o_barrel_shift_amount_sel_reg[1] | CK ^ -> Q v  | DFFHQX1LVT   | 0.166 |   1.086 |    3.214 | 
     | p0616A__7118                     | A0N v -> Y v | OAI2BB1X1LVT | 0.070 |   1.157 |    3.284 | 
     | o_barrel_shift_amount_sel_reg[1] | D v          | DFFHQX1LVT   | 0.000 |   1.157 |    3.284 | 
     +---------------------------------------------------------------------------------------------+ 
Path 9: VIOLATED Hold Check with Pin o_rm_sel_reg[2]/CK 
Endpoint:   o_rm_sel_reg[2]/D (v) checked with  leading edge of 'CLK'
Beginpoint: o_rm_sel_reg[2]/Q (v) triggered by  leading edge of 'CLK'
Path Groups: {reg2reg}
Analysis View: best
Other End Arrival Time          2.857
+ Hold                          0.023
+ Phase Shift                   0.000
+ Uncertainty                   0.400
= Required Time                 3.280
  Arrival Time                  1.154
  Slack Time                   -2.127
     Clock Rise Edge                 0.000
     + Clock Network Latency (Prop)  0.919
     = Beginpoint Arrival Time       0.919
     +------------------------------------------------------------------------------+ 
     |     Instance      |     Arc      |     Cell     | Delay | Arrival | Required | 
     |                   |              |              |       |  Time   |   Time   | 
     |-------------------+--------------+--------------+-------+---------+----------| 
     | o_rm_sel_reg[2]   | CK ^         |              |       |   0.919 |    3.046 | 
     | o_rm_sel_reg[2]   | CK ^ -> Q v  | DFFHQX1LVT   | 0.164 |   1.083 |    3.209 | 
     | p0968A71048__7114 | A0N v -> Y v | OAI2BB1X1LVT | 0.071 |   1.154 |    3.280 | 
     | o_rm_sel_reg[2]   | D v          | DFFHQX1LVT   | 0.000 |   1.154 |    3.280 | 
     +------------------------------------------------------------------------------+ 
Path 10: VIOLATED Hold Check with Pin o_reg_bank_wen_reg[0]/CK 
Endpoint:   o_reg_bank_wen_reg[0]/D (v) checked with  leading edge of 'CLK'
Beginpoint: o_reg_bank_wen_reg[0]/Q (v) triggered by  leading edge of 'CLK'
Path Groups: {reg2reg}
Analysis View: best
Other End Arrival Time          2.860
+ Hold                          0.027
+ Phase Shift                   0.000
+ Uncertainty                   0.400
= Required Time                 3.287
  Arrival Time                  1.162
  Slack Time                   -2.126
     Clock Rise Edge                 0.000
     + Clock Network Latency (Prop)  0.922
     = Beginpoint Arrival Time       0.922
     +----------------------------------------------------------------------------------+ 
     |       Instance        |     Arc      |     Cell     | Delay | Arrival | Required | 
     |                       |              |              |       |  Time   |   Time   | 
     |-----------------------+--------------+--------------+-------+---------+----------| 
     | o_reg_bank_wen_reg[0] | CK ^         |              |       |   0.922 |    3.048 | 
     | o_reg_bank_wen_reg[0] | CK ^ -> Q v  | DFFHQX1LVT   | 0.170 |   1.092 |    3.217 | 
     | p0410A__5703          | A0N v -> Y v | OAI2BB1X1LVT | 0.070 |   1.162 |    3.287 | 
     | o_reg_bank_wen_reg[0] | D v          | DFFHQX1LVT   | 0.000 |   1.162 |    3.287 | 
     +----------------------------------------------------------------------------------+ 
Path 11: VIOLATED Hold Check with Pin restore_base_address_reg/CK 
Endpoint:   restore_base_address_reg/D (v) checked with  leading edge of 'CLK'
Beginpoint: restore_base_address_reg/Q (v) triggered by  leading edge of 'CLK'
Path Groups: {reg2reg}
Analysis View: best
Other End Arrival Time          2.861
+ Hold                          0.022
+ Phase Shift                   0.000
+ Uncertainty                   0.400
= Required Time                 3.282
  Arrival Time                  1.157
  Slack Time                   -2.125
     Clock Rise Edge                 0.000
     + Clock Network Latency (Prop)  0.922
     = Beginpoint Arrival Time       0.922
     +---------------------------------------------------------------------------------+ 
     |         Instance         |     Arc     |   Cell    | Delay | Arrival | Required | 
     |                          |             |           |       |  Time   |   Time   | 
     |--------------------------+-------------+-----------+-------+---------+----------| 
     | restore_base_address_reg | CK ^        |           |       |   0.922 |    3.048 | 
     | restore_base_address_reg | CK ^ -> Q v | DFFQXLLVT | 0.153 |   1.076 |    3.201 | 
     | g134532                  | A0 v -> Y v | AO21XLLVT | 0.081 |   1.157 |    3.282 | 
     | restore_base_address_reg | D v         | DFFQXLLVT | 0.000 |   1.157 |    3.282 | 
     +---------------------------------------------------------------------------------+ 
Path 12: VIOLATED Hold Check with Pin o_shift_imm_zero_reg/CK 
Endpoint:   o_shift_imm_zero_reg/D (v) checked with  leading edge of 'CLK'
Beginpoint: o_shift_imm_zero_reg/Q (v) triggered by  leading edge of 'CLK'
Path Groups: {reg2reg}
Analysis View: best
Other End Arrival Time          2.857
+ Hold                          0.024
+ Phase Shift                   0.000
+ Uncertainty                   0.400
= Required Time                 3.281
  Arrival Time                  1.156
  Slack Time                   -2.125
     Clock Rise Edge                 0.000
     + Clock Network Latency (Prop)  0.919
     = Beginpoint Arrival Time       0.919
     +---------------------------------------------------------------------------------+ 
     |       Instance       |     Arc      |     Cell     | Delay | Arrival | Required | 
     |                      |              |              |       |  Time   |   Time   | 
     |----------------------+--------------+--------------+-------+---------+----------| 
     | o_shift_imm_zero_reg | CK ^         |              |       |   0.919 |    3.044 | 
     | o_shift_imm_zero_reg | CK ^ -> Q v  | DFFHQX1LVT   | 0.166 |   1.085 |    3.210 | 
     | p0582A__2391         | A0N v -> Y v | OAI2BB1X1LVT | 0.071 |   1.156 |    3.281 | 
     | o_shift_imm_zero_reg | D v          | DFFHQX1LVT   | 0.000 |   1.156 |    3.281 | 
     +---------------------------------------------------------------------------------+ 
Path 13: VIOLATED Hold Check with Pin o_copro_crm_reg[1]/CK 
Endpoint:   o_copro_crm_reg[1]/D (v) checked with  leading edge of 'CLK'
Beginpoint: o_copro_crm_reg[1]/Q (v) triggered by  leading edge of 'CLK'
Path Groups: {reg2reg}
Analysis View: best
Other End Arrival Time          2.859
+ Hold                          0.024
+ Phase Shift                   0.000
+ Uncertainty                   0.400
= Required Time                 3.283
  Arrival Time                  1.159
  Slack Time                   -2.124
     Clock Rise Edge                 0.000
     + Clock Network Latency (Prop)  0.921
     = Beginpoint Arrival Time       0.921
     +-------------------------------------------------------------------------------+ 
     |      Instance      |     Arc      |     Cell     | Delay | Arrival | Required | 
     |                    |              |              |       |  Time   |   Time   | 
     |--------------------+--------------+--------------+-------+---------+----------| 
     | o_copro_crm_reg[1] | CK ^         |              |       |   0.921 |    3.045 | 
     | o_copro_crm_reg[1] | CK ^ -> Q v  | DFFHQX1LVT   | 0.166 |   1.087 |    3.211 | 
     | p0983A__1857       | A0N v -> Y v | OAI2BB1X1LVT | 0.072 |   1.159 |    3.283 | 
     | o_copro_crm_reg[1] | D v          | DFFHQX1LVT   | 0.000 |   1.159 |    3.283 | 
     +-------------------------------------------------------------------------------+ 
Path 14: VIOLATED Hold Check with Pin o_copro_opcode1_reg[1]/CK 
Endpoint:   o_copro_opcode1_reg[1]/D (v) checked with  leading edge of 'CLK'
Beginpoint: o_copro_opcode1_reg[1]/Q (v) triggered by  leading edge of 'CLK'
Path Groups: {reg2reg}
Analysis View: best
Other End Arrival Time          2.859
+ Hold                          0.025
+ Phase Shift                   0.000
+ Uncertainty                   0.400
= Required Time                 3.284
  Arrival Time                  1.162
  Slack Time                   -2.122
     Clock Rise Edge                 0.000
     + Clock Network Latency (Prop)  0.920
     = Beginpoint Arrival Time       0.920
     +-----------------------------------------------------------------------------------+ 
     |        Instance        |     Arc      |     Cell     | Delay | Arrival | Required | 
     |                        |              |              |       |  Time   |   Time   | 
     |------------------------+--------------+--------------+-------+---------+----------| 
     | o_copro_opcode1_reg[1] | CK ^         |              |       |   0.920 |    3.043 | 
     | o_copro_opcode1_reg[1] | CK ^ -> Q v  | DFFHQX1LVT   | 0.170 |   1.090 |    3.212 | 
     | p0994A__2250           | A0N v -> Y v | OAI2BB1X1LVT | 0.071 |   1.162 |    3.284 | 
     | o_copro_opcode1_reg[1] | D v          | DFFHQX1LVT   | 0.000 |   1.162 |    3.284 | 
     +-----------------------------------------------------------------------------------+ 
Path 15: VIOLATED Hold Check with Pin o_copro_crm_reg[2]/CK 
Endpoint:   o_copro_crm_reg[2]/D (v) checked with  leading edge of 'CLK'
Beginpoint: o_copro_crm_reg[2]/Q (v) triggered by  leading edge of 'CLK'
Path Groups: {reg2reg}
Analysis View: best
Other End Arrival Time          2.859
+ Hold                          0.026
+ Phase Shift                   0.000
+ Uncertainty                   0.400
= Required Time                 3.285
  Arrival Time                  1.164
  Slack Time                   -2.121
     Clock Rise Edge                 0.000
     + Clock Network Latency (Prop)  0.921
     = Beginpoint Arrival Time       0.921
     +-------------------------------------------------------------------------------+ 
     |      Instance      |     Arc      |     Cell     | Delay | Arrival | Required | 
     |                    |              |              |       |  Time   |   Time   | 
     |--------------------+--------------+--------------+-------+---------+----------| 
     | o_copro_crm_reg[2] | CK ^         |              |       |   0.921 |    3.042 | 
     | o_copro_crm_reg[2] | CK ^ -> Q v  | DFFHQX1LVT   | 0.171 |   1.092 |    3.213 | 
     | p0968A71042__1474  | A0N v -> Y v | OAI2BB1X1LVT | 0.072 |   1.164 |    3.285 | 
     | o_copro_crm_reg[2] | D v          | DFFHQX1LVT   | 0.000 |   1.164 |    3.285 | 
     +-------------------------------------------------------------------------------+ 
Path 16: VIOLATED Hold Check with Pin o_rm_sel_reg[3]/CK 
Endpoint:   o_rm_sel_reg[3]/D (v) checked with  leading edge of 'CLK'
Beginpoint: o_rm_sel_reg[3]/Q (v) triggered by  leading edge of 'CLK'
Path Groups: {reg2reg}
Analysis View: best
Other End Arrival Time          2.859
+ Hold                          0.025
+ Phase Shift                   0.000
+ Uncertainty                   0.400
= Required Time                 3.284
  Arrival Time                  1.164
  Slack Time                   -2.120
     Clock Rise Edge                 0.000
     + Clock Network Latency (Prop)  0.921
     = Beginpoint Arrival Time       0.921
     +------------------------------------------------------------------------------+ 
     |     Instance      |     Arc      |     Cell     | Delay | Arrival | Required | 
     |                   |              |              |       |  Time   |   Time   | 
     |-------------------+--------------+--------------+-------+---------+----------| 
     | o_rm_sel_reg[3]   | CK ^         |              |       |   0.921 |    3.040 | 
     | o_rm_sel_reg[3]   | CK ^ -> Q v  | DFFHQX1LVT   | 0.171 |   1.092 |    3.211 | 
     | p0968A71041__2391 | A0N v -> Y v | OAI2BB1X1LVT | 0.072 |   1.164 |    3.284 | 
     | o_rm_sel_reg[3]   | D v          | DFFHQX1LVT   | 0.000 |   1.164 |    3.284 | 
     +------------------------------------------------------------------------------+ 
Path 17: VIOLATED Hold Check with Pin o_copro_crm_reg[0]/CK 
Endpoint:   o_copro_crm_reg[0]/D (v) checked with  leading edge of 'CLK'
Beginpoint: o_copro_crm_reg[0]/Q (v) triggered by  leading edge of 'CLK'
Path Groups: {reg2reg}
Analysis View: best
Other End Arrival Time          2.859
+ Hold                          0.031
+ Phase Shift                   0.000
+ Uncertainty                   0.400
= Required Time                 3.290
  Arrival Time                  1.172
  Slack Time                   -2.118
     Clock Rise Edge                 0.000
     + Clock Network Latency (Prop)  0.921
     = Beginpoint Arrival Time       0.921
     +----------------------------------------------------------------------------+ 
     |      Instance      |     Arc     |    Cell    | Delay | Arrival | Required | 
     |                    |             |            |       |  Time   |   Time   | 
     |--------------------+-------------+------------+-------+---------+----------| 
     | o_copro_crm_reg[0] | CK ^        |            |       |   0.921 |    3.039 | 
     | o_copro_crm_reg[0] | CK ^ -> Q v | DFFHQX1LVT | 0.167 |   1.088 |    3.206 | 
     | p0970A__1840       | A0 v -> Y v | AO21XLLVT  | 0.084 |   1.172 |    3.290 | 
     | o_copro_crm_reg[0] | D v         | DFFHQX1LVT | 0.000 |   1.172 |    3.290 | 
     +----------------------------------------------------------------------------+ 
Path 18: VIOLATED Hold Check with Pin mtrans_reg_d1_reg[3]/CK 
Endpoint:   mtrans_reg_d1_reg[3]/D (v) checked with  leading edge of 'CLK'
Beginpoint: mtrans_reg_d1_reg[3]/Q (v) triggered by  leading edge of 'CLK'
Path Groups: {reg2reg}
Analysis View: best
Other End Arrival Time          2.861
+ Hold                          0.015
+ Phase Shift                   0.000
+ Uncertainty                   0.400
= Required Time                 3.276
  Arrival Time                  1.160
  Slack Time                   -2.116
     Clock Rise Edge                 0.000
     + Clock Network Latency (Prop)  0.922
     = Beginpoint Arrival Time       0.922
     +------------------------------------------------------------------------------+ 
     |       Instance       |     Arc     |    Cell    | Delay | Arrival | Required | 
     |                      |             |            |       |  Time   |   Time   | 
     |----------------------+-------------+------------+-------+---------+----------| 
     | mtrans_reg_d1_reg[3] | CK ^        |            |       |   0.922 |    3.039 | 
     | mtrans_reg_d1_reg[3] | CK ^ -> Q v | DFFQXLLVT  | 0.150 |   1.073 |    3.189 | 
     | p1424A               | A v -> Y ^  | NAND2XLLVT | 0.031 |   1.104 |    3.220 | 
     | p0875A__2900         | B0 ^ -> Y v | OAI21XLLVT | 0.056 |   1.160 |    3.276 | 
     | mtrans_reg_d1_reg[3] | D v         | DFFQXLLVT  | 0.000 |   1.160 |    3.276 | 
     +------------------------------------------------------------------------------+ 
Path 19: VIOLATED Hold Check with Pin o_imm_shift_amount_reg[4]/CK 
Endpoint:   o_imm_shift_amount_reg[4]/D (v) checked with  leading edge of 'CLK'
Beginpoint: o_imm_shift_amount_reg[4]/Q (v) triggered by  leading edge of 'CLK'
Path Groups: {reg2reg}
Analysis View: best
Other End Arrival Time          2.861
+ Hold                          0.029
+ Phase Shift                   0.000
+ Uncertainty                   0.400
= Required Time                 3.290
  Arrival Time                  1.175
  Slack Time                   -2.114
     Clock Rise Edge                 0.000
     + Clock Network Latency (Prop)  0.922
     = Beginpoint Arrival Time       0.922
     +-----------------------------------------------------------------------------------+ 
     |         Instance          |     Arc     |    Cell    | Delay | Arrival | Required | 
     |                           |             |            |       |  Time   |   Time   | 
     |---------------------------+-------------+------------+-------+---------+----------| 
     | o_imm_shift_amount_reg[4] | CK ^        |            |       |   0.922 |    3.036 | 
     | o_imm_shift_amount_reg[4] | CK ^ -> Q v | DFFHQX1LVT | 0.166 |   1.088 |    3.202 | 
     | p0998A71068__7675         | A0 v -> Y v | AO21XLLVT  | 0.087 |   1.175 |    3.290 | 
     | o_imm_shift_amount_reg[4] | D v         | DFFHQX1LVT | 0.000 |   1.175 |    3.290 | 
     +-----------------------------------------------------------------------------------+ 
Path 20: VIOLATED Hold Check with Pin o_copro_write_data_wen_reg/CK 
Endpoint:   o_copro_write_data_wen_reg/D (v) checked with  leading edge of 'CLK'
Beginpoint: o_copro_write_data_wen_reg/Q (v) triggered by  leading edge of 'CLK'
Path Groups: {reg2reg}
Analysis View: best
Other End Arrival Time          2.859
+ Hold                          0.028
+ Phase Shift                   0.000
+ Uncertainty                   0.400
= Required Time                 3.286
  Arrival Time                  1.175
  Slack Time                   -2.112
     Clock Rise Edge                 0.000
     + Clock Network Latency (Prop)  0.920
     = Beginpoint Arrival Time       0.920
     +---------------------------------------------------------------------------------------+ 
     |          Instance          |     Arc      |     Cell     | Delay | Arrival | Required | 
     |                            |              |              |       |  Time   |   Time   | 
     |----------------------------+--------------+--------------+-------+---------+----------| 
     | o_copro_write_data_wen_reg | CK ^         |              |       |   0.920 |    3.032 | 
     | o_copro_write_data_wen_reg | CK ^ -> Q v  | DFFHQX1LVT   | 0.181 |   1.101 |    3.213 | 
     | p0690A__8757               | A0N v -> Y v | OAI2BB1X1LVT | 0.074 |   1.175 |    3.286 | 
     | o_copro_write_data_wen_reg | D v          | DFFHQX1LVT   | 0.000 |   1.175 |    3.286 | 
     +---------------------------------------------------------------------------------------+ 
Path 21: VIOLATED Hold Check with Pin o_copro_opcode2_reg[2]/CK 
Endpoint:   o_copro_opcode2_reg[2]/D (v) checked with  leading edge of 'CLK'
Beginpoint: o_copro_opcode2_reg[2]/Q (v) triggered by  leading edge of 'CLK'
Path Groups: {reg2reg}
Analysis View: best
Other End Arrival Time          2.859
+ Hold                          0.025
+ Phase Shift                   0.000
+ Uncertainty                   0.400
= Required Time                 3.283
  Arrival Time                  1.172
  Slack Time                   -2.112
     Clock Rise Edge                 0.000
     + Clock Network Latency (Prop)  0.920
     = Beginpoint Arrival Time       0.920
     +-----------------------------------------------------------------------------------+ 
     |        Instance        |     Arc      |     Cell     | Delay | Arrival | Required | 
     |                        |              |              |       |  Time   |   Time   | 
     |------------------------+--------------+--------------+-------+---------+----------| 
     | o_copro_opcode2_reg[2] | CK ^         |              |       |   0.920 |    3.032 | 
     | o_copro_opcode2_reg[2] | CK ^ -> Q v  | DFFHQX1LVT   | 0.175 |   1.095 |    3.207 | 
     | p1000A__3772           | A0N v -> Y v | OAI2BB1X1LVT | 0.076 |   1.172 |    3.283 | 
     | o_copro_opcode2_reg[2] | D v          | DFFHQX1LVT   | 0.000 |   1.172 |    3.283 | 
     +-----------------------------------------------------------------------------------+ 
Path 22: VIOLATED Hold Check with Pin o_copro_num_reg[0]/CK 
Endpoint:   o_copro_num_reg[0]/D (v) checked with  leading edge of 'CLK'
Beginpoint: o_copro_num_reg[0]/Q (v) triggered by  leading edge of 'CLK'
Path Groups: {reg2reg}
Analysis View: best
Other End Arrival Time          2.860
+ Hold                          0.027
+ Phase Shift                   0.000
+ Uncertainty                   0.400
= Required Time                 3.287
  Arrival Time                  1.176
  Slack Time                   -2.111
     Clock Rise Edge                 0.000
     + Clock Network Latency (Prop)  0.922
     = Beginpoint Arrival Time       0.922
     +-------------------------------------------------------------------------------+ 
     |      Instance      |     Arc      |     Cell     | Delay | Arrival | Required | 
     |                    |              |              |       |  Time   |   Time   | 
     |--------------------+--------------+--------------+-------+---------+----------| 
     | o_copro_num_reg[0] | CK ^         |              |       |   0.922 |    3.033 | 
     | o_copro_num_reg[0] | CK ^ -> Q v  | DFFHQX1LVT   | 0.179 |   1.101 |    3.212 | 
     | p0977A             | A0N v -> Y v | OAI2BB1X1LVT | 0.075 |   1.176 |    3.287 | 
     | o_copro_num_reg[0] | D v          | DFFHQX1LVT   | 0.000 |   1.176 |    3.287 | 
     +-------------------------------------------------------------------------------+ 
Path 23: VIOLATED Hold Check with Pin o_alu_function_reg[2]/CK 
Endpoint:   o_alu_function_reg[2]/D (v) checked with  leading edge of 'CLK'
Beginpoint: o_alu_function_reg[2]/Q (v) triggered by  leading edge of 'CLK'
Path Groups: {reg2reg}
Analysis View: best
Other End Arrival Time          2.859
+ Hold                          0.021
+ Phase Shift                   0.000
+ Uncertainty                   0.400
= Required Time                 3.280
  Arrival Time                  1.172
  Slack Time                   -2.108
     Clock Rise Edge                 0.000
     + Clock Network Latency (Prop)  0.921
     = Beginpoint Arrival Time       0.921
     +----------------------------------------------------------------------------------+ 
     |       Instance        |     Arc      |     Cell     | Delay | Arrival | Required | 
     |                       |              |              |       |  Time   |   Time   | 
     |-----------------------+--------------+--------------+-------+---------+----------| 
     | o_alu_function_reg[2] | CK ^         |              |       |   0.921 |    3.029 | 
     | o_alu_function_reg[2] | CK ^ -> Q v  | DFFHQX1LVT   | 0.170 |   1.091 |    3.199 | 
     | p0554A70300__5703     | A0N v -> Y v | OAI2BB1X1LVT | 0.081 |   1.172 |    3.280 | 
     | o_alu_function_reg[2] | D v          | DFFHQX1LVT   | 0.000 |   1.172 |    3.280 | 
     +----------------------------------------------------------------------------------+ 
Path 24: VIOLATED Hold Check with Pin saved_current_instruction_reg[4]/CK 
Endpoint:   saved_current_instruction_reg[4]/D (v) checked with  leading edge 
of 'CLK'
Beginpoint: saved_current_instruction_reg[4]/Q (v) triggered by  leading edge 
of 'CLK'
Path Groups: {reg2reg}
Analysis View: best
Other End Arrival Time          2.856
+ Hold                          0.020
+ Phase Shift                   0.000
+ Uncertainty                   0.400
= Required Time                 3.276
  Arrival Time                  1.169
  Slack Time                   -2.107
     Clock Rise Edge                 0.000
     + Clock Network Latency (Prop)  0.918
     = Beginpoint Arrival Time       0.918
     +-----------------------------------------------------------------------------------------+ 
     |             Instance             |     Arc     |   Cell    | Delay | Arrival | Required | 
     |                                  |             |           |       |  Time   |   Time   | 
     |----------------------------------+-------------+-----------+-------+---------+----------| 
     | saved_current_instruction_reg[4] | CK ^        |           |       |   0.918 |    3.025 | 
     | saved_current_instruction_reg[4] | CK ^ -> Q v | DFFQXLLVT | 0.160 |   1.078 |    3.185 | 
     | p0500A70204__2250                | B0 v -> Y v | AO22XLLVT | 0.091 |   1.169 |    3.276 | 
     | saved_current_instruction_reg[4] | D v         | DFFQXLLVT | 0.000 |   1.169 |    3.276 | 
     +-----------------------------------------------------------------------------------------+ 
Path 25: VIOLATED Hold Check with Pin o_status_bits_mode_wen_reg/CK 
Endpoint:   o_status_bits_mode_wen_reg/D (v) checked with  leading edge of 'CLK'
Beginpoint: o_status_bits_mode_wen_reg/Q (v) triggered by  leading edge of 'CLK'
Path Groups: {reg2reg}
Analysis View: best
Other End Arrival Time          2.857
+ Hold                          0.022
+ Phase Shift                   0.000
+ Uncertainty                   0.400
= Required Time                 3.279
  Arrival Time                  1.173
  Slack Time                   -2.105
     Clock Rise Edge                 0.000
     + Clock Network Latency (Prop)  0.919
     = Beginpoint Arrival Time       0.919
     +---------------------------------------------------------------------------------------+ 
     |          Instance          |     Arc      |     Cell     | Delay | Arrival | Required | 
     |                            |              |              |       |  Time   |   Time   | 
     |----------------------------+--------------+--------------+-------+---------+----------| 
     | o_status_bits_mode_wen_reg | CK ^         |              |       |   0.919 |    3.024 | 
     | o_status_bits_mode_wen_reg | CK ^ -> Q v  | DFFHQX1LVT   | 0.175 |   1.093 |    3.199 | 
     | p0695A70460__7344          | A0N v -> Y v | OAI2BB1X1LVT | 0.080 |   1.173 |    3.279 | 
     | o_status_bits_mode_wen_reg | D v          | DFFHQX1LVT   | 0.000 |   1.173 |    3.279 | 
     +---------------------------------------------------------------------------------------+ 
Path 26: VIOLATED Hold Check with Pin o_status_bits_sel_reg[1]/CK 
Endpoint:   o_status_bits_sel_reg[1]/D (v) checked with  leading edge of 'CLK'
Beginpoint: o_status_bits_sel_reg[1]/Q (v) triggered by  leading edge of 'CLK'
Path Groups: {reg2reg}
Analysis View: best
Other End Arrival Time          2.857
+ Hold                          0.029
+ Phase Shift                   0.000
+ Uncertainty                   0.400
= Required Time                 3.286
  Arrival Time                  1.184
  Slack Time                   -2.102
     Clock Rise Edge                 0.000
     + Clock Network Latency (Prop)  0.919
     = Beginpoint Arrival Time       0.919
     +----------------------------------------------------------------------------------+ 
     |         Instance         |     Arc     |    Cell    | Delay | Arrival | Required | 
     |                          |             |            |       |  Time   |   Time   | 
     |--------------------------+-------------+------------+-------+---------+----------| 
     | o_status_bits_sel_reg[1] | CK ^        |            |       |   0.919 |    3.021 | 
     | o_status_bits_sel_reg[1] | CK ^ -> Q v | DFFHQX1LVT | 0.174 |   1.093 |    3.195 | 
     | g134582                  | A0 v -> Y v | AO21XLLVT  | 0.091 |   1.184 |    3.286 | 
     | o_status_bits_sel_reg[1] | D v         | DFFHQX1LVT | 0.000 |   1.184 |    3.286 | 
     +----------------------------------------------------------------------------------+ 
Path 27: VIOLATED Hold Check with Pin o_rm_sel_reg[0]/CK 
Endpoint:   o_rm_sel_reg[0]/D (v) checked with  leading edge of 'CLK'
Beginpoint: o_rm_sel_reg[0]/Q (v) triggered by  leading edge of 'CLK'
Path Groups: {reg2reg}
Analysis View: best
Other End Arrival Time          2.857
+ Hold                          0.029
+ Phase Shift                   0.000
+ Uncertainty                   0.400
= Required Time                 3.286
  Arrival Time                  1.186
  Slack Time                   -2.100
     Clock Rise Edge                 0.000
     + Clock Network Latency (Prop)  0.919
     = Beginpoint Arrival Time       0.919
     +---------------------------------------------------------------------------+ 
     |     Instance      |     Arc     |    Cell    | Delay | Arrival | Required | 
     |                   |             |            |       |  Time   |   Time   | 
     |-------------------+-------------+------------+-------+---------+----------| 
     | o_rm_sel_reg[0]   | CK ^        |            |       |   0.919 |    3.019 | 
     | o_rm_sel_reg[0]   | CK ^ -> Q v | DFFHQX1LVT | 0.175 |   1.094 |    3.195 | 
     | p0970A71055__9906 | A0 v -> Y v | AO21XLLVT  | 0.092 |   1.186 |    3.286 | 
     | o_rm_sel_reg[0]   | D v         | DFFHQX1LVT | 0.000 |   1.186 |    3.286 | 
     +---------------------------------------------------------------------------+ 
Path 28: VIOLATED Hold Check with Pin o_copro_opcode2_reg[0]/CK 
Endpoint:   o_copro_opcode2_reg[0]/D (v) checked with  leading edge of 'CLK'
Beginpoint: o_copro_opcode2_reg[0]/Q (v) triggered by  leading edge of 'CLK'
Path Groups: {reg2reg}
Analysis View: best
Other End Arrival Time          2.859
+ Hold                          0.023
+ Phase Shift                   0.000
+ Uncertainty                   0.400
= Required Time                 3.282
  Arrival Time                  1.182
  Slack Time                   -2.100
     Clock Rise Edge                 0.000
     + Clock Network Latency (Prop)  0.920
     = Beginpoint Arrival Time       0.920
     +-----------------------------------------------------------------------------------+ 
     |        Instance        |     Arc      |     Cell     | Delay | Arrival | Required | 
     |                        |              |              |       |  Time   |   Time   | 
     |------------------------+--------------+--------------+-------+---------+----------| 
     | o_copro_opcode2_reg[0] | CK ^         |              |       |   0.920 |    3.020 | 
     | o_copro_opcode2_reg[0] | CK ^ -> Q v  | DFFHQX1LVT   | 0.179 |   1.100 |    3.200 | 
     | p0998A__6083           | A0N v -> Y v | OAI2BB1X1LVT | 0.082 |   1.182 |    3.282 | 
     | o_copro_opcode2_reg[0] | D v          | DFFHQX1LVT   | 0.000 |   1.182 |    3.282 | 
     +-----------------------------------------------------------------------------------+ 
Path 29: VIOLATED Hold Check with Pin o_base_address_wen_reg/CK 
Endpoint:   o_base_address_wen_reg/D (v) checked with  leading edge of 'CLK'
Beginpoint: o_base_address_wen_reg/Q (v) triggered by  leading edge of 'CLK'
Path Groups: {reg2reg}
Analysis View: best
Other End Arrival Time          2.859
+ Hold                          0.024
+ Phase Shift                   0.000
+ Uncertainty                   0.400
= Required Time                 3.283
  Arrival Time                  1.185
  Slack Time                   -2.098
     Clock Rise Edge                 0.000
     + Clock Network Latency (Prop)  0.920
     = Beginpoint Arrival Time       0.920
     +-----------------------------------------------------------------------------------+ 
     |        Instance        |     Arc      |     Cell     | Delay | Arrival | Required | 
     |                        |              |              |       |  Time   |   Time   | 
     |------------------------+--------------+--------------+-------+---------+----------| 
     | o_base_address_wen_reg | CK ^         |              |       |   0.920 |    3.018 | 
     | o_base_address_wen_reg | CK ^ -> Q v  | DFFHQX1LVT   | 0.183 |   1.103 |    3.202 | 
     | p0846A__5266           | A0N v -> Y v | OAI2BB1X1LVT | 0.082 |   1.185 |    3.283 | 
     | o_base_address_wen_reg | D v          | DFFHQX1LVT   | 0.000 |   1.185 |    3.283 | 
     +-----------------------------------------------------------------------------------+ 
Path 30: VIOLATED Hold Check with Pin o_copro_num_reg[1]/CK 
Endpoint:   o_copro_num_reg[1]/D (v) checked with  leading edge of 'CLK'
Beginpoint: o_copro_num_reg[1]/Q (v) triggered by  leading edge of 'CLK'
Path Groups: {reg2reg}
Analysis View: best
Other End Arrival Time          2.859
+ Hold                          0.025
+ Phase Shift                   0.000
+ Uncertainty                   0.400
= Required Time                 3.284
  Arrival Time                  1.189
  Slack Time                   -2.095
     Clock Rise Edge                 0.000
     + Clock Network Latency (Prop)  0.920
     = Beginpoint Arrival Time       0.920
     +-------------------------------------------------------------------------------+ 
     |      Instance      |     Arc      |     Cell     | Delay | Arrival | Required | 
     |                    |              |              |       |  Time   |   Time   | 
     |--------------------+--------------+--------------+-------+---------+----------| 
     | o_copro_num_reg[1] | CK ^         |              |       |   0.920 |    3.015 | 
     | o_copro_num_reg[1] | CK ^ -> Q v  | DFFHQX1LVT   | 0.187 |   1.107 |    3.202 | 
     | p0996A__4547       | A0N v -> Y v | OAI2BB1X1LVT | 0.082 |   1.189 |    3.284 | 
     | o_copro_num_reg[1] | D v          | DFFHQX1LVT   | 0.000 |   1.189 |    3.284 | 
     +-------------------------------------------------------------------------------+ 
Path 31: VIOLATED Hold Check with Pin o_copro_operation_reg[1]/CK 
Endpoint:   o_copro_operation_reg[1]/D (v) checked with  leading edge of 'CLK'
Beginpoint: o_copro_operation_reg[1]/Q (v) triggered by  leading edge of 'CLK'
Path Groups: {reg2reg}
Analysis View: best
Other End Arrival Time          2.857
+ Hold                          0.030
+ Phase Shift                   0.000
+ Uncertainty                   0.400
= Required Time                 3.287
  Arrival Time                  1.192
  Slack Time                   -2.095
     Clock Rise Edge                 0.000
     + Clock Network Latency (Prop)  0.919
     = Beginpoint Arrival Time       0.919
     +----------------------------------------------------------------------------------+ 
     |         Instance         |     Arc     |    Cell    | Delay | Arrival | Required | 
     |                          |             |            |       |  Time   |   Time   | 
     |--------------------------+-------------+------------+-------+---------+----------| 
     | o_copro_operation_reg[1] | CK ^        |            |       |   0.919 |    3.014 | 
     | o_copro_operation_reg[1] | CK ^ -> Q v | DFFHQX1LVT | 0.180 |   1.099 |    3.194 | 
     | g134590                  | A0 v -> Y v | AO21XLLVT  | 0.094 |   1.192 |    3.287 | 
     | o_copro_operation_reg[1] | D v         | DFFHQX1LVT | 0.000 |   1.192 |    3.287 | 
     +----------------------------------------------------------------------------------+ 
Path 32: VIOLATED Hold Check with Pin o_copro_num_reg[2]/CK 
Endpoint:   o_copro_num_reg[2]/D (v) checked with  leading edge of 'CLK'
Beginpoint: o_copro_num_reg[2]/Q (v) triggered by  leading edge of 'CLK'
Path Groups: {reg2reg}
Analysis View: best
Other End Arrival Time          2.861
+ Hold                          0.026
+ Phase Shift                   0.000
+ Uncertainty                   0.400
= Required Time                 3.286
  Arrival Time                  1.192
  Slack Time                   -2.094
     Clock Rise Edge                 0.000
     + Clock Network Latency (Prop)  0.922
     = Beginpoint Arrival Time       0.922
     +-------------------------------------------------------------------------------+ 
     |      Instance      |     Arc      |     Cell     | Delay | Arrival | Required | 
     |                    |              |              |       |  Time   |   Time   | 
     |--------------------+--------------+--------------+-------+---------+----------| 
     | o_copro_num_reg[2] | CK ^         |              |       |   0.922 |    3.017 | 
     | o_copro_num_reg[2] | CK ^ -> Q v  | DFFHQX1LVT   | 0.187 |   1.109 |    3.204 | 
     | p1034A__1857       | A0N v -> Y v | OAI2BB1X1LVT | 0.083 |   1.192 |    3.286 | 
     | o_copro_num_reg[2] | D v          | DFFHQX1LVT   | 0.000 |   1.192 |    3.286 | 
     +-------------------------------------------------------------------------------+ 
Path 33: VIOLATED Hold Check with Pin o_firq_not_user_mode_reg/CK 
Endpoint:   o_firq_not_user_mode_reg/D (v) checked with  leading edge of 'CLK'
Beginpoint: o_firq_not_user_mode_reg/Q (v) triggered by  leading edge of 'CLK'
Path Groups: {reg2reg}
Analysis View: best
Other End Arrival Time          2.859
+ Hold                          0.027
+ Phase Shift                   0.000
+ Uncertainty                   0.400
= Required Time                 3.286
  Arrival Time                  1.191
  Slack Time                   -2.094
     Clock Rise Edge                 0.000
     + Clock Network Latency (Prop)  0.920
     = Beginpoint Arrival Time       0.920
     +-------------------------------------------------------------------------------------+ 
     |         Instance         |     Arc      |     Cell     | Delay | Arrival | Required | 
     |                          |              |              |       |  Time   |   Time   | 
     |--------------------------+--------------+--------------+-------+---------+----------| 
     | o_firq_not_user_mode_reg | CK ^         |              |       |   0.920 |    3.014 | 
     | o_firq_not_user_mode_reg | CK ^ -> Q v  | DFFHQX1LVT   | 0.190 |   1.110 |    3.205 | 
     | p0559A__1840             | A0N v -> Y v | OAI2BB1X1LVT | 0.081 |   1.191 |    3.286 | 
     | o_firq_not_user_mode_reg | D v          | DFFHQX1LVT   | 0.000 |   1.191 |    3.286 | 
     +-------------------------------------------------------------------------------------+ 
Path 34: VIOLATED Hold Check with Pin o_copro_num_reg[3]/CK 
Endpoint:   o_copro_num_reg[3]/D (v) checked with  leading edge of 'CLK'
Beginpoint: o_copro_num_reg[3]/Q (v) triggered by  leading edge of 'CLK'
Path Groups: {reg2reg}
Analysis View: best
Other End Arrival Time          2.860
+ Hold                          0.030
+ Phase Shift                   0.000
+ Uncertainty                   0.400
= Required Time                 3.291
  Arrival Time                  1.197
  Slack Time                   -2.094
     Clock Rise Edge                 0.000
     + Clock Network Latency (Prop)  0.922
     = Beginpoint Arrival Time       0.922
     +----------------------------------------------------------------------------+ 
     |      Instance      |     Arc     |    Cell    | Delay | Arrival | Required | 
     |                    |             |            |       |  Time   |   Time   | 
     |--------------------+-------------+------------+-------+---------+----------| 
     | o_copro_num_reg[3] | CK ^        |            |       |   0.922 |    3.016 | 
     | o_copro_num_reg[3] | CK ^ -> Q v | DFFHQX1LVT | 0.180 |   1.102 |    3.196 | 
     | p0998A71069__2391  | A0 v -> Y v | AO21XLLVT  | 0.094 |   1.197 |    3.291 | 
     | o_copro_num_reg[3] | D v         | DFFHQX1LVT | 0.000 |   1.197 |    3.291 | 
     +----------------------------------------------------------------------------+ 
Path 35: VIOLATED Hold Check with Pin o_exclusive_exec_reg/CK 
Endpoint:   o_exclusive_exec_reg/D (v) checked with  leading edge of 'CLK'
Beginpoint: o_exclusive_exec_reg/Q (v) triggered by  leading edge of 'CLK'
Path Groups: {reg2reg}
Analysis View: best
Other End Arrival Time          2.859
+ Hold                          0.027
+ Phase Shift                   0.000
+ Uncertainty                   0.400
= Required Time                 3.286
  Arrival Time                  1.192
  Slack Time                   -2.094
     Clock Rise Edge                 0.000
     + Clock Network Latency (Prop)  0.920
     = Beginpoint Arrival Time       0.920
     +---------------------------------------------------------------------------------+ 
     |       Instance       |     Arc      |     Cell     | Delay | Arrival | Required | 
     |                      |              |              |       |  Time   |   Time   | 
     |----------------------+--------------+--------------+-------+---------+----------| 
     | o_exclusive_exec_reg | CK ^         |              |       |   0.920 |    3.014 | 
     | o_exclusive_exec_reg | CK ^ -> Q v  | DFFHQX1LVT   | 0.191 |   1.111 |    3.205 | 
     | p0820A__7344         | A0N v -> Y v | OAI2BB1X1LVT | 0.081 |   1.192 |    3.286 | 
     | o_exclusive_exec_reg | D v          | DFFHQX1LVT   | 0.000 |   1.192 |    3.286 | 
     +---------------------------------------------------------------------------------+ 
Path 36: VIOLATED Hold Check with Pin saved_current_instruction_reg[12]/CK 
Endpoint:   saved_current_instruction_reg[12]/D (v) checked with  leading edge 
of 'CLK'
Beginpoint: saved_current_instruction_reg[12]/Q (v) triggered by  leading edge 
of 'CLK'
Path Groups: {reg2reg}
Analysis View: best
Other End Arrival Time          2.856
+ Hold                          0.007
+ Phase Shift                   0.000
+ Uncertainty                   0.400
= Required Time                 3.263
  Arrival Time                  1.169
  Slack Time                   -2.094
     Clock Rise Edge                 0.000
     + Clock Network Latency (Prop)  0.918
     = Beginpoint Arrival Time       0.918
     +-------------------------------------------------------------------------------------------+ 
     |             Instance              |     Arc     |    Cell    | Delay | Arrival | Required | 
     |                                   |             |            |       |  Time   |   Time   | 
     |-----------------------------------+-------------+------------+-------+---------+----------| 
     | saved_current_instruction_reg[12] | CK ^        |            |       |   0.918 |    3.012 | 
     | saved_current_instruction_reg[12] | CK ^ -> Q v | DFFQXLLVT  | 0.152 |   1.070 |    3.164 | 
     | p0566A70364__1857                 | A v -> Y ^  | NAND2XLLVT | 0.034 |   1.104 |    3.197 | 
     | p0480A__1309                      | B0 ^ -> Y v | OAI21XLLVT | 0.066 |   1.169 |    3.263 | 
     | saved_current_instruction_reg[12] | D v         | DFFQXLLVT  | 0.000 |   1.169 |    3.263 | 
     +-------------------------------------------------------------------------------------------+ 
Path 37: VIOLATED Hold Check with Pin saved_current_instruction_reg[14]/CK 
Endpoint:   saved_current_instruction_reg[14]/D (v) checked with  leading edge 
of 'CLK'
Beginpoint: saved_current_instruction_reg[14]/Q (v) triggered by  leading edge 
of 'CLK'
Path Groups: {reg2reg}
Analysis View: best
Other End Arrival Time          2.856
+ Hold                          0.016
+ Phase Shift                   0.000
+ Uncertainty                   0.400
= Required Time                 3.272
  Arrival Time                  1.179
  Slack Time                   -2.093
     Clock Rise Edge                 0.000
     + Clock Network Latency (Prop)  0.918
     = Beginpoint Arrival Time       0.918
     +----------------------------------------------------------------------------------------------+ 
     |             Instance              |     Arc      |     Cell     | Delay | Arrival | Required | 
     |                                   |              |              |       |  Time   |   Time   | 
     |-----------------------------------+--------------+--------------+-------+---------+----------| 
     | saved_current_instruction_reg[14] | CK ^         |              |       |   0.918 |    3.012 | 
     | saved_current_instruction_reg[14] | CK ^ -> Q v  | DFFQXLLVT    | 0.180 |   1.098 |    3.192 | 
     | p0511A70186__4296                 | A0N v -> Y v | OAI2BB1X1LVT | 0.081 |   1.179 |    3.272 | 
     | saved_current_instruction_reg[14] | D v          | DFFQXLLVT    | 0.000 |   1.179 |    3.272 | 
     +----------------------------------------------------------------------------------------------+ 
Path 38: VIOLATED Hold Check with Pin o_reg_bank_wen_reg[9]/CK 
Endpoint:   o_reg_bank_wen_reg[9]/D (v) checked with  leading edge of 'CLK'
Beginpoint: o_reg_bank_wen_reg[9]/Q (v) triggered by  leading edge of 'CLK'
Path Groups: {reg2reg}
Analysis View: best
Other End Arrival Time          2.860
+ Hold                          0.027
+ Phase Shift                   0.000
+ Uncertainty                   0.400
= Required Time                 3.287
  Arrival Time                  1.194
  Slack Time                   -2.093
     Clock Rise Edge                 0.000
     + Clock Network Latency (Prop)  0.922
     = Beginpoint Arrival Time       0.922
     +----------------------------------------------------------------------------------+ 
     |       Instance        |     Arc      |     Cell     | Delay | Arrival | Required | 
     |                       |              |              |       |  Time   |   Time   | 
     |-----------------------+--------------+--------------+-------+---------+----------| 
     | o_reg_bank_wen_reg[9] | CK ^         |              |       |   0.922 |    3.015 | 
     | o_reg_bank_wen_reg[9] | CK ^ -> Q v  | DFFHQX1LVT   | 0.190 |   1.112 |    3.205 | 
     | p0412A70175__2703     | A0N v -> Y v | OAI2BB1X1LVT | 0.082 |   1.194 |    3.287 | 
     | o_reg_bank_wen_reg[9] | D v          | DFFHQX1LVT   | 0.000 |   1.194 |    3.287 | 
     +----------------------------------------------------------------------------------+ 
Path 39: VIOLATED Hold Check with Pin o_copro_crm_reg[3]/CK 
Endpoint:   o_copro_crm_reg[3]/D (v) checked with  leading edge of 'CLK'
Beginpoint: o_copro_crm_reg[3]/Q (v) triggered by  leading edge of 'CLK'
Path Groups: {reg2reg}
Analysis View: best
Other End Arrival Time          2.859
+ Hold                          0.030
+ Phase Shift                   0.000
+ Uncertainty                   0.400
= Required Time                 3.289
  Arrival Time                  1.197
  Slack Time                   -2.092
     Clock Rise Edge                 0.000
     + Clock Network Latency (Prop)  0.920
     = Beginpoint Arrival Time       0.920
     +----------------------------------------------------------------------------+ 
     |      Instance      |     Arc     |    Cell    | Delay | Arrival | Required | 
     |                    |             |            |       |  Time   |   Time   | 
     |--------------------+-------------+------------+-------+---------+----------| 
     | o_copro_crm_reg[3] | CK ^        |            |       |   0.920 |    3.013 | 
     | o_copro_crm_reg[3] | CK ^ -> Q v | DFFHQX1LVT | 0.182 |   1.102 |    3.195 | 
     | g134587            | A0 v -> Y v | AO21XLLVT  | 0.094 |   1.197 |    3.289 | 
     | o_copro_crm_reg[3] | D v         | DFFHQX1LVT | 0.000 |   1.197 |    3.289 | 
     +----------------------------------------------------------------------------+ 
Path 40: VIOLATED Hold Check with Pin o_reg_bank_wen_reg[5]/CK 
Endpoint:   o_reg_bank_wen_reg[5]/D (v) checked with  leading edge of 'CLK'
Beginpoint: o_reg_bank_wen_reg[5]/Q (v) triggered by  leading edge of 'CLK'
Path Groups: {reg2reg}
Analysis View: best
Other End Arrival Time          2.860
+ Hold                          0.026
+ Phase Shift                   0.000
+ Uncertainty                   0.400
= Required Time                 3.286
  Arrival Time                  1.194
  Slack Time                   -2.092
     Clock Rise Edge                 0.000
     + Clock Network Latency (Prop)  0.922
     = Beginpoint Arrival Time       0.922
     +----------------------------------------------------------------------------------+ 
     |       Instance        |     Arc      |     Cell     | Delay | Arrival | Required | 
     |                       |              |              |       |  Time   |   Time   | 
     |-----------------------+--------------+--------------+-------+---------+----------| 
     | o_reg_bank_wen_reg[5] | CK ^         |              |       |   0.922 |    3.014 | 
     | o_reg_bank_wen_reg[5] | CK ^ -> Q v  | DFFHQX1LVT   | 0.188 |   1.110 |    3.202 | 
     | p0410A70173__8780     | A0N v -> Y v | OAI2BB1X1LVT | 0.084 |   1.194 |    3.286 | 
     | o_reg_bank_wen_reg[5] | D v          | DFFHQX1LVT   | 0.000 |   1.194 |    3.286 | 
     +----------------------------------------------------------------------------------+ 
Path 41: VIOLATED Hold Check with Pin o_alu_function_reg[8]/CK 
Endpoint:   o_alu_function_reg[8]/D (v) checked with  leading edge of 'CLK'
Beginpoint: o_alu_function_reg[8]/Q (v) triggered by  leading edge of 'CLK'
Path Groups: {reg2reg}
Analysis View: best
Other End Arrival Time          2.859
+ Hold                          0.025
+ Phase Shift                   0.000
+ Uncertainty                   0.400
= Required Time                 3.284
  Arrival Time                  1.193
  Slack Time                   -2.092
     Clock Rise Edge                 0.000
     + Clock Network Latency (Prop)  0.920
     = Beginpoint Arrival Time       0.920
     +----------------------------------------------------------------------------------+ 
     |       Instance        |     Arc      |     Cell     | Delay | Arrival | Required | 
     |                       |              |              |       |  Time   |   Time   | 
     |-----------------------+--------------+--------------+-------+---------+----------| 
     | o_alu_function_reg[8] | CK ^         |              |       |   0.920 |    3.012 | 
     | o_alu_function_reg[8] | CK ^ -> Q v  | DFFHQX1LVT   | 0.189 |   1.109 |    3.201 | 
     | p0736A70531__4296     | A0N v -> Y v | OAI2BB1X1LVT | 0.083 |   1.193 |    3.284 | 
     | o_alu_function_reg[8] | D v          | DFFHQX1LVT   | 0.000 |   1.193 |    3.284 | 
     +----------------------------------------------------------------------------------+ 
Path 42: VIOLATED Hold Check with Pin saved_current_instruction_reg[5]/CK 
Endpoint:   saved_current_instruction_reg[5]/D (v) checked with  leading edge 
of 'CLK'
Beginpoint: saved_current_instruction_reg[5]/Q (v) triggered by  leading edge 
of 'CLK'
Path Groups: {reg2reg}
Analysis View: best
Other End Arrival Time          2.856
+ Hold                          0.009
+ Phase Shift                   0.000
+ Uncertainty                   0.400
= Required Time                 3.265
  Arrival Time                  1.175
  Slack Time                   -2.090
     Clock Rise Edge                 0.000
     + Clock Network Latency (Prop)  0.918
     = Beginpoint Arrival Time       0.918
     +------------------------------------------------------------------------------------------+ 
     |             Instance             |     Arc     |    Cell    | Delay | Arrival | Required | 
     |                                  |             |            |       |  Time   |   Time   | 
     |----------------------------------+-------------+------------+-------+---------+----------| 
     | saved_current_instruction_reg[5] | CK ^        |            |       |   0.918 |    3.008 | 
     | saved_current_instruction_reg[5] | CK ^ -> Q v | DFFQXLLVT  | 0.156 |   1.074 |    3.164 | 
     | p0566A70367__7344                | A v -> Y ^  | NAND2XLLVT | 0.038 |   1.112 |    3.202 | 
     | p0515A__6877                     | B0 ^ -> Y v | OAI21XLLVT | 0.063 |   1.175 |    3.265 | 
     | saved_current_instruction_reg[5] | D v         | DFFQXLLVT  | 0.000 |   1.175 |    3.265 | 
     +------------------------------------------------------------------------------------------+ 
Path 43: VIOLATED Hold Check with Pin o_reg_bank_wen_reg[3]/CK 
Endpoint:   o_reg_bank_wen_reg[3]/D (v) checked with  leading edge of 'CLK'
Beginpoint: o_reg_bank_wen_reg[3]/Q (v) triggered by  leading edge of 'CLK'
Path Groups: {reg2reg}
Analysis View: best
Other End Arrival Time          2.860
+ Hold                          0.027
+ Phase Shift                   0.000
+ Uncertainty                   0.400
= Required Time                 3.287
  Arrival Time                  1.197
  Slack Time                   -2.090
     Clock Rise Edge                 0.000
     + Clock Network Latency (Prop)  0.922
     = Beginpoint Arrival Time       0.922
     +----------------------------------------------------------------------------------+ 
     |       Instance        |     Arc      |     Cell     | Delay | Arrival | Required | 
     |                       |              |              |       |  Time   |   Time   | 
     |-----------------------+--------------+--------------+-------+---------+----------| 
     | o_reg_bank_wen_reg[3] | CK ^         |              |       |   0.922 |    3.012 | 
     | o_reg_bank_wen_reg[3] | CK ^ -> Q v  | DFFHQX1LVT   | 0.191 |   1.114 |    3.203 | 
     | p0412A__5019          | A0N v -> Y v | OAI2BB1X1LVT | 0.084 |   1.197 |    3.287 | 
     | o_reg_bank_wen_reg[3] | D v          | DFFHQX1LVT   | 0.000 |   1.197 |    3.287 | 
     +----------------------------------------------------------------------------------+ 
Path 44: VIOLATED Hold Check with Pin o_reg_bank_wen_reg[4]/CK 
Endpoint:   o_reg_bank_wen_reg[4]/D (v) checked with  leading edge of 'CLK'
Beginpoint: o_reg_bank_wen_reg[4]/Q (v) triggered by  leading edge of 'CLK'
Path Groups: {reg2reg}
Analysis View: best
Other End Arrival Time          2.860
+ Hold                          0.020
+ Phase Shift                   0.000
+ Uncertainty                   0.400
= Required Time                 3.280
  Arrival Time                  1.191
  Slack Time                   -2.089
     Clock Rise Edge                 0.000
     + Clock Network Latency (Prop)  0.922
     = Beginpoint Arrival Time       0.922
     +-------------------------------------------------------------------------------+ 
     |       Instance        |     Arc     |    Cell    | Delay | Arrival | Required | 
     |                       |             |            |       |  Time   |   Time   | 
     |-----------------------+-------------+------------+-------+---------+----------| 
     | o_reg_bank_wen_reg[4] | CK ^        |            |       |   0.922 |    3.011 | 
     | o_reg_bank_wen_reg[4] | CK ^ -> Q v | DFFHQX1LVT | 0.168 |   1.090 |    3.179 | 
     | p1381A72188           | A v -> Y ^  | NAND2XLLVT | 0.036 |   1.125 |    3.214 | 
     | p0436A__1786          | B0 ^ -> Y v | OAI21XLLVT | 0.066 |   1.191 |    3.280 | 
     | o_reg_bank_wen_reg[4] | D v         | DFFHQX1LVT | 0.000 |   1.191 |    3.280 | 
     +-------------------------------------------------------------------------------+ 
Path 45: VIOLATED Hold Check with Pin o_reg_bank_wen_reg[2]/CK 
Endpoint:   o_reg_bank_wen_reg[2]/D (v) checked with  leading edge of 'CLK'
Beginpoint: o_reg_bank_wen_reg[2]/Q (v) triggered by  leading edge of 'CLK'
Path Groups: {reg2reg}
Analysis View: best
Other End Arrival Time          2.860
+ Hold                          0.022
+ Phase Shift                   0.000
+ Uncertainty                   0.400
= Required Time                 3.282
  Arrival Time                  1.193
  Slack Time                   -2.088
     Clock Rise Edge                 0.000
     + Clock Network Latency (Prop)  0.922
     = Beginpoint Arrival Time       0.922
     +-------------------------------------------------------------------------------+ 
     |       Instance        |     Arc     |    Cell    | Delay | Arrival | Required | 
     |                       |             |            |       |  Time   |   Time   | 
     |-----------------------+-------------+------------+-------+---------+----------| 
     | o_reg_bank_wen_reg[2] | CK ^        |            |       |   0.922 |    3.010 | 
     | o_reg_bank_wen_reg[2] | CK ^ -> Q v | DFFHQX1LVT | 0.170 |   1.092 |    3.180 | 
     | p1381A72187           | A v -> Y ^  | NAND2XLLVT | 0.039 |   1.131 |    3.219 | 
     | p0433A70170__7344     | B0 ^ -> Y v | OAI21XLLVT | 0.063 |   1.193 |    3.282 | 
     | o_reg_bank_wen_reg[2] | D v         | DFFHQX1LVT | 0.000 |   1.193 |    3.282 | 
     +-------------------------------------------------------------------------------+ 
Path 46: VIOLATED Hold Check with Pin address_sel_r_reg[0]/CK 
Endpoint:   address_sel_r_reg[0]/D (v) checked with  leading edge of 'CLK'
Beginpoint: address_sel_r_reg[0]/Q (v) triggered by  leading edge of 'CLK'
Path Groups: {reg2reg}
Analysis View: best
Other End Arrival Time          2.857
+ Hold                          0.019
+ Phase Shift                   0.000
+ Uncertainty                   0.400
= Required Time                 3.277
  Arrival Time                  1.190
  Slack Time                   -2.087
     Clock Rise Edge                 0.000
     + Clock Network Latency (Prop)  0.919
     = Beginpoint Arrival Time       0.919
     +---------------------------------------------------------------------------------+ 
     |       Instance       |     Arc      |     Cell     | Delay | Arrival | Required | 
     |                      |              |              |       |  Time   |   Time   | 
     |----------------------+--------------+--------------+-------+---------+----------| 
     | address_sel_r_reg[0] | CK ^         |              |       |   0.919 |    3.006 | 
     | address_sel_r_reg[0] | CK ^ -> Q v  | DFFHQX1LVT   | 0.182 |   1.101 |    3.187 | 
     | p0656A__5795         | A0N v -> Y v | OAI2BB1X1LVT | 0.089 |   1.190 |    3.277 | 
     | address_sel_r_reg[0] | D v          | DFFHQX1LVT   | 0.000 |   1.190 |    3.277 | 
     +---------------------------------------------------------------------------------+ 
Path 47: VIOLATED Hold Check with Pin o_reg_bank_wsel_reg[0]/CK 
Endpoint:   o_reg_bank_wsel_reg[0]/D (v) checked with  leading edge of 'CLK'
Beginpoint: o_reg_bank_wsel_reg[0]/Q (v) triggered by  leading edge of 'CLK'
Path Groups: {reg2reg}
Analysis View: best
Other End Arrival Time          2.860
+ Hold                          0.027
+ Phase Shift                   0.000
+ Uncertainty                   0.400
= Required Time                 3.287
  Arrival Time                  1.204
  Slack Time                   -2.083
     Clock Rise Edge                 0.000
     + Clock Network Latency (Prop)  0.922
     = Beginpoint Arrival Time       0.922
     +-----------------------------------------------------------------------------------+ 
     |        Instance        |     Arc      |     Cell     | Delay | Arrival | Required | 
     |                        |              |              |       |  Time   |   Time   | 
     |------------------------+--------------+--------------+-------+---------+----------| 
     | o_reg_bank_wsel_reg[0] | CK ^         |              |       |   0.922 |    3.005 | 
     | o_reg_bank_wsel_reg[0] | CK ^ -> Q v  | DFFHQX1LVT   | 0.196 |   1.118 |    3.201 | 
     | p0534A__7114           | A0N v -> Y v | OAI2BB1X1LVT | 0.086 |   1.204 |    3.287 | 
     | o_reg_bank_wsel_reg[0] | D v          | DFFHQX1LVT   | 0.000 |   1.204 |    3.287 | 
     +-----------------------------------------------------------------------------------+ 
Path 48: VIOLATED Hold Check with Pin mtrans_reg_d1_reg[0]/CK 
Endpoint:   mtrans_reg_d1_reg[0]/D (v) checked with  leading edge of 'CLK'
Beginpoint: mtrans_reg_d1_reg[0]/Q (v) triggered by  leading edge of 'CLK'
Path Groups: {reg2reg}
Analysis View: best
Other End Arrival Time          2.861
+ Hold                          0.011
+ Phase Shift                   0.000
+ Uncertainty                   0.400
= Required Time                 3.272
  Arrival Time                  1.189
  Slack Time                   -2.082
     Clock Rise Edge                 0.000
     + Clock Network Latency (Prop)  0.923
     = Beginpoint Arrival Time       0.923
     +------------------------------------------------------------------------------+ 
     |       Instance       |     Arc     |    Cell    | Delay | Arrival | Required | 
     |                      |             |            |       |  Time   |   Time   | 
     |----------------------+-------------+------------+-------+---------+----------| 
     | mtrans_reg_d1_reg[0] | CK ^        |            |       |   0.923 |    3.005 | 
     | mtrans_reg_d1_reg[0] | CK ^ -> Q v | DFFQXLLVT  | 0.159 |   1.081 |    3.163 | 
     | p1382A72192          | A v -> Y ^  | NAND2XLLVT | 0.042 |   1.123 |    3.205 | 
     | p0849A74564          | B0 ^ -> Y v | OAI21XLLVT | 0.067 |   1.189 |    3.272 | 
     | mtrans_reg_d1_reg[0] | D v         | DFFQXLLVT  | 0.000 |   1.189 |    3.272 | 
     +------------------------------------------------------------------------------+ 
Path 49: VIOLATED Hold Check with Pin o_reg_bank_wen_reg[6]/CK 
Endpoint:   o_reg_bank_wen_reg[6]/D (v) checked with  leading edge of 'CLK'
Beginpoint: o_reg_bank_wen_reg[6]/Q (v) triggered by  leading edge of 'CLK'
Path Groups: {reg2reg}
Analysis View: best
Other End Arrival Time          2.860
+ Hold                          0.019
+ Phase Shift                   0.000
+ Uncertainty                   0.400
= Required Time                 3.279
  Arrival Time                  1.197
  Slack Time                   -2.082
     Clock Rise Edge                 0.000
     + Clock Network Latency (Prop)  0.922
     = Beginpoint Arrival Time       0.922
     +-------------------------------------------------------------------------------+ 
     |       Instance        |     Arc     |    Cell    | Delay | Arrival | Required | 
     |                       |             |            |       |  Time   |   Time   | 
     |-----------------------+-------------+------------+-------+---------+----------| 
     | o_reg_bank_wen_reg[6] | CK ^        |            |       |   0.922 |    3.004 | 
     | o_reg_bank_wen_reg[6] | CK ^ -> Q v | DFFHQX1LVT | 0.170 |   1.092 |    3.174 | 
     | p1381A                | A v -> Y ^  | NAND2XLLVT | 0.038 |   1.130 |    3.212 | 
     | p0433A__110450        | B0 ^ -> Y v | OAI21XLLVT | 0.067 |   1.197 |    3.279 | 
     | o_reg_bank_wen_reg[6] | D v         | DFFHQX1LVT | 0.000 |   1.197 |    3.279 | 
     +-------------------------------------------------------------------------------+ 
Path 50: VIOLATED Hold Check with Pin dabt_reg_reg/CK 
Endpoint:   dabt_reg_reg/D (v) checked with  leading edge of 'CLK'
Beginpoint: dabt_reg_reg/Q (v) triggered by  leading edge of 'CLK'
Path Groups: {reg2reg}
Analysis View: best
Other End Arrival Time          2.859
+ Hold                          0.014
+ Phase Shift                   0.000
+ Uncertainty                   0.400
= Required Time                 3.273
  Arrival Time                  1.200
  Slack Time                   -2.074
     Clock Rise Edge                 0.000
     + Clock Network Latency (Prop)  0.921
     = Beginpoint Arrival Time       0.921
     +-------------------------------------------------------------------------+ 
     |   Instance   |     Arc      |     Cell     | Delay | Arrival | Required | 
     |              |              |              |       |  Time   |   Time   | 
     |--------------+--------------+--------------+-------+---------+----------| 
     | dabt_reg_reg | CK ^         |              |       |   0.921 |    2.994 | 
     | dabt_reg_reg | CK ^ -> Q v  | DFFQXLLVT    | 0.188 |   1.109 |    3.182 | 
     | p1352A       | A0N v -> Y v | OAI2BB1X1LVT | 0.091 |   1.200 |    3.273 | 
     | dabt_reg_reg | D v          | DFFQXLLVT    | 0.000 |   1.200 |    3.273 | 
     +-------------------------------------------------------------------------+ 
Path 51: VIOLATED Hold Check with Pin o_imm_shift_amount_reg[0]/CK 
Endpoint:   o_imm_shift_amount_reg[0]/D (v) checked with  leading edge of 'CLK'
Beginpoint: o_imm_shift_amount_reg[0]/Q (v) triggered by  leading edge of 'CLK'
Path Groups: {reg2reg}
Analysis View: best
Other End Arrival Time          2.861
+ Hold                          0.038
+ Phase Shift                   0.000
+ Uncertainty                   0.400
= Required Time                 3.299
  Arrival Time                  1.227
  Slack Time                   -2.072
     Clock Rise Edge                 0.000
     + Clock Network Latency (Prop)  0.922
     = Beginpoint Arrival Time       0.922
     +--------------------------------------------------------------------------------------+ 
     |         Instance          |     Arc      |     Cell     | Delay | Arrival | Required | 
     |                           |              |              |       |  Time   |   Time   | 
     |---------------------------+--------------+--------------+-------+---------+----------| 
     | o_imm_shift_amount_reg[0] | CK ^         |              |       |   0.922 |    2.994 | 
     | o_imm_shift_amount_reg[0] | CK ^ -> Q v  | DFFHQX1      | 0.240 |   1.162 |    3.234 | 
     | p1000A71049__4296         | A0N v -> Y v | OAI2BB1X1LVT | 0.065 |   1.227 |    3.299 | 
     | o_imm_shift_amount_reg[0] | D v          | DFFHQX1      | 0.000 |   1.227 |    3.299 | 
     +--------------------------------------------------------------------------------------+ 
Path 52: VIOLATED Hold Check with Pin mtrans_reg_d2_reg[3]/CK 
Endpoint:   mtrans_reg_d2_reg[3]/D (v) checked with  leading edge of 'CLK'
Beginpoint: mtrans_reg_d1_reg[3]/Q (v) triggered by  leading edge of 'CLK'
Path Groups: {reg2reg}
Analysis View: best
Other End Arrival Time          2.861
+ Hold                          0.020
+ Phase Shift                   0.000
+ Uncertainty                   0.400
= Required Time                 3.281
  Arrival Time                  1.211
  Slack Time                   -2.070
     Clock Rise Edge                 0.000
     + Clock Network Latency (Prop)  0.922
     = Beginpoint Arrival Time       0.922
     +-----------------------------------------------------------------------------+ 
     |       Instance       |     Arc     |   Cell    | Delay | Arrival | Required | 
     |                      |             |           |       |  Time   |   Time   | 
     |----------------------+-------------+-----------+-------+---------+----------| 
     | mtrans_reg_d1_reg[3] | CK ^        |           |       |   0.922 |    2.993 | 
     | mtrans_reg_d1_reg[3] | CK ^ -> Q v | DFFQXLLVT | 0.150 |   1.073 |    3.143 | 
     | g134628              | B v -> Y v  | MX2X1     | 0.138 |   1.211 |    3.281 | 
     | mtrans_reg_d2_reg[3] | D v         | DFFQXLLVT | 0.000 |   1.211 |    3.281 | 
     +-----------------------------------------------------------------------------+ 
Path 53: VIOLATED Hold Check with Pin o_alu_function_reg[1]/CK 
Endpoint:   o_alu_function_reg[1]/D (v) checked with  leading edge of 'CLK'
Beginpoint: o_alu_function_reg[1]/Q (v) triggered by  leading edge of 'CLK'
Path Groups: {reg2reg}
Analysis View: best
Other End Arrival Time          2.859
+ Hold                          0.018
+ Phase Shift                   0.000
+ Uncertainty                   0.400
= Required Time                 3.277
  Arrival Time                  1.207
  Slack Time                   -2.070
     Clock Rise Edge                 0.000
     + Clock Network Latency (Prop)  0.921
     = Beginpoint Arrival Time       0.921
     +-------------------------------------------------------------------------------+ 
     |       Instance        |     Arc     |    Cell    | Delay | Arrival | Required | 
     |                       |             |            |       |  Time   |   Time   | 
     |-----------------------+-------------+------------+-------+---------+----------| 
     | o_alu_function_reg[1] | CK ^        |            |       |   0.921 |    2.991 | 
     | o_alu_function_reg[1] | CK ^ -> Q v | DFFHQX1LVT | 0.168 |   1.089 |    3.159 | 
     | p0850A__4296          | A0 v -> Y ^ | AOI21XLLVT | 0.054 |   1.143 |    3.213 | 
     | p0565A__7114          | A ^ -> Y v  | NAND2XLLVT | 0.064 |   1.207 |    3.277 | 
     | o_alu_function_reg[1] | D v         | DFFHQX1LVT | 0.000 |   1.207 |    3.277 | 
     +-------------------------------------------------------------------------------+ 
Path 54: VIOLATED Hold Check with Pin o_multiply_function_reg[1]/CK 
Endpoint:   o_multiply_function_reg[1]/D (v) checked with  leading edge of 'CLK'
Beginpoint: o_multiply_function_reg[1]/Q (v) triggered by  leading edge of 'CLK'
Path Groups: {reg2reg}
Analysis View: best
Other End Arrival Time          2.860
+ Hold                          0.024
+ Phase Shift                   0.000
+ Uncertainty                   0.400
= Required Time                 3.284
  Arrival Time                  1.214
  Slack Time                   -2.070
     Clock Rise Edge                 0.000
     + Clock Network Latency (Prop)  0.922
     = Beginpoint Arrival Time       0.922
     +------------------------------------------------------------------------------------+ 
     |          Instance          |     Arc     |    Cell    | Delay | Arrival | Required | 
     |                            |             |            |       |  Time   |   Time   | 
     |----------------------------+-------------+------------+-------+---------+----------| 
     | o_multiply_function_reg[1] | CK ^        |            |       |   0.922 |    2.992 | 
     | o_multiply_function_reg[1] | CK ^ -> Q v | DFFHQX1LVT | 0.180 |   1.102 |    3.172 | 
     | p1042A                     | A v -> Y ^  | NAND2XLLVT | 0.050 |   1.152 |    3.222 | 
     | p0770A70592__1786          | B0 ^ -> Y v | OAI21XLLVT | 0.062 |   1.214 |    3.284 | 
     | o_multiply_function_reg[1] | D v         | DFFHQX1LVT | 0.000 |   1.214 |    3.284 | 
     +------------------------------------------------------------------------------------+ 
Path 55: VIOLATED Hold Check with Pin o_status_bits_irq_mask_wen_reg/CK 
Endpoint:   o_status_bits_irq_mask_wen_reg/D (v) checked with  leading edge of 
'CLK'
Beginpoint: o_status_bits_irq_mask_wen_reg/Q (v) triggered by  leading edge of 
'CLK'
Path Groups: {reg2reg}
Analysis View: best
Other End Arrival Time          2.857
+ Hold                          0.019
+ Phase Shift                   0.000
+ Uncertainty                   0.400
= Required Time                 3.276
  Arrival Time                  1.207
  Slack Time                   -2.069
     Clock Rise Edge                 0.000
     + Clock Network Latency (Prop)  0.919
     = Beginpoint Arrival Time       0.919
     +-------------------------------------------------------------------------------------------------+ 
     |               Instance               |     Arc      |     Cell     | Delay | Arrival | Required | 
     |                                      |              |              |       |  Time   |   Time   | 
     |--------------------------------------+--------------+--------------+-------+---------+----------| 
     | o_status_bits_irq_mask_wen_reg       | CK ^         |              |       |   0.919 |    2.988 | 
     | o_status_bits_irq_mask_wen_reg       | CK ^ -> Q v  | DFFHQX1LVT   | 0.160 |   1.079 |    3.148 | 
     | FE_OFC667_o_status_bits_irq_mask_wen | A v -> Y v   | CLKBUFX12LVT | 0.056 |   1.135 |    3.204 | 
     | p0695A__5795                         | A0N v -> Y v | OAI2BB1X1LVT | 0.072 |   1.207 |    3.276 | 
     | o_status_bits_irq_mask_wen_reg       | D v          | DFFHQX1LVT   | 0.000 |   1.207 |    3.276 | 
     +-------------------------------------------------------------------------------------------------+ 
Path 56: VIOLATED Hold Check with Pin pre_fetch_instruction_reg[26]/CK 
Endpoint:   pre_fetch_instruction_reg[26]/D (v) checked with  leading edge of 
'CLK'
Beginpoint: pre_fetch_instruction_reg[26]/Q (v) triggered by  leading edge of 
'CLK'
Path Groups: {reg2reg}
Analysis View: best
Other End Arrival Time          2.859
+ Hold                          0.018
+ Phase Shift                   0.000
+ Uncertainty                   0.400
= Required Time                 3.277
  Arrival Time                  1.208
  Slack Time                   -2.069
     Clock Rise Edge                 0.000
     + Clock Network Latency (Prop)  0.920
     = Beginpoint Arrival Time       0.920
     +--------------------------------------------------------------------------------------+ 
     |           Instance            |     Arc     |   Cell    | Delay | Arrival | Required | 
     |                               |             |           |       |  Time   |   Time   | 
     |-------------------------------+-------------+-----------+-------+---------+----------| 
     | pre_fetch_instruction_reg[26] | CK ^        |           |       |   0.920 |    2.989 | 
     | pre_fetch_instruction_reg[26] | CK ^ -> Q v | DFFQXLLVT | 0.149 |   1.070 |    3.139 | 
     | p0854A71108__1786             | A v -> Y v  | MX2X1     | 0.138 |   1.208 |    3.277 | 
     | pre_fetch_instruction_reg[26] | D v         | DFFQXLLVT | 0.000 |   1.208 |    3.277 | 
     +--------------------------------------------------------------------------------------+ 
Path 57: VIOLATED Hold Check with Pin pre_fetch_instruction_address_reg[29]/CK 
Endpoint:   pre_fetch_instruction_address_reg[29]/D (v) checked with  leading 
edge of 'CLK'
Beginpoint: pre_fetch_instruction_address_reg[29]/Q (v) triggered by  leading 
edge of 'CLK'
Path Groups: {reg2reg}
Analysis View: best
Other End Arrival Time          2.860
+ Hold                          0.020
+ Phase Shift                   0.000
+ Uncertainty                   0.400
= Required Time                 3.280
  Arrival Time                  1.211
  Slack Time                   -2.069
     Clock Rise Edge                 0.000
     + Clock Network Latency (Prop)  0.922
     = Beginpoint Arrival Time       0.922
     +----------------------------------------------------------------------------------------------+ 
     |               Instance                |     Arc     |   Cell    | Delay | Arrival | Required | 
     |                                       |             |           |       |  Time   |   Time   | 
     |---------------------------------------+-------------+-----------+-------+---------+----------| 
     | pre_fetch_instruction_address_reg[29] | CK ^        |           |       |   0.922 |    2.991 | 
     | pre_fetch_instruction_address_reg[29] | CK ^ -> Q v | DFFQXLLVT | 0.152 |   1.074 |    3.142 | 
     | p0854A71132__2391                     | A v -> Y v  | MX2X1     | 0.138 |   1.211 |    3.280 | 
     | pre_fetch_instruction_address_reg[29] | D v         | DFFQXLLVT | 0.000 |   1.211 |    3.280 | 
     +----------------------------------------------------------------------------------------------+ 
Path 58: VIOLATED Hold Check with Pin pre_fetch_instruction_address_reg[20]/CK 
Endpoint:   pre_fetch_instruction_address_reg[20]/D (v) checked with  leading 
edge of 'CLK'
Beginpoint: pre_fetch_instruction_address_reg[20]/Q (v) triggered by  leading 
edge of 'CLK'
Path Groups: {reg2reg}
Analysis View: best
Other End Arrival Time          2.859
+ Hold                          0.020
+ Phase Shift                   0.000
+ Uncertainty                   0.400
= Required Time                 3.279
  Arrival Time                  1.211
  Slack Time                   -2.068
     Clock Rise Edge                 0.000
     + Clock Network Latency (Prop)  0.921
     = Beginpoint Arrival Time       0.921
     +----------------------------------------------------------------------------------------------+ 
     |               Instance                |     Arc     |   Cell    | Delay | Arrival | Required | 
     |                                       |             |           |       |  Time   |   Time   | 
     |---------------------------------------+-------------+-----------+-------+---------+----------| 
     | pre_fetch_instruction_address_reg[20] | CK ^        |           |       |   0.921 |    2.989 | 
     | pre_fetch_instruction_address_reg[20] | CK ^ -> Q v | DFFQXLLVT | 0.152 |   1.073 |    3.142 | 
     | p0854A71125__1474                     | A v -> Y v  | MX2X1     | 0.138 |   1.211 |    3.279 | 
     | pre_fetch_instruction_address_reg[20] | D v         | DFFQXLLVT | 0.000 |   1.211 |    3.279 | 
     +----------------------------------------------------------------------------------------------+ 
Path 59: VIOLATED Hold Check with Pin pre_fetch_instruction_address_reg[8]/CK 
Endpoint:   pre_fetch_instruction_address_reg[8]/D (v) checked with  leading 
edge of 'CLK'
Beginpoint: pre_fetch_instruction_address_reg[8]/Q (v) triggered by  leading 
edge of 'CLK'
Path Groups: {reg2reg}
Analysis View: best
Other End Arrival Time          2.859
+ Hold                          0.018
+ Phase Shift                   0.000
+ Uncertainty                   0.400
= Required Time                 3.278
  Arrival Time                  1.210
  Slack Time                   -2.068
     Clock Rise Edge                 0.000
     + Clock Network Latency (Prop)  0.921
     = Beginpoint Arrival Time       0.921
     +---------------------------------------------------------------------------------------------+ 
     |               Instance               |     Arc     |   Cell    | Delay | Arrival | Required | 
     |                                      |             |           |       |  Time   |   Time   | 
     |--------------------------------------+-------------+-----------+-------+---------+----------| 
     | pre_fetch_instruction_address_reg[8] | CK ^        |           |       |   0.921 |    2.989 | 
     | pre_fetch_instruction_address_reg[8] | CK ^ -> Q v | DFFQXLLVT | 0.150 |   1.071 |    3.139 | 
     | p0854A71117__7114                    | A v -> Y v  | MX2X1     | 0.139 |   1.210 |    3.278 | 
     | pre_fetch_instruction_address_reg[8] | D v         | DFFQXLLVT | 0.000 |   1.210 |    3.278 | 
     +---------------------------------------------------------------------------------------------+ 
Path 60: VIOLATED Hold Check with Pin pre_fetch_instruction_address_reg[6]/CK 
Endpoint:   pre_fetch_instruction_address_reg[6]/D (v) checked with  leading 
edge of 'CLK'
Beginpoint: pre_fetch_instruction_address_reg[6]/Q (v) triggered by  leading 
edge of 'CLK'
Path Groups: {reg2reg}
Analysis View: best
Other End Arrival Time          2.859
+ Hold                          0.020
+ Phase Shift                   0.000
+ Uncertainty                   0.400
= Required Time                 3.279
  Arrival Time                  1.211
  Slack Time                   -2.068
     Clock Rise Edge                 0.000
     + Clock Network Latency (Prop)  0.921
     = Beginpoint Arrival Time       0.921
     +---------------------------------------------------------------------------------------------+ 
     |               Instance               |     Arc     |   Cell    | Delay | Arrival | Required | 
     |                                      |             |           |       |  Time   |   Time   | 
     |--------------------------------------+-------------+-----------+-------+---------+----------| 
     | pre_fetch_instruction_address_reg[6] | CK ^        |           |       |   0.921 |    2.989 | 
     | pre_fetch_instruction_address_reg[6] | CK ^ -> Q v | DFFQXLLVT | 0.152 |   1.073 |    3.141 | 
     | p0854A71115__2703                    | A v -> Y v  | MX2X1     | 0.138 |   1.211 |    3.279 | 
     | pre_fetch_instruction_address_reg[6] | D v         | DFFQXLLVT | 0.000 |   1.211 |    3.279 | 
     +---------------------------------------------------------------------------------------------+ 
Path 61: VIOLATED Hold Check with Pin pre_fetch_instruction_reg[19]/CK 
Endpoint:   pre_fetch_instruction_reg[19]/D (v) checked with  leading edge of 
'CLK'
Beginpoint: pre_fetch_instruction_reg[19]/Q (v) triggered by  leading edge of 
'CLK'
Path Groups: {reg2reg}
Analysis View: best
Other End Arrival Time          2.857
+ Hold                          0.018
+ Phase Shift                   0.000
+ Uncertainty                   0.400
= Required Time                 3.275
  Arrival Time                  1.207
  Slack Time                   -2.068
     Clock Rise Edge                 0.000
     + Clock Network Latency (Prop)  0.919
     = Beginpoint Arrival Time       0.919
     +--------------------------------------------------------------------------------------+ 
     |           Instance            |     Arc     |   Cell    | Delay | Arrival | Required | 
     |                               |             |           |       |  Time   |   Time   | 
     |-------------------------------+-------------+-----------+-------+---------+----------| 
     | pre_fetch_instruction_reg[19] | CK ^        |           |       |   0.919 |    2.987 | 
     | pre_fetch_instruction_reg[19] | CK ^ -> Q v | DFFQXLLVT | 0.150 |   1.068 |    3.136 | 
     | p0854A71159__8780             | A v -> Y v  | MX2X1     | 0.138 |   1.207 |    3.275 | 
     | pre_fetch_instruction_reg[19] | D v         | DFFQXLLVT | 0.000 |   1.207 |    3.275 | 
     +--------------------------------------------------------------------------------------+ 
Path 62: VIOLATED Hold Check with Pin saved_current_instruction_reg[17]/CK 
Endpoint:   saved_current_instruction_reg[17]/D (v) checked with  leading edge 
of 'CLK'
Beginpoint: saved_current_instruction_reg[17]/Q (v) triggered by  leading edge 
of 'CLK'
Path Groups: {reg2reg}
Analysis View: best
Other End Arrival Time          2.857
+ Hold                          0.018
+ Phase Shift                   0.000
+ Uncertainty                   0.400
= Required Time                 3.275
  Arrival Time                  1.208
  Slack Time                   -2.067
     Clock Rise Edge                 0.000
     + Clock Network Latency (Prop)  0.919
     = Beginpoint Arrival Time       0.919
     +------------------------------------------------------------------------------------------+ 
     |             Instance              |     Arc     |   Cell    | Delay | Arrival | Required | 
     |                                   |             |           |       |  Time   |   Time   | 
     |-----------------------------------+-------------+-----------+-------+---------+----------| 
     | saved_current_instruction_reg[17] | CK ^        |           |       |   0.919 |    2.986 | 
     | saved_current_instruction_reg[17] | CK ^ -> Q v | DFFQXLLVT | 0.149 |   1.068 |    3.135 | 
     | p0555A70349__110827               | B v -> Y v  | MX2X1     | 0.140 |   1.208 |    3.275 | 
     | saved_current_instruction_reg[17] | D v         | DFFQXLLVT | 0.000 |   1.208 |    3.275 | 
     +------------------------------------------------------------------------------------------+ 
Path 63: VIOLATED Hold Check with Pin pre_fetch_instruction_address_reg[10]/CK 
Endpoint:   pre_fetch_instruction_address_reg[10]/D (v) checked with  leading 
edge of 'CLK'
Beginpoint: pre_fetch_instruction_address_reg[10]/Q (v) triggered by  leading 
edge of 'CLK'
Path Groups: {reg2reg}
Analysis View: best
Other End Arrival Time          2.859
+ Hold                          0.020
+ Phase Shift                   0.000
+ Uncertainty                   0.400
= Required Time                 3.279
  Arrival Time                  1.212
  Slack Time                   -2.067
     Clock Rise Edge                 0.000
     + Clock Network Latency (Prop)  0.921
     = Beginpoint Arrival Time       0.921
     +----------------------------------------------------------------------------------------------+ 
     |               Instance                |     Arc     |   Cell    | Delay | Arrival | Required | 
     |                                       |             |           |       |  Time   |   Time   | 
     |---------------------------------------+-------------+-----------+-------+---------+----------| 
     | pre_fetch_instruction_address_reg[10] | CK ^        |           |       |   0.921 |    2.988 | 
     | pre_fetch_instruction_address_reg[10] | CK ^ -> Q v | DFFQXLLVT | 0.153 |   1.074 |    3.141 | 
     | p0854A71118__1840                     | A v -> Y v  | MX2X1     | 0.138 |   1.212 |    3.279 | 
     | pre_fetch_instruction_address_reg[10] | D v         | DFFQXLLVT | 0.000 |   1.212 |    3.279 | 
     +----------------------------------------------------------------------------------------------+ 
Path 64: VIOLATED Hold Check with Pin pre_fetch_instruction_reg[5]/CK 
Endpoint:   pre_fetch_instruction_reg[5]/D (v) checked with  leading edge of 
'CLK'
Beginpoint: pre_fetch_instruction_reg[5]/Q (v) triggered by  leading edge of 
'CLK'
Path Groups: {reg2reg}
Analysis View: best
Other End Arrival Time          2.859
+ Hold                          0.019
+ Phase Shift                   0.000
+ Uncertainty                   0.400
= Required Time                 3.278
  Arrival Time                  1.212
  Slack Time                   -2.067
     Clock Rise Edge                 0.000
     + Clock Network Latency (Prop)  0.921
     = Beginpoint Arrival Time       0.921
     +-------------------------------------------------------------------------------------+ 
     |           Instance           |     Arc     |   Cell    | Delay | Arrival | Required | 
     |                              |             |           |       |  Time   |   Time   | 
     |------------------------------+-------------+-----------+-------+---------+----------| 
     | pre_fetch_instruction_reg[5] | CK ^        |           |       |   0.921 |    2.988 | 
     | pre_fetch_instruction_reg[5] | CK ^ -> Q v | DFFQXLLVT | 0.152 |   1.073 |    3.140 | 
     | p0854A71171__8757            | A v -> Y v  | MX2X1     | 0.138 |   1.212 |    3.278 | 
     | pre_fetch_instruction_reg[5] | D v         | DFFQXLLVT | 0.000 |   1.212 |    3.278 | 
     +-------------------------------------------------------------------------------------+ 
Path 65: VIOLATED Hold Check with Pin pre_fetch_instruction_iabt_status_reg[1]/
CK 
Endpoint:   pre_fetch_instruction_iabt_status_reg[1]/D (v) checked with  
leading edge of 'CLK'
Beginpoint: pre_fetch_instruction_iabt_status_reg[1]/Q (v) triggered by  
leading edge of 'CLK'
Path Groups: {reg2reg}
Analysis View: best
Other End Arrival Time          2.860
+ Hold                          0.020
+ Phase Shift                   0.000
+ Uncertainty                   0.400
= Required Time                 3.281
  Arrival Time                  1.214
  Slack Time                   -2.067
     Clock Rise Edge                 0.000
     + Clock Network Latency (Prop)  0.922
     = Beginpoint Arrival Time       0.922
     +-------------------------------------------------------------------------------------------------+ 
     |                 Instance                 |     Arc     |   Cell    | Delay | Arrival | Required | 
     |                                          |             |           |       |  Time   |   Time   | 
     |------------------------------------------+-------------+-----------+-------+---------+----------| 
     | pre_fetch_instruction_iabt_status_reg[1] | CK ^        |           |       |   0.922 |    2.989 | 
     | pre_fetch_instruction_iabt_status_reg[1] | CK ^ -> Q v | DFFQXLLVT | 0.154 |   1.075 |    3.142 | 
     | p0854A71103__2900                        | A v -> Y v  | MX2X1     | 0.138 |   1.214 |    3.281 | 
     | pre_fetch_instruction_iabt_status_reg[1] | D v         | DFFQXLLVT | 0.000 |   1.214 |    3.281 | 
     +-------------------------------------------------------------------------------------------------+ 
Path 66: VIOLATED Hold Check with Pin mtrans_reg_d2_reg[1]/CK 
Endpoint:   mtrans_reg_d2_reg[1]/D (v) checked with  leading edge of 'CLK'
Beginpoint: mtrans_reg_d1_reg[1]/Q (v) triggered by  leading edge of 'CLK'
Path Groups: {reg2reg}
Analysis View: best
Other End Arrival Time          2.861
+ Hold                          0.020
+ Phase Shift                   0.000
+ Uncertainty                   0.400
= Required Time                 3.281
  Arrival Time                  1.214
  Slack Time                   -2.067
     Clock Rise Edge                 0.000
     + Clock Network Latency (Prop)  0.922
     = Beginpoint Arrival Time       0.922
     +-----------------------------------------------------------------------------+ 
     |       Instance       |     Arc     |   Cell    | Delay | Arrival | Required | 
     |                      |             |           |       |  Time   |   Time   | 
     |----------------------+-------------+-----------+-------+---------+----------| 
     | mtrans_reg_d1_reg[1] | CK ^        |           |       |   0.922 |    2.989 | 
     | mtrans_reg_d1_reg[1] | CK ^ -> Q v | DFFQXLLVT | 0.154 |   1.076 |    3.143 | 
     | p1398A90716          | A v -> Y v  | MX2X1     | 0.138 |   1.214 |    3.281 | 
     | mtrans_reg_d2_reg[1] | D v         | DFFQXLLVT | 0.000 |   1.214 |    3.281 | 
     +-----------------------------------------------------------------------------+ 
Path 67: VIOLATED Hold Check with Pin pre_fetch_instruction_reg[17]/CK 
Endpoint:   pre_fetch_instruction_reg[17]/D (v) checked with  leading edge of 
'CLK'
Beginpoint: pre_fetch_instruction_reg[17]/Q (v) triggered by  leading edge of 
'CLK'
Path Groups: {reg2reg}
Analysis View: best
Other End Arrival Time          2.857
+ Hold                          0.018
+ Phase Shift                   0.000
+ Uncertainty                   0.400
= Required Time                 3.276
  Arrival Time                  1.209
  Slack Time                   -2.067
     Clock Rise Edge                 0.000
     + Clock Network Latency (Prop)  0.919
     = Beginpoint Arrival Time       0.919
     +--------------------------------------------------------------------------------------+ 
     |           Instance            |     Arc     |   Cell    | Delay | Arrival | Required | 
     |                               |             |           |       |  Time   |   Time   | 
     |-------------------------------+-------------+-----------+-------+---------+----------| 
     | pre_fetch_instruction_reg[17] | CK ^        |           |       |   0.919 |    2.986 | 
     | pre_fetch_instruction_reg[17] | CK ^ -> Q v | DFFQXLLVT | 0.152 |   1.071 |    3.137 | 
     | p0854A71157__1857             | A v -> Y v  | MX2X1     | 0.139 |   1.209 |    3.276 | 
     | pre_fetch_instruction_reg[17] | D v         | DFFQXLLVT | 0.000 |   1.209 |    3.276 | 
     +--------------------------------------------------------------------------------------+ 
Path 68: VIOLATED Hold Check with Pin pre_fetch_instruction_reg[16]/CK 
Endpoint:   pre_fetch_instruction_reg[16]/D (v) checked with  leading edge of 
'CLK'
Beginpoint: pre_fetch_instruction_reg[16]/Q (v) triggered by  leading edge of 
'CLK'
Path Groups: {reg2reg}
Analysis View: best
Other End Arrival Time          2.859
+ Hold                          0.019
+ Phase Shift                   0.000
+ Uncertainty                   0.400
= Required Time                 3.278
  Arrival Time                  1.212
  Slack Time                   -2.066
     Clock Rise Edge                 0.000
     + Clock Network Latency (Prop)  0.921
     = Beginpoint Arrival Time       0.921
     +--------------------------------------------------------------------------------------+ 
     |           Instance            |     Arc     |   Cell    | Delay | Arrival | Required | 
     |                               |             |           |       |  Time   |   Time   | 
     |-------------------------------+-------------+-----------+-------+---------+----------| 
     | pre_fetch_instruction_reg[16] | CK ^        |           |       |   0.921 |    2.987 | 
     | pre_fetch_instruction_reg[16] | CK ^ -> Q v | DFFQXLLVT | 0.152 |   1.073 |    3.139 | 
     | p0854A71156__5019             | A v -> Y v  | MX2X1     | 0.139 |   1.212 |    3.278 | 
     | pre_fetch_instruction_reg[16] | D v         | DFFQXLLVT | 0.000 |   1.212 |    3.278 | 
     +--------------------------------------------------------------------------------------+ 
Path 69: VIOLATED Hold Check with Pin pre_fetch_instruction_iabt_status_reg[2]/
CK 
Endpoint:   pre_fetch_instruction_iabt_status_reg[2]/D (v) checked with  
leading edge of 'CLK'
Beginpoint: pre_fetch_instruction_iabt_status_reg[2]/Q (v) triggered by  
leading edge of 'CLK'
Path Groups: {reg2reg}
Analysis View: best
Other End Arrival Time          2.860
+ Hold                          0.019
+ Phase Shift                   0.000
+ Uncertainty                   0.400
= Required Time                 3.279
  Arrival Time                  1.213
  Slack Time                   -2.066
     Clock Rise Edge                 0.000
     + Clock Network Latency (Prop)  0.922
     = Beginpoint Arrival Time       0.922
     +-------------------------------------------------------------------------------------------------+ 
     |                 Instance                 |     Arc     |   Cell    | Delay | Arrival | Required | 
     |                                          |             |           |       |  Time   |   Time   | 
     |------------------------------------------+-------------+-----------+-------+---------+----------| 
     | pre_fetch_instruction_iabt_status_reg[2] | CK ^        |           |       |   0.922 |    2.988 | 
     | pre_fetch_instruction_iabt_status_reg[2] | CK ^ -> Q v | DFFQXLLVT | 0.151 |   1.073 |    3.139 | 
     | p0854A__1309                             | A v -> Y v  | MX2X1     | 0.140 |   1.213 |    3.279 | 
     | pre_fetch_instruction_iabt_status_reg[2] | D v         | DFFQXLLVT | 0.000 |   1.213 |    3.279 | 
     +-------------------------------------------------------------------------------------------------+ 
Path 70: VIOLATED Hold Check with Pin o_imm_shift_amount_reg[2]/CK 
Endpoint:   o_imm_shift_amount_reg[2]/D (v) checked with  leading edge of 'CLK'
Beginpoint: o_imm_shift_amount_reg[2]/Q (v) triggered by  leading edge of 'CLK'
Path Groups: {reg2reg}
Analysis View: best
Other End Arrival Time          2.861
+ Hold                          0.038
+ Phase Shift                   0.000
+ Uncertainty                   0.400
= Required Time                 3.299
  Arrival Time                  1.232
  Slack Time                   -2.066
     Clock Rise Edge                 0.000
     + Clock Network Latency (Prop)  0.922
     = Beginpoint Arrival Time       0.922
     +--------------------------------------------------------------------------------------+ 
     |         Instance          |     Arc      |     Cell     | Delay | Arrival | Required | 
     |                           |              |              |       |  Time   |   Time   | 
     |---------------------------+--------------+--------------+-------+---------+----------| 
     | o_imm_shift_amount_reg[2] | CK ^         |              |       |   0.922 |    2.988 | 
     | o_imm_shift_amount_reg[2] | CK ^ -> Q v  | DFFHQX1      | 0.243 |   1.165 |    3.231 | 
     | p0996A71043__1474         | A0N v -> Y v | OAI2BB1X1LVT | 0.067 |   1.232 |    3.299 | 
     | o_imm_shift_amount_reg[2] | D v          | DFFHQX1      | 0.000 |   1.232 |    3.299 | 
     +--------------------------------------------------------------------------------------+ 
Path 71: VIOLATED Hold Check with Pin pre_fetch_instruction_address_reg[16]/CK 
Endpoint:   pre_fetch_instruction_address_reg[16]/D (v) checked with  leading 
edge of 'CLK'
Beginpoint: pre_fetch_instruction_address_reg[16]/Q (v) triggered by  leading 
edge of 'CLK'
Path Groups: {reg2reg}
Analysis View: best
Other End Arrival Time          2.859
+ Hold                          0.019
+ Phase Shift                   0.000
+ Uncertainty                   0.400
= Required Time                 3.279
  Arrival Time                  1.213
  Slack Time                   -2.066
     Clock Rise Edge                 0.000
     + Clock Network Latency (Prop)  0.921
     = Beginpoint Arrival Time       0.921
     +----------------------------------------------------------------------------------------------+ 
     |               Instance                |     Arc     |   Cell    | Delay | Arrival | Required | 
     |                                       |             |           |       |  Time   |   Time   | 
     |---------------------------------------+-------------+-----------+-------+---------+----------| 
     | pre_fetch_instruction_address_reg[16] | CK ^        |           |       |   0.921 |    2.987 | 
     | pre_fetch_instruction_address_reg[16] | CK ^ -> Q v | DFFQXLLVT | 0.153 |   1.074 |    3.140 | 
     | p0854A71122__157075                   | A v -> Y v  | MX2X1     | 0.139 |   1.213 |    3.279 | 
     | pre_fetch_instruction_address_reg[16] | D v         | DFFQXLLVT | 0.000 |   1.213 |    3.279 | 
     +----------------------------------------------------------------------------------------------+ 
Path 72: VIOLATED Hold Check with Pin saved_current_instruction_reg[22]/CK 
Endpoint:   saved_current_instruction_reg[22]/D (v) checked with  leading edge 
of 'CLK'
Beginpoint: saved_current_instruction_reg[22]/Q (v) triggered by  leading edge 
of 'CLK'
Path Groups: {reg2reg}
Analysis View: best
Other End Arrival Time          2.859
+ Hold                          0.019
+ Phase Shift                   0.000
+ Uncertainty                   0.400
= Required Time                 3.278
  Arrival Time                  1.213
  Slack Time                   -2.066
     Clock Rise Edge                 0.000
     + Clock Network Latency (Prop)  0.921
     = Beginpoint Arrival Time       0.921
     +------------------------------------------------------------------------------------------+ 
     |             Instance              |     Arc     |   Cell    | Delay | Arrival | Required | 
     |                                   |             |           |       |  Time   |   Time   | 
     |-----------------------------------+-------------+-----------+-------+---------+----------| 
     | saved_current_instruction_reg[22] | CK ^        |           |       |   0.921 |    2.987 | 
     | saved_current_instruction_reg[22] | CK ^ -> Q v | DFFQXLLVT | 0.152 |   1.073 |    3.138 | 
     | p0555A70353__1309                 | B v -> Y v  | MX2X1     | 0.140 |   1.213 |    3.278 | 
     | saved_current_instruction_reg[22] | D v         | DFFQXLLVT | 0.000 |   1.213 |    3.278 | 
     +------------------------------------------------------------------------------------------+ 
Path 73: VIOLATED Hold Check with Pin pre_fetch_instruction_iabt_reg/CK 
Endpoint:   pre_fetch_instruction_iabt_reg/D (v) checked with  leading edge of 
'CLK'
Beginpoint: pre_fetch_instruction_iabt_reg/Q (v) triggered by  leading edge of 
'CLK'
Path Groups: {reg2reg}
Analysis View: best
Other End Arrival Time          2.857
+ Hold                          0.019
+ Phase Shift                   0.000
+ Uncertainty                   0.400
= Required Time                 3.276
  Arrival Time                  1.210
  Slack Time                   -2.066
     Clock Rise Edge                 0.000
     + Clock Network Latency (Prop)  0.919
     = Beginpoint Arrival Time       0.919
     +---------------------------------------------------------------------------------------+ 
     |            Instance            |     Arc     |   Cell    | Delay | Arrival | Required | 
     |                                |             |           |       |  Time   |   Time   | 
     |--------------------------------+-------------+-----------+-------+---------+----------| 
     | pre_fetch_instruction_iabt_reg | CK ^        |           |       |   0.919 |    2.985 | 
     | pre_fetch_instruction_iabt_reg | CK ^ -> Q v | DFFQXLLVT | 0.153 |   1.071 |    3.137 | 
     | p0854A71136__1786              | A v -> Y v  | MX2X1     | 0.139 |   1.210 |    3.276 | 
     | pre_fetch_instruction_iabt_reg | D v         | DFFQXLLVT | 0.000 |   1.210 |    3.276 | 
     +---------------------------------------------------------------------------------------+ 
Path 74: VIOLATED Hold Check with Pin pre_fetch_instruction_reg[18]/CK 
Endpoint:   pre_fetch_instruction_reg[18]/D (v) checked with  leading edge of 
'CLK'
Beginpoint: pre_fetch_instruction_reg[18]/Q (v) triggered by  leading edge of 
'CLK'
Path Groups: {reg2reg}
Analysis View: best
Other End Arrival Time          2.858
+ Hold                          0.018
+ Phase Shift                   0.000
+ Uncertainty                   0.400
= Required Time                 3.276
  Arrival Time                  1.210
  Slack Time                   -2.066
     Clock Rise Edge                 0.000
     + Clock Network Latency (Prop)  0.919
     = Beginpoint Arrival Time       0.919
     +--------------------------------------------------------------------------------------+ 
     |           Instance            |     Arc     |   Cell    | Delay | Arrival | Required | 
     |                               |             |           |       |  Time   |   Time   | 
     |-------------------------------+-------------+-----------+-------+---------+----------| 
     | pre_fetch_instruction_reg[18] | CK ^        |           |       |   0.919 |    2.985 | 
     | pre_fetch_instruction_reg[18] | CK ^ -> Q v | DFFQXLLVT | 0.152 |   1.071 |    3.137 | 
     | p0854A71158__9906             | A v -> Y v  | MX2X1     | 0.139 |   1.210 |    3.276 | 
     | pre_fetch_instruction_reg[18] | D v         | DFFQXLLVT | 0.000 |   1.210 |    3.276 | 
     +--------------------------------------------------------------------------------------+ 
Path 75: VIOLATED Hold Check with Pin pre_fetch_instruction_reg[22]/CK 
Endpoint:   pre_fetch_instruction_reg[22]/D (v) checked with  leading edge of 
'CLK'
Beginpoint: pre_fetch_instruction_reg[22]/Q (v) triggered by  leading edge of 
'CLK'
Path Groups: {reg2reg}
Analysis View: best
Other End Arrival Time          2.858
+ Hold                          0.017
+ Phase Shift                   0.000
+ Uncertainty                   0.400
= Required Time                 3.275
  Arrival Time                  1.209
  Slack Time                   -2.066
     Clock Rise Edge                 0.000
     + Clock Network Latency (Prop)  0.919
     = Beginpoint Arrival Time       0.919
     +--------------------------------------------------------------------------------------+ 
     |           Instance            |     Arc     |   Cell    | Delay | Arrival | Required | 
     |                               |             |           |       |  Time   |   Time   | 
     |-------------------------------+-------------+-----------+-------+---------+----------| 
     | pre_fetch_instruction_reg[22] | CK ^        |           |       |   0.919 |    2.985 | 
     | pre_fetch_instruction_reg[22] | CK ^ -> Q v | DFFQXLLVT | 0.150 |   1.069 |    3.135 | 
     | p0854A71161__3772             | A v -> Y v  | MX2X1     | 0.140 |   1.209 |    3.275 | 
     | pre_fetch_instruction_reg[22] | D v         | DFFQXLLVT | 0.000 |   1.209 |    3.275 | 
     +--------------------------------------------------------------------------------------+ 
Path 76: VIOLATED Hold Check with Pin pre_fetch_instruction_address_reg[21]/CK 
Endpoint:   pre_fetch_instruction_address_reg[21]/D (v) checked with  leading 
edge of 'CLK'
Beginpoint: pre_fetch_instruction_address_reg[21]/Q (v) triggered by  leading 
edge of 'CLK'
Path Groups: {reg2reg}
Analysis View: best
Other End Arrival Time          2.859
+ Hold                          0.019
+ Phase Shift                   0.000
+ Uncertainty                   0.400
= Required Time                 3.278
  Arrival Time                  1.212
  Slack Time                   -2.065
     Clock Rise Edge                 0.000
     + Clock Network Latency (Prop)  0.920
     = Beginpoint Arrival Time       0.920
     +----------------------------------------------------------------------------------------------+ 
     |               Instance                |     Arc     |   Cell    | Delay | Arrival | Required | 
     |                                       |             |           |       |  Time   |   Time   | 
     |---------------------------------------+-------------+-----------+-------+---------+----------| 
     | pre_fetch_instruction_address_reg[21] | CK ^        |           |       |   0.920 |    2.986 | 
     | pre_fetch_instruction_address_reg[21] | CK ^ -> Q v | DFFQXLLVT | 0.153 |   1.073 |    3.138 | 
     | p0854A71126__4547                     | A v -> Y v  | MX2X1     | 0.139 |   1.212 |    3.278 | 
     | pre_fetch_instruction_address_reg[21] | D v         | DFFQXLLVT | 0.000 |   1.212 |    3.278 | 
     +----------------------------------------------------------------------------------------------+ 
Path 77: VIOLATED Hold Check with Pin o_alu_function_reg[6]/CK 
Endpoint:   o_alu_function_reg[6]/D (v) checked with  leading edge of 'CLK'
Beginpoint: o_alu_function_reg[6]/Q (v) triggered by  leading edge of 'CLK'
Path Groups: {reg2reg}
Analysis View: best
Other End Arrival Time          2.859
+ Hold                          0.035
+ Phase Shift                   0.000
+ Uncertainty                   0.400
= Required Time                 3.294
  Arrival Time                  1.229
  Slack Time                   -2.065
     Clock Rise Edge                 0.000
     + Clock Network Latency (Prop)  0.921
     = Beginpoint Arrival Time       0.921
     +----------------------------------------------------------------------------------+ 
     |       Instance        |     Arc      |     Cell     | Delay | Arrival | Required | 
     |                       |              |              |       |  Time   |   Time   | 
     |-----------------------+--------------+--------------+-------+---------+----------| 
     | o_alu_function_reg[6] | CK ^         |              |       |   0.921 |    2.986 | 
     | o_alu_function_reg[6] | CK ^ -> Q v  | DFFHQX1      | 0.238 |   1.159 |    3.224 | 
     | p0689A70504__5703     | A0N v -> Y v | OAI2BB1X1LVT | 0.069 |   1.229 |    3.294 | 
     | o_alu_function_reg[6] | D v          | DFFHQX1      | 0.000 |   1.229 |    3.294 | 
     +----------------------------------------------------------------------------------+ 
Path 78: VIOLATED Hold Check with Pin saved_current_instruction_reg[16]/CK 
Endpoint:   saved_current_instruction_reg[16]/D (v) checked with  leading edge 
of 'CLK'
Beginpoint: saved_current_instruction_reg[16]/Q (v) triggered by  leading edge 
of 'CLK'
Path Groups: {reg2reg}
Analysis View: best
Other End Arrival Time          2.858
+ Hold                          0.016
+ Phase Shift                   0.000
+ Uncertainty                   0.400
= Required Time                 3.273
  Arrival Time                  1.208
  Slack Time                   -2.065
     Clock Rise Edge                 0.000
     + Clock Network Latency (Prop)  0.919
     = Beginpoint Arrival Time       0.919
     +------------------------------------------------------------------------------------------+ 
     |             Instance              |     Arc     |   Cell    | Delay | Arrival | Required | 
     |                                   |             |           |       |  Time   |   Time   | 
     |-----------------------------------+-------------+-----------+-------+---------+----------| 
     | saved_current_instruction_reg[16] | CK ^        |           |       |   0.919 |    2.984 | 
     | saved_current_instruction_reg[16] | CK ^ -> Q v | DFFQXLLVT | 0.147 |   1.067 |    3.132 | 
     | p0555A70348__3772                 | B v -> Y v  | MX2X1     | 0.142 |   1.208 |    3.273 | 
     | saved_current_instruction_reg[16] | D v         | DFFQXLLVT | 0.000 |   1.208 |    3.273 | 
     +------------------------------------------------------------------------------------------+ 
Path 79: VIOLATED Hold Check with Pin pre_fetch_instruction_address_reg[27]/CK 
Endpoint:   pre_fetch_instruction_address_reg[27]/D (v) checked with  leading 
edge of 'CLK'
Beginpoint: pre_fetch_instruction_address_reg[27]/Q (v) triggered by  leading 
edge of 'CLK'
Path Groups: {reg2reg}
Analysis View: best
Other End Arrival Time          2.860
+ Hold                          0.020
+ Phase Shift                   0.000
+ Uncertainty                   0.400
= Required Time                 3.280
  Arrival Time                  1.215
  Slack Time                   -2.065
     Clock Rise Edge                 0.000
     + Clock Network Latency (Prop)  0.922
     = Beginpoint Arrival Time       0.922
     +----------------------------------------------------------------------------------------------+ 
     |               Instance                |     Arc     |   Cell    | Delay | Arrival | Required | 
     |                                       |             |           |       |  Time   |   Time   | 
     |---------------------------------------+-------------+-----------+-------+---------+----------| 
     | pre_fetch_instruction_address_reg[27] | CK ^        |           |       |   0.922 |    2.986 | 
     | pre_fetch_instruction_address_reg[27] | CK ^ -> Q v | DFFQXLLVT | 0.154 |   1.076 |    3.140 | 
     | p0854A71130__6877                     | A v -> Y v  | MX2X1     | 0.140 |   1.215 |    3.280 | 
     | pre_fetch_instruction_address_reg[27] | D v         | DFFQXLLVT | 0.000 |   1.215 |    3.280 | 
     +----------------------------------------------------------------------------------------------+ 
Path 80: VIOLATED Hold Check with Pin pre_fetch_instruction_address_reg[18]/CK 
Endpoint:   pre_fetch_instruction_address_reg[18]/D (v) checked with  leading 
edge of 'CLK'
Beginpoint: pre_fetch_instruction_address_reg[18]/Q (v) triggered by  leading 
edge of 'CLK'
Path Groups: {reg2reg}
Analysis View: best
Other End Arrival Time          2.859
+ Hold                          0.018
+ Phase Shift                   0.000
+ Uncertainty                   0.400
= Required Time                 3.277
  Arrival Time                  1.212
  Slack Time                   -2.064
     Clock Rise Edge                 0.000
     + Clock Network Latency (Prop)  0.920
     = Beginpoint Arrival Time       0.920
     +----------------------------------------------------------------------------------------------+ 
     |               Instance                |     Arc     |   Cell    | Delay | Arrival | Required | 
     |                                       |             |           |       |  Time   |   Time   | 
     |---------------------------------------+-------------+-----------+-------+---------+----------| 
     | pre_fetch_instruction_address_reg[18] | CK ^        |           |       |   0.920 |    2.985 | 
     | pre_fetch_instruction_address_reg[18] | CK ^ -> Q v | DFFQXLLVT | 0.151 |   1.071 |    3.135 | 
     | g161181                               | B v -> Y v  | MX2X1     | 0.141 |   1.212 |    3.277 | 
     | pre_fetch_instruction_address_reg[18] | D v         | DFFQXLLVT | 0.000 |   1.212 |    3.277 | 
     +----------------------------------------------------------------------------------------------+ 
Path 81: VIOLATED Hold Check with Pin status_bits_mode_r_reg[1]/CK 
Endpoint:   status_bits_mode_r_reg[1]/D (v) checked with  leading edge of 'CLK'
Beginpoint: status_bits_mode_r_reg[1]/Q (v) triggered by  leading edge of 'CLK'
Path Groups: {reg2reg}
Analysis View: best
Other End Arrival Time          2.859
+ Hold                          0.028
+ Phase Shift                   0.000
+ Uncertainty                   0.400
= Required Time                 3.287
  Arrival Time                  1.223
  Slack Time                   -2.064
     Clock Rise Edge                 0.000
     + Clock Network Latency (Prop)  0.921
     = Beginpoint Arrival Time       0.921
     +-----------------------------------------------------------------------------------+ 
     |         Instance          |     Arc     |    Cell    | Delay | Arrival | Required | 
     |                           |             |            |       |  Time   |   Time   | 
     |---------------------------+-------------+------------+-------+---------+----------| 
     | status_bits_mode_r_reg[1] | CK ^        |            |       |   0.921 |    2.985 | 
     | status_bits_mode_r_reg[1] | CK ^ -> Q v | DFFHQX1LVT | 0.162 |   1.083 |    3.147 | 
     | p0580A__110938            | A v -> Y v  | MX2X1      | 0.140 |   1.223 |    3.287 | 
     | status_bits_mode_r_reg[1] | D v         | DFFHQX1LVT | 0.000 |   1.223 |    3.287 | 
     +-----------------------------------------------------------------------------------+ 
Path 82: VIOLATED Hold Check with Pin pre_fetch_instruction_address_reg[12]/CK 
Endpoint:   pre_fetch_instruction_address_reg[12]/D (v) checked with  leading 
edge of 'CLK'
Beginpoint: pre_fetch_instruction_address_reg[12]/Q (v) triggered by  leading 
edge of 'CLK'
Path Groups: {reg2reg}
Analysis View: best
Other End Arrival Time          2.859
+ Hold                          0.019
+ Phase Shift                   0.000
+ Uncertainty                   0.400
= Required Time                 3.278
  Arrival Time                  1.214
  Slack Time                   -2.064
     Clock Rise Edge                 0.000
     + Clock Network Latency (Prop)  0.921
     = Beginpoint Arrival Time       0.921
     +----------------------------------------------------------------------------------------------+ 
     |               Instance                |     Arc     |   Cell    | Delay | Arrival | Required | 
     |                                       |             |           |       |  Time   |   Time   | 
     |---------------------------------------+-------------+-----------+-------+---------+----------| 
     | pre_fetch_instruction_address_reg[12] | CK ^        |           |       |   0.921 |    2.985 | 
     | pre_fetch_instruction_address_reg[12] | CK ^ -> Q v | DFFQXLLVT | 0.153 |   1.073 |    3.138 | 
     | p0854A71120__1857                     | A v -> Y v  | MX2X1     | 0.140 |   1.214 |    3.278 | 
     | pre_fetch_instruction_address_reg[12] | D v         | DFFQXLLVT | 0.000 |   1.214 |    3.278 | 
     +----------------------------------------------------------------------------------------------+ 
Path 83: VIOLATED Hold Check with Pin saved_current_instruction_reg[18]/CK 
Endpoint:   saved_current_instruction_reg[18]/D (v) checked with  leading edge 
of 'CLK'
Beginpoint: saved_current_instruction_reg[18]/Q (v) triggered by  leading edge 
of 'CLK'
Path Groups: {reg2reg}
Analysis View: best
Other End Arrival Time          2.859
+ Hold                          0.019
+ Phase Shift                   0.000
+ Uncertainty                   0.400
= Required Time                 3.278
  Arrival Time                  1.214
  Slack Time                   -2.064
     Clock Rise Edge                 0.000
     + Clock Network Latency (Prop)  0.921
     = Beginpoint Arrival Time       0.921
     +------------------------------------------------------------------------------------------+ 
     |             Instance              |     Arc     |   Cell    | Delay | Arrival | Required | 
     |                                   |             |           |       |  Time   |   Time   | 
     |-----------------------------------+-------------+-----------+-------+---------+----------| 
     | saved_current_instruction_reg[18] | CK ^        |           |       |   0.921 |    2.985 | 
     | saved_current_instruction_reg[18] | CK ^ -> Q v | DFFQXLLVT | 0.153 |   1.074 |    3.138 | 
     | p0555A70345__9906                 | B v -> Y v  | MX2X1     | 0.141 |   1.214 |    3.278 | 
     | saved_current_instruction_reg[18] | D v         | DFFQXLLVT | 0.000 |   1.214 |    3.278 | 
     +------------------------------------------------------------------------------------------+ 
Path 84: VIOLATED Hold Check with Pin pre_fetch_instruction_address_reg[4]/CK 
Endpoint:   pre_fetch_instruction_address_reg[4]/D (v) checked with  leading 
edge of 'CLK'
Beginpoint: pre_fetch_instruction_address_reg[4]/Q (v) triggered by  leading 
edge of 'CLK'
Path Groups: {reg2reg}
Analysis View: best
Other End Arrival Time          2.859
+ Hold                          0.020
+ Phase Shift                   0.000
+ Uncertainty                   0.400
= Required Time                 3.279
  Arrival Time                  1.215
  Slack Time                   -2.064
     Clock Rise Edge                 0.000
     + Clock Network Latency (Prop)  0.921
     = Beginpoint Arrival Time       0.921
     +---------------------------------------------------------------------------------------------+ 
     |               Instance               |     Arc     |   Cell    | Delay | Arrival | Required | 
     |                                      |             |           |       |  Time   |   Time   | 
     |--------------------------------------+-------------+-----------+-------+---------+----------| 
     | pre_fetch_instruction_address_reg[4] | CK ^        |           |       |   0.921 |    2.985 | 
     | pre_fetch_instruction_address_reg[4] | CK ^ -> Q v | DFFQXLLVT | 0.154 |   1.075 |    3.139 | 
     | p0854A71113__2250                    | A v -> Y v  | MX2X1     | 0.140 |   1.215 |    3.279 | 
     | pre_fetch_instruction_address_reg[4] | D v         | DFFQXLLVT | 0.000 |   1.215 |    3.279 | 
     +---------------------------------------------------------------------------------------------+ 
Path 85: VIOLATED Hold Check with Pin pre_fetch_instruction_iabt_status_reg[3]/
CK 
Endpoint:   pre_fetch_instruction_iabt_status_reg[3]/D (v) checked with  
leading edge of 'CLK'
Beginpoint: pre_fetch_instruction_iabt_status_reg[3]/Q (v) triggered by  
leading edge of 'CLK'
Path Groups: {reg2reg}
Analysis View: best
Other End Arrival Time          2.861
+ Hold                          0.019
+ Phase Shift                   0.000
+ Uncertainty                   0.400
= Required Time                 3.279
  Arrival Time                  1.215
  Slack Time                   -2.064
     Clock Rise Edge                 0.000
     + Clock Network Latency (Prop)  0.922
     = Beginpoint Arrival Time       0.922
     +-------------------------------------------------------------------------------------------------+ 
     |                 Instance                 |     Arc     |   Cell    | Delay | Arrival | Required | 
     |                                          |             |           |       |  Time   |   Time   | 
     |------------------------------------------+-------------+-----------+-------+---------+----------| 
     | pre_fetch_instruction_iabt_status_reg[3] | CK ^        |           |       |   0.922 |    2.986 | 
     | pre_fetch_instruction_iabt_status_reg[3] | CK ^ -> Q v | DFFQXLLVT | 0.153 |   1.075 |    3.139 | 
     | p0854A71141__2250                        | A v -> Y v  | MX2X1     | 0.141 |   1.215 |    3.279 | 
     | pre_fetch_instruction_iabt_status_reg[3] | D v         | DFFQXLLVT | 0.000 |   1.215 |    3.279 | 
     +-------------------------------------------------------------------------------------------------+ 
Path 86: VIOLATED Hold Check with Pin pre_fetch_instruction_address_reg[3]/CK 
Endpoint:   pre_fetch_instruction_address_reg[3]/D (v) checked with  leading 
edge of 'CLK'
Beginpoint: pre_fetch_instruction_address_reg[3]/Q (v) triggered by  leading 
edge of 'CLK'
Path Groups: {reg2reg}
Analysis View: best
Other End Arrival Time          2.859
+ Hold                          0.019
+ Phase Shift                   0.000
+ Uncertainty                   0.400
= Required Time                 3.278
  Arrival Time                  1.214
  Slack Time                   -2.064
     Clock Rise Edge                 0.000
     + Clock Network Latency (Prop)  0.921
     = Beginpoint Arrival Time       0.921
     +---------------------------------------------------------------------------------------------+ 
     |               Instance               |     Arc     |   Cell    | Delay | Arrival | Required | 
     |                                      |             |           |       |  Time   |   Time   | 
     |--------------------------------------+-------------+-----------+-------+---------+----------| 
     | pre_fetch_instruction_address_reg[3] | CK ^        |           |       |   0.921 |    2.985 | 
     | pre_fetch_instruction_address_reg[3] | CK ^ -> Q v | DFFQXLLVT | 0.153 |   1.073 |    3.137 | 
     | p0854A71138__5703                    | A v -> Y v  | MX2X1     | 0.140 |   1.214 |    3.278 | 
     | pre_fetch_instruction_address_reg[3] | D v         | DFFQXLLVT | 0.000 |   1.214 |    3.278 | 
     +---------------------------------------------------------------------------------------------+ 
Path 87: VIOLATED Hold Check with Pin pre_fetch_instruction_address_reg[14]/CK 
Endpoint:   pre_fetch_instruction_address_reg[14]/D (v) checked with  leading 
edge of 'CLK'
Beginpoint: pre_fetch_instruction_address_reg[14]/Q (v) triggered by  leading 
edge of 'CLK'
Path Groups: {reg2reg}
Analysis View: best
Other End Arrival Time          2.859
+ Hold                          0.019
+ Phase Shift                   0.000
+ Uncertainty                   0.400
= Required Time                 3.278
  Arrival Time                  1.214
  Slack Time                   -2.064
     Clock Rise Edge                 0.000
     + Clock Network Latency (Prop)  0.921
     = Beginpoint Arrival Time       0.921
     +----------------------------------------------------------------------------------------------+ 
     |               Instance                |     Arc     |   Cell    | Delay | Arrival | Required | 
     |                                       |             |           |       |  Time   |   Time   | 
     |---------------------------------------+-------------+-----------+-------+---------+----------| 
     | pre_fetch_instruction_address_reg[14] | CK ^        |           |       |   0.921 |    2.985 | 
     | pre_fetch_instruction_address_reg[14] | CK ^ -> Q v | DFFQXLLVT | 0.153 |   1.074 |    3.137 | 
     | p0854A71121__9906                     | A v -> Y v  | MX2X1     | 0.140 |   1.214 |    3.278 | 
     | pre_fetch_instruction_address_reg[14] | D v         | DFFQXLLVT | 0.000 |   1.214 |    3.278 | 
     +----------------------------------------------------------------------------------------------+ 
Path 88: VIOLATED Hold Check with Pin pre_fetch_instruction_address_reg[5]/CK 
Endpoint:   pre_fetch_instruction_address_reg[5]/D (v) checked with  leading 
edge of 'CLK'
Beginpoint: pre_fetch_instruction_address_reg[5]/Q (v) triggered by  leading 
edge of 'CLK'
Path Groups: {reg2reg}
Analysis View: best
Other End Arrival Time          2.859
+ Hold                          0.019
+ Phase Shift                   0.000
+ Uncertainty                   0.400
= Required Time                 3.278
  Arrival Time                  1.215
  Slack Time                   -2.064
     Clock Rise Edge                 0.000
     + Clock Network Latency (Prop)  0.921
     = Beginpoint Arrival Time       0.921
     +---------------------------------------------------------------------------------------------+ 
     |               Instance               |     Arc     |   Cell    | Delay | Arrival | Required | 
     |                                      |             |           |       |  Time   |   Time   | 
     |--------------------------------------+-------------+-----------+-------+---------+----------| 
     | pre_fetch_instruction_address_reg[5] | CK ^        |           |       |   0.921 |    2.984 | 
     | pre_fetch_instruction_address_reg[5] | CK ^ -> Q v | DFFQXLLVT | 0.154 |   1.074 |    3.138 | 
     | p0854A71114__6083                    | A v -> Y v  | MX2X1     | 0.140 |   1.215 |    3.278 | 
     | pre_fetch_instruction_address_reg[5] | D v         | DFFQXLLVT | 0.000 |   1.215 |    3.278 | 
     +---------------------------------------------------------------------------------------------+ 
Path 89: VIOLATED Hold Check with Pin saved_current_instruction_adex_reg/CK 
Endpoint:   saved_current_instruction_adex_reg/D (v) checked with  leading edge 
of 'CLK'
Beginpoint: saved_current_instruction_adex_reg/Q (v) triggered by  leading edge 
of 'CLK'
Path Groups: {reg2reg}
Analysis View: best
Other End Arrival Time          2.857
+ Hold                          0.017
+ Phase Shift                   0.000
+ Uncertainty                   0.400
= Required Time                 3.274
  Arrival Time                  1.211
  Slack Time                   -2.063
     Clock Rise Edge                 0.000
     + Clock Network Latency (Prop)  0.919
     = Beginpoint Arrival Time       0.919
     +-------------------------------------------------------------------------------------------+ 
     |              Instance              |     Arc     |   Cell    | Delay | Arrival | Required | 
     |                                    |             |           |       |  Time   |   Time   | 
     |------------------------------------+-------------+-----------+-------+---------+----------| 
     | saved_current_instruction_adex_reg | CK ^        |           |       |   0.919 |    2.982 | 
     | saved_current_instruction_adex_reg | CK ^ -> Q v | DFFQXLLVT | 0.150 |   1.069 |    3.132 | 
     | p0555A70357__7118                  | B v -> Y v  | MX2X1     | 0.142 |   1.211 |    3.274 | 
     | saved_current_instruction_adex_reg | D v         | DFFQXLLVT | 0.000 |   1.211 |    3.274 | 
     +-------------------------------------------------------------------------------------------+ 
Path 90: VIOLATED Hold Check with Pin o_imm32_reg[17]/CK 
Endpoint:   o_imm32_reg[17]/D (v) checked with  leading edge of 'CLK'
Beginpoint: o_imm32_reg[17]/Q (v) triggered by  leading edge of 'CLK'
Path Groups: {reg2reg}
Analysis View: best
Other End Arrival Time          2.861
+ Hold                          0.017
+ Phase Shift                   0.000
+ Uncertainty                   0.400
= Required Time                 3.278
  Arrival Time                  1.215
  Slack Time                   -2.063
     Clock Rise Edge                 0.000
     + Clock Network Latency (Prop)  0.922
     = Beginpoint Arrival Time       0.922
     +---------------------------------------------------------------------------+ 
     |     Instance      |     Arc     |    Cell    | Delay | Arrival | Required | 
     |                   |             |            |       |  Time   |   Time   | 
     |-------------------+-------------+------------+-------+---------+----------| 
     | o_imm32_reg[17]   | CK ^        |            |       |   0.922 |    2.985 | 
     | o_imm32_reg[17]   | CK ^ -> Q v | DFFHQX1LVT | 0.162 |   1.084 |    3.147 | 
     | p0771A__5703      | A0 v -> Y ^ | AOI21XLLVT | 0.054 |   1.138 |    3.201 | 
     | p0626A70382__5795 | B0 ^ -> Y v | OAI21XLLVT | 0.077 |   1.215 |    3.278 | 
     | o_imm32_reg[17]   | D v         | DFFHQX1LVT | 0.000 |   1.215 |    3.278 | 
     +---------------------------------------------------------------------------+ 
Path 91: VIOLATED Hold Check with Pin saved_current_instruction_address_reg[21]/
CK 
Endpoint:   saved_current_instruction_address_reg[21]/D (v) checked with  
leading edge of 'CLK'
Beginpoint: saved_current_instruction_address_reg[21]/Q (v) triggered by  
leading edge of 'CLK'
Path Groups: {reg2reg}
Analysis View: best
Other End Arrival Time          2.859
+ Hold                          0.019
+ Phase Shift                   0.000
+ Uncertainty                   0.400
= Required Time                 3.278
  Arrival Time                  1.215
  Slack Time                   -2.063
     Clock Rise Edge                 0.000
     + Clock Network Latency (Prop)  0.920
     = Beginpoint Arrival Time       0.920
     +--------------------------------------------------------------------------------------------------+ 
     |                 Instance                  |     Arc     |   Cell    | Delay | Arrival | Required | 
     |                                           |             |           |       |  Time   |   Time   | 
     |-------------------------------------------+-------------+-----------+-------+---------+----------| 
     | saved_current_instruction_address_reg[21] | CK ^        |           |       |   0.920 |    2.983 | 
     | saved_current_instruction_address_reg[21] | CK ^ -> Q v | DFFQXLLVT | 0.154 |   1.074 |    3.136 | 
     | p0555A70325__4547                         | B v -> Y v  | MX2X1     | 0.142 |   1.215 |    3.278 | 
     | saved_current_instruction_address_reg[21] | D v         | DFFQXLLVT | 0.000 |   1.215 |    3.278 | 
     +--------------------------------------------------------------------------------------------------+ 
Path 92: VIOLATED Hold Check with Pin pre_fetch_instruction_address_reg[1]/CK 
Endpoint:   pre_fetch_instruction_address_reg[1]/D (v) checked with  leading 
edge of 'CLK'
Beginpoint: pre_fetch_instruction_address_reg[1]/Q (v) triggered by  leading 
edge of 'CLK'
Path Groups: {reg2reg}
Analysis View: best
Other End Arrival Time          2.859
+ Hold                          0.018
+ Phase Shift                   0.000
+ Uncertainty                   0.400
= Required Time                 3.277
  Arrival Time                  1.215
  Slack Time                   -2.062
     Clock Rise Edge                 0.000
     + Clock Network Latency (Prop)  0.920
     = Beginpoint Arrival Time       0.920
     +---------------------------------------------------------------------------------------------+ 
     |               Instance               |     Arc     |   Cell    | Delay | Arrival | Required | 
     |                                      |             |           |       |  Time   |   Time   | 
     |--------------------------------------+-------------+-----------+-------+---------+----------| 
     | pre_fetch_instruction_address_reg[1] | CK ^        |           |       |   0.920 |    2.983 | 
     | pre_fetch_instruction_address_reg[1] | CK ^ -> Q v | DFFQXLLVT | 0.153 |   1.074 |    3.136 | 
     | p0854A71111__7114                    | A v -> Y v  | MX2X1     | 0.141 |   1.215 |    3.277 | 
     | pre_fetch_instruction_address_reg[1] | D v         | DFFQXLLVT | 0.000 |   1.215 |    3.277 | 
     +---------------------------------------------------------------------------------------------+ 
Path 93: VIOLATED Hold Check with Pin saved_current_instruction_iabt_status_
reg[1]/CK 
Endpoint:   saved_current_instruction_iabt_status_reg[1]/D (v) checked with  
leading edge of 'CLK'
Beginpoint: saved_current_instruction_iabt_status_reg[1]/Q (v) triggered by  
leading edge of 'CLK'
Path Groups: {reg2reg}
Analysis View: best
Other End Arrival Time          2.860
+ Hold                          0.020
+ Phase Shift                   0.000
+ Uncertainty                   0.400
= Required Time                 3.280
  Arrival Time                  1.218
  Slack Time                   -2.062
     Clock Rise Edge                 0.000
     + Clock Network Latency (Prop)  0.922
     = Beginpoint Arrival Time       0.922
     +-----------------------------------------------------------------------------------------------------+ 
     |                   Instance                   |     Arc     |   Cell    | Delay | Arrival | Required | 
     |                                              |             |           |       |  Time   |   Time   | 
     |----------------------------------------------+-------------+-----------+-------+---------+----------| 
     | saved_current_instruction_iabt_status_reg[1] | CK ^        |           |       |   0.922 |    2.984 | 
     | saved_current_instruction_iabt_status_reg[1] | CK ^ -> Q v | DFFQXLLVT | 0.155 |   1.077 |    3.139 | 
     | p0555A70337__5266                            | B v -> Y v  | MX2X1     | 0.142 |   1.218 |    3.280 | 
     | saved_current_instruction_iabt_status_reg[1] | D v         | DFFQXLLVT | 0.000 |   1.218 |    3.280 | 
     +-----------------------------------------------------------------------------------------------------+ 
Path 94: VIOLATED Hold Check with Pin saved_current_instruction_reg[26]/CK 
Endpoint:   saved_current_instruction_reg[26]/D (v) checked with  leading edge 
of 'CLK'
Beginpoint: saved_current_instruction_reg[26]/Q (v) triggered by  leading edge 
of 'CLK'
Path Groups: {reg2reg}
Analysis View: best
Other End Arrival Time          2.859
+ Hold                          0.019
+ Phase Shift                   0.000
+ Uncertainty                   0.400
= Required Time                 3.278
  Arrival Time                  1.216
  Slack Time                   -2.062
     Clock Rise Edge                 0.000
     + Clock Network Latency (Prop)  0.920
     = Beginpoint Arrival Time       0.920
     +------------------------------------------------------------------------------------------+ 
     |             Instance              |     Arc     |   Cell    | Delay | Arrival | Required | 
     |                                   |             |           |       |  Time   |   Time   | 
     |-----------------------------------+-------------+-----------+-------+---------+----------| 
     | saved_current_instruction_reg[26] | CK ^        |           |       |   0.920 |    2.982 | 
     | saved_current_instruction_reg[26] | CK ^ -> Q v | DFFQXLLVT | 0.155 |   1.075 |    3.137 | 
     | g161172                           | A v -> Y v  | MX2X1     | 0.141 |   1.216 |    3.278 | 
     | saved_current_instruction_reg[26] | D v         | DFFQXLLVT | 0.000 |   1.216 |    3.278 | 
     +------------------------------------------------------------------------------------------+ 
Path 95: VIOLATED Hold Check with Pin o_reg_bank_wen_reg[13]/CK 
Endpoint:   o_reg_bank_wen_reg[13]/D (v) checked with  leading edge of 'CLK'
Beginpoint: o_reg_bank_wen_reg[13]/Q (v) triggered by  leading edge of 'CLK'
Path Groups: {reg2reg}
Analysis View: best
Other End Arrival Time          2.860
+ Hold                          0.020
+ Phase Shift                   0.000
+ Uncertainty                   0.400
= Required Time                 3.281
  Arrival Time                  1.219
  Slack Time                   -2.062
     Clock Rise Edge                 0.000
     + Clock Network Latency (Prop)  0.922
     = Beginpoint Arrival Time       0.922
     +--------------------------------------------------------------------------------+ 
     |        Instance        |     Arc     |    Cell    | Delay | Arrival | Required | 
     |                        |             |            |       |  Time   |   Time   | 
     |------------------------+-------------+------------+-------+---------+----------| 
     | o_reg_bank_wen_reg[13] | CK ^        |            |       |   0.922 |    2.984 | 
     | o_reg_bank_wen_reg[13] | CK ^ -> Q v | DFFHQX1LVT | 0.182 |   1.104 |    3.166 | 
     | p1381A72189            | A v -> Y ^  | NAND2XLLVT | 0.049 |   1.153 |    3.215 | 
     | p0433A70169__5953      | B0 ^ -> Y v | OAI21XLLVT | 0.066 |   1.219 |    3.281 | 
     | o_reg_bank_wen_reg[13] | D v         | DFFHQX1LVT | 0.000 |   1.219 |    3.281 | 
     +--------------------------------------------------------------------------------+ 
Path 96: VIOLATED Hold Check with Pin saved_current_instruction_address_reg[6]/
CK 
Endpoint:   saved_current_instruction_address_reg[6]/D (v) checked with  
leading edge of 'CLK'
Beginpoint: saved_current_instruction_address_reg[6]/Q (v) triggered by  
leading edge of 'CLK'
Path Groups: {reg2reg}
Analysis View: best
Other End Arrival Time          2.859
+ Hold                          0.020
+ Phase Shift                   0.000
+ Uncertainty                   0.400
= Required Time                 3.279
  Arrival Time                  1.218
  Slack Time                   -2.061
     Clock Rise Edge                 0.000
     + Clock Network Latency (Prop)  0.921
     = Beginpoint Arrival Time       0.921
     +-------------------------------------------------------------------------------------------------+ 
     |                 Instance                 |     Arc     |   Cell    | Delay | Arrival | Required | 
     |                                          |             |           |       |  Time   |   Time   | 
     |------------------------------------------+-------------+-----------+-------+---------+----------| 
     | saved_current_instruction_address_reg[6] | CK ^        |           |       |   0.921 |    2.982 | 
     | saved_current_instruction_address_reg[6] | CK ^ -> Q v | DFFQXLLVT | 0.155 |   1.076 |    3.137 | 
     | p0555A70293__7118                        | B v -> Y v  | MX2X1     | 0.142 |   1.218 |    3.279 | 
     | saved_current_instruction_address_reg[6] | D v         | DFFQXLLVT | 0.000 |   1.218 |    3.279 | 
     +-------------------------------------------------------------------------------------------------+ 
Path 97: VIOLATED Hold Check with Pin pre_fetch_instruction_iabt_status_reg[5]/
CK 
Endpoint:   pre_fetch_instruction_iabt_status_reg[5]/D (v) checked with  
leading edge of 'CLK'
Beginpoint: pre_fetch_instruction_iabt_status_reg[5]/Q (v) triggered by  
leading edge of 'CLK'
Path Groups: {reg2reg}
Analysis View: best
Other End Arrival Time          2.860
+ Hold                          0.019
+ Phase Shift                   0.000
+ Uncertainty                   0.400
= Required Time                 3.279
  Arrival Time                  1.217
  Slack Time                   -2.061
     Clock Rise Edge                 0.000
     + Clock Network Latency (Prop)  0.921
     = Beginpoint Arrival Time       0.921
     +-------------------------------------------------------------------------------------------------+ 
     |                 Instance                 |     Arc     |   Cell    | Delay | Arrival | Required | 
     |                                          |             |           |       |  Time   |   Time   | 
     |------------------------------------------+-------------+-----------+-------+---------+----------| 
     | pre_fetch_instruction_iabt_status_reg[5] | CK ^        |           |       |   0.921 |    2.983 | 
     | pre_fetch_instruction_iabt_status_reg[5] | CK ^ -> Q v | DFFQXLLVT | 0.154 |   1.076 |    3.137 | 
     | p0854A71143__9682                        | A v -> Y v  | MX2X1     | 0.142 |   1.217 |    3.279 | 
     | pre_fetch_instruction_iabt_status_reg[5] | D v         | DFFQXLLVT | 0.000 |   1.217 |    3.279 | 
     +-------------------------------------------------------------------------------------------------+ 
Path 98: VIOLATED Hold Check with Pin o_status_bits_sel_reg[2]/CK 
Endpoint:   o_status_bits_sel_reg[2]/D (v) checked with  leading edge of 'CLK'
Beginpoint: o_status_bits_sel_reg[2]/Q (v) triggered by  leading edge of 'CLK'
Path Groups: {reg2reg}
Analysis View: best
Other End Arrival Time          2.859
+ Hold                          0.029
+ Phase Shift                   0.000
+ Uncertainty                   0.400
= Required Time                 3.288
  Arrival Time                  1.227
  Slack Time                   -2.061
     Clock Rise Edge                 0.000
     + Clock Network Latency (Prop)  0.921
     = Beginpoint Arrival Time       0.921
     +----------------------------------------------------------------------------------+ 
     |         Instance         |     Arc     |    Cell    | Delay | Arrival | Required | 
     |                          |             |            |       |  Time   |   Time   | 
     |--------------------------+-------------+------------+-------+---------+----------| 
     | o_status_bits_sel_reg[2] | CK ^        |            |       |   0.921 |    2.982 | 
     | o_status_bits_sel_reg[2] | CK ^ -> Q v | DFFHQX1LVT | 0.187 |   1.108 |    3.169 | 
     | g134641                  | A0 v -> Y v | AO22XLLVT  | 0.119 |   1.227 |    3.288 | 
     | o_status_bits_sel_reg[2] | D v         | DFFHQX1LVT | 0.000 |   1.227 |    3.288 | 
     +----------------------------------------------------------------------------------+ 
Path 99: VIOLATED Hold Check with Pin pre_fetch_instruction_iabt_status_reg[6]/
CK 
Endpoint:   pre_fetch_instruction_iabt_status_reg[6]/D (v) checked with  
leading edge of 'CLK'
Beginpoint: pre_fetch_instruction_iabt_status_reg[6]/Q (v) triggered by  
leading edge of 'CLK'
Path Groups: {reg2reg}
Analysis View: best
Other End Arrival Time          2.860
+ Hold                          0.018
+ Phase Shift                   0.000
+ Uncertainty                   0.400
= Required Time                 3.278
  Arrival Time                  1.217
  Slack Time                   -2.061
     Clock Rise Edge                 0.000
     + Clock Network Latency (Prop)  0.921
     = Beginpoint Arrival Time       0.921
     +-------------------------------------------------------------------------------------------------+ 
     |                 Instance                 |     Arc     |   Cell    | Delay | Arrival | Required | 
     |                                          |             |           |       |  Time   |   Time   | 
     |------------------------------------------+-------------+-----------+-------+---------+----------| 
     | pre_fetch_instruction_iabt_status_reg[6] | CK ^        |           |       |   0.921 |    2.982 | 
     | pre_fetch_instruction_iabt_status_reg[6] | CK ^ -> Q v | DFFQXLLVT | 0.154 |   1.075 |    3.136 | 
     | p0854A71144__4547                        | A v -> Y v  | MX2X1     | 0.142 |   1.217 |    3.278 | 
     | pre_fetch_instruction_iabt_status_reg[6] | D v         | DFFQXLLVT | 0.000 |   1.217 |    3.278 | 
     +-------------------------------------------------------------------------------------------------+ 
Path 100: VIOLATED Hold Check with Pin pre_fetch_instruction_address_reg[7]/CK 
Endpoint:   pre_fetch_instruction_address_reg[7]/D (v) checked with  leading 
edge of 'CLK'
Beginpoint: pre_fetch_instruction_address_reg[7]/Q (v) triggered by  leading 
edge of 'CLK'
Path Groups: {reg2reg}
Analysis View: best
Other End Arrival Time          2.859
+ Hold                          0.019
+ Phase Shift                   0.000
+ Uncertainty                   0.400
= Required Time                 3.278
  Arrival Time                  1.218
  Slack Time                   -2.060
     Clock Rise Edge                 0.000
     + Clock Network Latency (Prop)  0.921
     = Beginpoint Arrival Time       0.921
     +---------------------------------------------------------------------------------------------+ 
     |               Instance               |     Arc     |   Cell    | Delay | Arrival | Required | 
     |                                      |             |           |       |  Time   |   Time   | 
     |--------------------------------------+-------------+-----------+-------+---------+----------| 
     | pre_fetch_instruction_address_reg[7] | CK ^        |           |       |   0.921 |    2.981 | 
     | pre_fetch_instruction_address_reg[7] | CK ^ -> Q v | DFFQXLLVT | 0.155 |   1.076 |    3.136 | 
     | p0854A71116__5795                    | A v -> Y v  | MX2X1     | 0.142 |   1.218 |    3.278 | 
     | pre_fetch_instruction_address_reg[7] | D v         | DFFQXLLVT | 0.000 |   1.218 |    3.278 | 
     +---------------------------------------------------------------------------------------------+ 
Path 101: VIOLATED Hold Check with Pin pre_fetch_instruction_address_reg[17]/CK 
Endpoint:   pre_fetch_instruction_address_reg[17]/D (v) checked with  leading 
edge of 'CLK'
Beginpoint: pre_fetch_instruction_address_reg[17]/Q (v) triggered by  leading 
edge of 'CLK'
Path Groups: {reg2reg}
Analysis View: best
Other End Arrival Time          2.859
+ Hold                          0.017
+ Phase Shift                   0.000
+ Uncertainty                   0.400
= Required Time                 3.275
  Arrival Time                  1.215
  Slack Time                   -2.060
     Clock Rise Edge                 0.000
     + Clock Network Latency (Prop)  0.920
     = Beginpoint Arrival Time       0.920
     +----------------------------------------------------------------------------------------------+ 
     |               Instance                |     Arc     |   Cell    | Delay | Arrival | Required | 
     |                                       |             |           |       |  Time   |   Time   | 
     |---------------------------------------+-------------+-----------+-------+---------+----------| 
     | pre_fetch_instruction_address_reg[17] | CK ^        |           |       |   0.920 |    2.980 | 
     | pre_fetch_instruction_address_reg[17] | CK ^ -> Q v | DFFQXLLVT | 0.152 |   1.072 |    3.132 | 
     | p0854A71123__140231                   | A v -> Y v  | MX2X1     | 0.143 |   1.215 |    3.275 | 
     | pre_fetch_instruction_address_reg[17] | D v         | DFFQXLLVT | 0.000 |   1.215 |    3.275 | 
     +----------------------------------------------------------------------------------------------+ 
Path 102: VIOLATED Hold Check with Pin saved_current_instruction_iabt_status_
reg[3]/CK 
Endpoint:   saved_current_instruction_iabt_status_reg[3]/D (v) checked with  
leading edge of 'CLK'
Beginpoint: saved_current_instruction_iabt_status_reg[3]/Q (v) triggered by  
leading edge of 'CLK'
Path Groups: {reg2reg}
Analysis View: best
Other End Arrival Time          2.861
+ Hold                          0.020
+ Phase Shift                   0.000
+ Uncertainty                   0.400
= Required Time                 3.280
  Arrival Time                  1.220
  Slack Time                   -2.060
     Clock Rise Edge                 0.000
     + Clock Network Latency (Prop)  0.922
     = Beginpoint Arrival Time       0.922
     +-----------------------------------------------------------------------------------------------------+ 
     |                   Instance                   |     Arc     |   Cell    | Delay | Arrival | Required | 
     |                                              |             |           |       |  Time   |   Time   | 
     |----------------------------------------------+-------------+-----------+-------+---------+----------| 
     | saved_current_instruction_iabt_status_reg[3] | CK ^        |           |       |   0.922 |    2.982 | 
     | saved_current_instruction_iabt_status_reg[3] | CK ^ -> Q v | DFFQXLLVT | 0.155 |   1.078 |    3.137 | 
     | p0555A70339__2703                            | B v -> Y v  | MX2X1     | 0.143 |   1.220 |    3.280 | 
     | saved_current_instruction_iabt_status_reg[3] | D v         | DFFQXLLVT | 0.000 |   1.220 |    3.280 | 
     +-----------------------------------------------------------------------------------------------------+ 
Path 103: VIOLATED Hold Check with Pin pre_fetch_instruction_address_reg[2]/CK 
Endpoint:   pre_fetch_instruction_address_reg[2]/D (v) checked with  leading 
edge of 'CLK'
Beginpoint: pre_fetch_instruction_address_reg[2]/Q (v) triggered by  leading 
edge of 'CLK'
Path Groups: {reg2reg}
Analysis View: best
Other End Arrival Time          2.859
+ Hold                          0.018
+ Phase Shift                   0.000
+ Uncertainty                   0.400
= Required Time                 3.277
  Arrival Time                  1.218
  Slack Time                   -2.060
     Clock Rise Edge                 0.000
     + Clock Network Latency (Prop)  0.921
     = Beginpoint Arrival Time       0.921
     +---------------------------------------------------------------------------------------------+ 
     |               Instance               |     Arc     |   Cell    | Delay | Arrival | Required | 
     |                                      |             |           |       |  Time   |   Time   | 
     |--------------------------------------+-------------+-----------+-------+---------+----------| 
     | pre_fetch_instruction_address_reg[2] | CK ^        |           |       |   0.921 |    2.980 | 
     | pre_fetch_instruction_address_reg[2] | CK ^ -> Q v | DFFQXLLVT | 0.154 |   1.075 |    3.135 | 
     | p0854A71112__5266                    | A v -> Y v  | MX2X1     | 0.143 |   1.218 |    3.277 | 
     | pre_fetch_instruction_address_reg[2] | D v         | DFFQXLLVT | 0.000 |   1.218 |    3.277 | 
     +---------------------------------------------------------------------------------------------+ 
Path 104: VIOLATED Hold Check with Pin saved_current_instruction_address_
reg[13]/CK 
Endpoint:   saved_current_instruction_address_reg[13]/D (v) checked with  
leading edge of 'CLK'
Beginpoint: saved_current_instruction_address_reg[13]/Q (v) triggered by  
leading edge of 'CLK'
Path Groups: {reg2reg}
Analysis View: best
Other End Arrival Time          2.860
+ Hold                          0.019
+ Phase Shift                   0.000
+ Uncertainty                   0.400
= Required Time                 3.279
  Arrival Time                  1.220
  Slack Time                   -2.060
     Clock Rise Edge                 0.000
     + Clock Network Latency (Prop)  0.922
     = Beginpoint Arrival Time       0.922
     +--------------------------------------------------------------------------------------------------+ 
     |                 Instance                  |     Arc     |   Cell    | Delay | Arrival | Required | 
     |                                           |             |           |       |  Time   |   Time   | 
     |-------------------------------------------+-------------+-----------+-------+---------+----------| 
     | saved_current_instruction_address_reg[13] | CK ^        |           |       |   0.922 |    2.981 | 
     | saved_current_instruction_address_reg[13] | CK ^ -> Q v | DFFQXLLVT | 0.155 |   1.076 |    3.136 | 
     | p0555A70287__5703                         | B v -> Y v  | MX2X1     | 0.143 |   1.220 |    3.279 | 
     | saved_current_instruction_address_reg[13] | D v         | DFFQXLLVT | 0.000 |   1.220 |    3.279 | 
     +--------------------------------------------------------------------------------------------------+ 
Path 105: VIOLATED Hold Check with Pin pre_fetch_instruction_address_reg[25]/CK 
Endpoint:   pre_fetch_instruction_address_reg[25]/D (v) checked with  leading 
edge of 'CLK'
Beginpoint: pre_fetch_instruction_address_reg[25]/Q (v) triggered by  leading 
edge of 'CLK'
Path Groups: {reg2reg}
Analysis View: best
Other End Arrival Time          2.859
+ Hold                          0.019
+ Phase Shift                   0.000
+ Uncertainty                   0.400
= Required Time                 3.278
  Arrival Time                  1.218
  Slack Time                   -2.060
     Clock Rise Edge                 0.000
     + Clock Network Latency (Prop)  0.920
     = Beginpoint Arrival Time       0.920
     +----------------------------------------------------------------------------------------------+ 
     |               Instance                |     Arc     |   Cell    | Delay | Arrival | Required | 
     |                                       |             |           |       |  Time   |   Time   | 
     |---------------------------------------+-------------+-----------+-------+---------+----------| 
     | pre_fetch_instruction_address_reg[25] | CK ^        |           |       |   0.920 |    2.980 | 
     | pre_fetch_instruction_address_reg[25] | CK ^ -> Q v | DFFQXLLVT | 0.156 |   1.076 |    3.136 | 
     | p0854A71109__5953                     | A v -> Y v  | MX2X1     | 0.142 |   1.218 |    3.278 | 
     | pre_fetch_instruction_address_reg[25] | D v         | DFFQXLLVT | 0.000 |   1.218 |    3.278 | 
     +----------------------------------------------------------------------------------------------+ 
Path 106: VIOLATED Hold Check with Pin pre_fetch_instruction_address_reg[31]/CK 
Endpoint:   pre_fetch_instruction_address_reg[31]/D (v) checked with  leading 
edge of 'CLK'
Beginpoint: pre_fetch_instruction_address_reg[31]/Q (v) triggered by  leading 
edge of 'CLK'
Path Groups: {reg2reg}
Analysis View: best
Other End Arrival Time          2.860
+ Hold                          0.018
+ Phase Shift                   0.000
+ Uncertainty                   0.400
= Required Time                 3.278
  Arrival Time                  1.219
  Slack Time                   -2.059
     Clock Rise Edge                 0.000
     + Clock Network Latency (Prop)  0.921
     = Beginpoint Arrival Time       0.921
     +----------------------------------------------------------------------------------------------+ 
     |               Instance                |     Arc     |   Cell    | Delay | Arrival | Required | 
     |                                       |             |           |       |  Time   |   Time   | 
     |---------------------------------------+-------------+-----------+-------+---------+----------| 
     | pre_fetch_instruction_address_reg[31] | CK ^        |           |       |   0.921 |    2.981 | 
     | pre_fetch_instruction_address_reg[31] | CK ^ -> Q v | DFFQXLLVT | 0.154 |   1.076 |    3.135 | 
     | p0854A71134__7118                     | A v -> Y v  | MX2X1     | 0.143 |   1.219 |    3.278 | 
     | pre_fetch_instruction_address_reg[31] | D v         | DFFQXLLVT | 0.000 |   1.219 |    3.278 | 
     +----------------------------------------------------------------------------------------------+ 
Path 107: VIOLATED Hold Check with Pin saved_current_instruction_iabt_status_
reg[4]/CK 
Endpoint:   saved_current_instruction_iabt_status_reg[4]/D (v) checked with  
leading edge of 'CLK'
Beginpoint: saved_current_instruction_iabt_status_reg[4]/Q (v) triggered by  
leading edge of 'CLK'
Path Groups: {reg2reg}
Analysis View: best
Other End Arrival Time          2.860
+ Hold                          0.020
+ Phase Shift                   0.000
+ Uncertainty                   0.400
= Required Time                 3.281
  Arrival Time                  1.221
  Slack Time                   -2.059
     Clock Rise Edge                 0.000
     + Clock Network Latency (Prop)  0.922
     = Beginpoint Arrival Time       0.922
     +-----------------------------------------------------------------------------------------------------+ 
     |                   Instance                   |     Arc     |   Cell    | Delay | Arrival | Required | 
     |                                              |             |           |       |  Time   |   Time   | 
     |----------------------------------------------+-------------+-----------+-------+---------+----------| 
     | saved_current_instruction_iabt_status_reg[4] | CK ^        |           |       |   0.922 |    2.981 | 
     | saved_current_instruction_iabt_status_reg[4] | CK ^ -> Q v | DFFQXLLVT | 0.156 |   1.078 |    3.137 | 
     | p0555A70340__5795                            | B v -> Y v  | MX2X1     | 0.143 |   1.221 |    3.281 | 
     | saved_current_instruction_iabt_status_reg[4] | D v         | DFFQXLLVT | 0.000 |   1.221 |    3.281 | 
     +-----------------------------------------------------------------------------------------------------+ 
Path 108: VIOLATED Hold Check with Pin mtrans_reg_d2_reg[2]/CK 
Endpoint:   mtrans_reg_d2_reg[2]/D (v) checked with  leading edge of 'CLK'
Beginpoint: mtrans_reg_d1_reg[2]/Q (v) triggered by  leading edge of 'CLK'
Path Groups: {reg2reg}
Analysis View: best
Other End Arrival Time          2.861
+ Hold                          0.020
+ Phase Shift                   0.000
+ Uncertainty                   0.400
= Required Time                 3.280
  Arrival Time                  1.222
  Slack Time                   -2.059
     Clock Rise Edge                 0.000
     + Clock Network Latency (Prop)  0.922
     = Beginpoint Arrival Time       0.922
     +-----------------------------------------------------------------------------+ 
     |       Instance       |     Arc     |   Cell    | Delay | Arrival | Required | 
     |                      |             |           |       |  Time   |   Time   | 
     |----------------------+-------------+-----------+-------+---------+----------| 
     | mtrans_reg_d1_reg[2] | CK ^        |           |       |   0.922 |    2.981 | 
     | mtrans_reg_d1_reg[2] | CK ^ -> Q v | DFFQXLLVT | 0.157 |   1.079 |    3.138 | 
     | p1398A               | A v -> Y v  | MX2X1     | 0.142 |   1.222 |    3.280 | 
     | mtrans_reg_d2_reg[2] | D v         | DFFQXLLVT | 0.000 |   1.222 |    3.280 | 
     +-----------------------------------------------------------------------------+ 
Path 109: VIOLATED Hold Check with Pin dabt_reg_d1_reg/CK 
Endpoint:   dabt_reg_d1_reg/D (v) checked with  leading edge of 'CLK'
Beginpoint: dabt_reg_d1_reg/Q (v) triggered by  leading edge of 'CLK'
Path Groups: {reg2reg}
Analysis View: best
Other End Arrival Time          2.859
+ Hold                          0.018
+ Phase Shift                   0.000
+ Uncertainty                   0.400
= Required Time                 3.277
  Arrival Time                  1.218
  Slack Time                   -2.059
     Clock Rise Edge                 0.000
     + Clock Network Latency (Prop)  0.920
     = Beginpoint Arrival Time       0.920
     +------------------------------------------------------------------------+ 
     |    Instance     |     Arc     |   Cell    | Delay | Arrival | Required | 
     |                 |             |           |       |  Time   |   Time   | 
     |-----------------+-------------+-----------+-------+---------+----------| 
     | dabt_reg_d1_reg | CK ^        |           |       |   0.920 |    2.979 | 
     | dabt_reg_d1_reg | CK ^ -> Q v | DFFQXLLVT | 0.154 |   1.075 |    3.133 | 
     | p1398A132520    | B v -> Y v  | MX2X1     | 0.144 |   1.218 |    3.277 | 
     | dabt_reg_d1_reg | D v         | DFFQXLLVT | 0.000 |   1.218 |    3.277 | 
     +------------------------------------------------------------------------+ 
Path 110: VIOLATED Hold Check with Pin pre_fetch_instruction_address_reg[19]/CK 
Endpoint:   pre_fetch_instruction_address_reg[19]/D (v) checked with  leading 
edge of 'CLK'
Beginpoint: pre_fetch_instruction_address_reg[19]/Q (v) triggered by  leading 
edge of 'CLK'
Path Groups: {reg2reg}
Analysis View: best
Other End Arrival Time          2.859
+ Hold                          0.016
+ Phase Shift                   0.000
+ Uncertainty                   0.400
= Required Time                 3.276
  Arrival Time                  1.217
  Slack Time                   -2.059
     Clock Rise Edge                 0.000
     + Clock Network Latency (Prop)  0.921
     = Beginpoint Arrival Time       0.921
     +----------------------------------------------------------------------------------------------+ 
     |               Instance                |     Arc     |   Cell    | Delay | Arrival | Required | 
     |                                       |             |           |       |  Time   |   Time   | 
     |---------------------------------------+-------------+-----------+-------+---------+----------| 
     | pre_fetch_instruction_address_reg[19] | CK ^        |           |       |   0.921 |    2.979 | 
     | pre_fetch_instruction_address_reg[19] | CK ^ -> Q v | DFFQXLLVT | 0.152 |   1.073 |    3.132 | 
     | p0854A71106__7118                     | A v -> Y v  | MX2X1     | 0.144 |   1.217 |    3.276 | 
     | pre_fetch_instruction_address_reg[19] | D v         | DFFQXLLVT | 0.000 |   1.217 |    3.276 | 
     +----------------------------------------------------------------------------------------------+ 
Path 111: VIOLATED Hold Check with Pin pre_fetch_instruction_address_reg[11]/CK 
Endpoint:   pre_fetch_instruction_address_reg[11]/D (v) checked with  leading 
edge of 'CLK'
Beginpoint: pre_fetch_instruction_address_reg[11]/Q (v) triggered by  leading 
edge of 'CLK'
Path Groups: {reg2reg}
Analysis View: best
Other End Arrival Time          2.859
+ Hold                          0.018
+ Phase Shift                   0.000
+ Uncertainty                   0.400
= Required Time                 3.277
  Arrival Time                  1.219
  Slack Time                   -2.059
     Clock Rise Edge                 0.000
     + Clock Network Latency (Prop)  0.921
     = Beginpoint Arrival Time       0.921
     +----------------------------------------------------------------------------------------------+ 
     |               Instance                |     Arc     |   Cell    | Delay | Arrival | Required | 
     |                                       |             |           |       |  Time   |   Time   | 
     |---------------------------------------+-------------+-----------+-------+---------+----------| 
     | pre_fetch_instruction_address_reg[11] | CK ^        |           |       |   0.921 |    2.979 | 
     | pre_fetch_instruction_address_reg[11] | CK ^ -> Q v | DFFQXLLVT | 0.155 |   1.076 |    3.134 | 
     | p0854A71119__5019                     | A v -> Y v  | MX2X1     | 0.143 |   1.219 |    3.277 | 
     | pre_fetch_instruction_address_reg[11] | D v         | DFFQXLLVT | 0.000 |   1.219 |    3.277 | 
     +----------------------------------------------------------------------------------------------+ 
Path 112: VIOLATED Hold Check with Pin saved_current_instruction_reg[23]/CK 
Endpoint:   saved_current_instruction_reg[23]/D (v) checked with  leading edge 
of 'CLK'
Beginpoint: saved_current_instruction_reg[23]/Q (v) triggered by  leading edge 
of 'CLK'
Path Groups: {reg2reg}
Analysis View: best
Other End Arrival Time          2.857
+ Hold                          0.017
+ Phase Shift                   0.000
+ Uncertainty                   0.400
= Required Time                 3.274
  Arrival Time                  1.216
  Slack Time                   -2.058
     Clock Rise Edge                 0.000
     + Clock Network Latency (Prop)  0.919
     = Beginpoint Arrival Time       0.919
     +------------------------------------------------------------------------------------------+ 
     |             Instance              |     Arc     |   Cell    | Delay | Arrival | Required | 
     |                                   |             |           |       |  Time   |   Time   | 
     |-----------------------------------+-------------+-----------+-------+---------+----------| 
     | saved_current_instruction_reg[23] | CK ^        |           |       |   0.919 |    2.977 | 
     | saved_current_instruction_reg[23] | CK ^ -> Q v | DFFQXLLVT | 0.152 |   1.071 |    3.130 | 
     | p0555A70350__110791               | B v -> Y v  | MX2X1     | 0.144 |   1.216 |    3.274 | 
     | saved_current_instruction_reg[23] | D v         | DFFQXLLVT | 0.000 |   1.216 |    3.274 | 
     +------------------------------------------------------------------------------------------+ 
Path 113: VIOLATED Hold Check with Pin pre_fetch_instruction_iabt_status_reg[7]/
CK 
Endpoint:   pre_fetch_instruction_iabt_status_reg[7]/D (v) checked with  
leading edge of 'CLK'
Beginpoint: pre_fetch_instruction_iabt_status_reg[7]/Q (v) triggered by  
leading edge of 'CLK'
Path Groups: {reg2reg}
Analysis View: best
Other End Arrival Time          2.861
+ Hold                          0.019
+ Phase Shift                   0.000
+ Uncertainty                   0.400
= Required Time                 3.279
  Arrival Time                  1.221
  Slack Time                   -2.058
     Clock Rise Edge                 0.000
     + Clock Network Latency (Prop)  0.922
     = Beginpoint Arrival Time       0.922
     +-------------------------------------------------------------------------------------------------+ 
     |                 Instance                 |     Arc     |   Cell    | Delay | Arrival | Required | 
     |                                          |             |           |       |  Time   |   Time   | 
     |------------------------------------------+-------------+-----------+-------+---------+----------| 
     | pre_fetch_instruction_iabt_status_reg[7] | CK ^        |           |       |   0.922 |    2.980 | 
     | pre_fetch_instruction_iabt_status_reg[7] | CK ^ -> Q v | DFFQXLLVT | 0.156 |   1.078 |    3.136 | 
     | p0854A71145__1474                        | A v -> Y v  | MX2X1     | 0.143 |   1.221 |    3.279 | 
     | pre_fetch_instruction_iabt_status_reg[7] | D v         | DFFQXLLVT | 0.000 |   1.221 |    3.279 | 
     +-------------------------------------------------------------------------------------------------+ 
Path 114: VIOLATED Hold Check with Pin pre_fetch_instruction_iabt_status_reg[4]/
CK 
Endpoint:   pre_fetch_instruction_iabt_status_reg[4]/D (v) checked with  
leading edge of 'CLK'
Beginpoint: pre_fetch_instruction_iabt_status_reg[4]/Q (v) triggered by  
leading edge of 'CLK'
Path Groups: {reg2reg}
Analysis View: best
Other End Arrival Time          2.860
+ Hold                          0.019
+ Phase Shift                   0.000
+ Uncertainty                   0.400
= Required Time                 3.279
  Arrival Time                  1.222
  Slack Time                   -2.058
     Clock Rise Edge                 0.000
     + Clock Network Latency (Prop)  0.922
     = Beginpoint Arrival Time       0.922
     +-------------------------------------------------------------------------------------------------+ 
     |                 Instance                 |     Arc     |   Cell    | Delay | Arrival | Required | 
     |                                          |             |           |       |  Time   |   Time   | 
     |------------------------------------------+-------------+-----------+-------+---------+----------| 
     | pre_fetch_instruction_iabt_status_reg[4] | CK ^        |           |       |   0.922 |    2.980 | 
     | pre_fetch_instruction_iabt_status_reg[4] | CK ^ -> Q v | DFFQXLLVT | 0.156 |   1.078 |    3.136 | 
     | p0854A71142__2683                        | A v -> Y v  | MX2X1     | 0.143 |   1.222 |    3.279 | 
     | pre_fetch_instruction_iabt_status_reg[4] | D v         | DFFQXLLVT | 0.000 |   1.222 |    3.279 | 
     +-------------------------------------------------------------------------------------------------+ 
Path 115: VIOLATED Hold Check with Pin o_reg_bank_wsel_reg[3]/CK 
Endpoint:   o_reg_bank_wsel_reg[3]/D (v) checked with  leading edge of 'CLK'
Beginpoint: o_reg_bank_wsel_reg[3]/Q (v) triggered by  leading edge of 'CLK'
Path Groups: {reg2reg}
Analysis View: best
Other End Arrival Time          2.859
+ Hold                          0.028
+ Phase Shift                   0.000
+ Uncertainty                   0.400
= Required Time                 3.287
  Arrival Time                  1.230
  Slack Time                   -2.058
     Clock Rise Edge                 0.000
     + Clock Network Latency (Prop)  0.921
     = Beginpoint Arrival Time       0.921
     +--------------------------------------------------------------------------------+ 
     |        Instance        |     Arc     |    Cell    | Delay | Arrival | Required | 
     |                        |             |            |       |  Time   |   Time   | 
     |------------------------+-------------+------------+-------+---------+----------| 
     | o_reg_bank_wsel_reg[3] | CK ^        |            |       |   0.921 |    2.978 | 
     | o_reg_bank_wsel_reg[3] | CK ^ -> Q v | DFFHQX1LVT | 0.166 |   1.087 |    3.144 | 
     | p0475A70188__110721    | A v -> Y v  | MX2X1      | 0.143 |   1.230 |    3.287 | 
     | o_reg_bank_wsel_reg[3] | D v         | DFFHQX1LVT | 0.000 |   1.230 |    3.287 | 
     +--------------------------------------------------------------------------------+ 
Path 116: VIOLATED Hold Check with Pin saved_current_instruction_address_
reg[20]/CK 
Endpoint:   saved_current_instruction_address_reg[20]/D (v) checked with  
leading edge of 'CLK'
Beginpoint: saved_current_instruction_address_reg[20]/Q (v) triggered by  
leading edge of 'CLK'
Path Groups: {reg2reg}
Analysis View: best
Other End Arrival Time          2.859
+ Hold                          0.019
+ Phase Shift                   0.000
+ Uncertainty                   0.400
= Required Time                 3.278
  Arrival Time                  1.221
  Slack Time                   -2.058
     Clock Rise Edge                 0.000
     + Clock Network Latency (Prop)  0.921
     = Beginpoint Arrival Time       0.921
     +--------------------------------------------------------------------------------------------------+ 
     |                 Instance                  |     Arc     |   Cell    | Delay | Arrival | Required | 
     |                                           |             |           |       |  Time   |   Time   | 
     |-------------------------------------------+-------------+-----------+-------+---------+----------| 
     | saved_current_instruction_address_reg[20] | CK ^        |           |       |   0.921 |    2.979 | 
     | saved_current_instruction_address_reg[20] | CK ^ -> Q v | DFFQXLLVT | 0.156 |   1.077 |    3.134 | 
     | p0555A70324__4296                         | B v -> Y v  | MX2X1     | 0.144 |   1.221 |    3.278 | 
     | saved_current_instruction_address_reg[20] | D v         | DFFQXLLVT | 0.000 |   1.221 |    3.278 | 
     +--------------------------------------------------------------------------------------------------+ 
Path 117: VIOLATED Hold Check with Pin saved_current_instruction_reg[24]/CK 
Endpoint:   saved_current_instruction_reg[24]/D (v) checked with  leading edge 
of 'CLK'
Beginpoint: saved_current_instruction_reg[24]/Q (v) triggered by  leading edge 
of 'CLK'
Path Groups: {reg2reg}
Analysis View: best
Other End Arrival Time          2.859
+ Hold                          0.018
+ Phase Shift                   0.000
+ Uncertainty                   0.400
= Required Time                 3.276
  Arrival Time                  1.219
  Slack Time                   -2.057
     Clock Rise Edge                 0.000
     + Clock Network Latency (Prop)  0.920
     = Beginpoint Arrival Time       0.920
     +------------------------------------------------------------------------------------------+ 
     |             Instance              |     Arc     |   Cell    | Delay | Arrival | Required | 
     |                                   |             |           |       |  Time   |   Time   | 
     |-----------------------------------+-------------+-----------+-------+---------+----------| 
     | saved_current_instruction_reg[24] | CK ^        |           |       |   0.920 |    2.978 | 
     | saved_current_instruction_reg[24] | CK ^ -> Q v | DFFQXLLVT | 0.154 |   1.074 |    3.132 | 
     | p0555A70354__6877                 | B v -> Y v  | MX2X1     | 0.145 |   1.219 |    3.276 | 
     | saved_current_instruction_reg[24] | D v         | DFFQXLLVT | 0.000 |   1.219 |    3.276 | 
     +------------------------------------------------------------------------------------------+ 
Path 118: VIOLATED Hold Check with Pin saved_current_instruction_address_reg[7]/
CK 
Endpoint:   saved_current_instruction_address_reg[7]/D (v) checked with  
leading edge of 'CLK'
Beginpoint: saved_current_instruction_address_reg[7]/Q (v) triggered by  
leading edge of 'CLK'
Path Groups: {reg2reg}
Analysis View: best
Other End Arrival Time          2.859
+ Hold                          0.019
+ Phase Shift                   0.000
+ Uncertainty                   0.400
= Required Time                 3.278
  Arrival Time                  1.221
  Slack Time                   -2.057
     Clock Rise Edge                 0.000
     + Clock Network Latency (Prop)  0.921
     = Beginpoint Arrival Time       0.921
     +-------------------------------------------------------------------------------------------------+ 
     |                 Instance                 |     Arc     |   Cell    | Delay | Arrival | Required | 
     |                                          |             |           |       |  Time   |   Time   | 
     |------------------------------------------+-------------+-----------+-------+---------+----------| 
     | saved_current_instruction_address_reg[7] | CK ^        |           |       |   0.921 |    2.978 | 
     | saved_current_instruction_address_reg[7] | CK ^ -> Q v | DFFQXLLVT | 0.156 |   1.077 |    3.134 | 
     | p0555A70292__7675                        | B v -> Y v  | MX2X1     | 0.144 |   1.221 |    3.278 | 
     | saved_current_instruction_address_reg[7] | D v         | DFFQXLLVT | 0.000 |   1.221 |    3.278 | 
     +-------------------------------------------------------------------------------------------------+ 
Path 119: VIOLATED Hold Check with Pin pre_fetch_instruction_iabt_status_reg[0]/
CK 
Endpoint:   pre_fetch_instruction_iabt_status_reg[0]/D (v) checked with  
leading edge of 'CLK'
Beginpoint: pre_fetch_instruction_iabt_status_reg[0]/Q (v) triggered by  
leading edge of 'CLK'
Path Groups: {reg2reg}
Analysis View: best
Other End Arrival Time          2.860
+ Hold                          0.020
+ Phase Shift                   0.000
+ Uncertainty                   0.400
= Required Time                 3.280
  Arrival Time                  1.223
  Slack Time                   -2.057
     Clock Rise Edge                 0.000
     + Clock Network Latency (Prop)  0.922
     = Beginpoint Arrival Time       0.922
     +-------------------------------------------------------------------------------------------------+ 
     |                 Instance                 |     Arc     |   Cell    | Delay | Arrival | Required | 
     |                                          |             |           |       |  Time   |   Time   | 
     |------------------------------------------+-------------+-----------+-------+---------+----------| 
     | pre_fetch_instruction_iabt_status_reg[0] | CK ^        |           |       |   0.922 |    2.979 | 
     | pre_fetch_instruction_iabt_status_reg[0] | CK ^ -> Q v | DFFQXLLVT | 0.158 |   1.080 |    3.137 | 
     | p0854A71137__5953                        | A v -> Y v  | MX2X1     | 0.143 |   1.223 |    3.280 | 
     | pre_fetch_instruction_iabt_status_reg[0] | D v         | DFFQXLLVT | 0.000 |   1.223 |    3.280 | 
     +-------------------------------------------------------------------------------------------------+ 
Path 120: VIOLATED Hold Check with Pin pre_fetch_instruction_address_reg[28]/CK 
Endpoint:   pre_fetch_instruction_address_reg[28]/D (v) checked with  leading 
edge of 'CLK'
Beginpoint: pre_fetch_instruction_address_reg[28]/Q (v) triggered by  leading 
edge of 'CLK'
Path Groups: {reg2reg}
Analysis View: best
Other End Arrival Time          2.860
+ Hold                          0.018
+ Phase Shift                   0.000
+ Uncertainty                   0.400
= Required Time                 3.278
  Arrival Time                  1.222
  Slack Time                   -2.056
     Clock Rise Edge                 0.000
     + Clock Network Latency (Prop)  0.922
     = Beginpoint Arrival Time       0.922
     +----------------------------------------------------------------------------------------------+ 
     |               Instance                |     Arc     |   Cell    | Delay | Arrival | Required | 
     |                                       |             |           |       |  Time   |   Time   | 
     |---------------------------------------+-------------+-----------+-------+---------+----------| 
     | pre_fetch_instruction_address_reg[28] | CK ^        |           |       |   0.922 |    2.978 | 
     | pre_fetch_instruction_address_reg[28] | CK ^ -> Q v | DFFQXLLVT | 0.156 |   1.078 |    3.134 | 
     | p0854A71131__2900                     | A v -> Y v  | MX2X1     | 0.144 |   1.222 |    3.278 | 
     | pre_fetch_instruction_address_reg[28] | D v         | DFFQXLLVT | 0.000 |   1.222 |    3.278 | 
     +----------------------------------------------------------------------------------------------+ 
Path 121: VIOLATED Hold Check with Pin saved_current_instruction_address_reg[4]/
CK 
Endpoint:   saved_current_instruction_address_reg[4]/D (v) checked with  
leading edge of 'CLK'
Beginpoint: saved_current_instruction_address_reg[4]/Q (v) triggered by  
leading edge of 'CLK'
Path Groups: {reg2reg}
Analysis View: best
Other End Arrival Time          2.859
+ Hold                          0.018
+ Phase Shift                   0.000
+ Uncertainty                   0.400
= Required Time                 3.277
  Arrival Time                  1.222
  Slack Time                   -2.056
     Clock Rise Edge                 0.000
     + Clock Network Latency (Prop)  0.921
     = Beginpoint Arrival Time       0.921
     +-------------------------------------------------------------------------------------------------+ 
     |                 Instance                 |     Arc     |   Cell    | Delay | Arrival | Required | 
     |                                          |             |           |       |  Time   |   Time   | 
     |------------------------------------------+-------------+-----------+-------+---------+----------| 
     | saved_current_instruction_address_reg[4] | CK ^        |           |       |   0.921 |    2.977 | 
     | saved_current_instruction_address_reg[4] | CK ^ -> Q v | DFFQXLLVT | 0.155 |   1.076 |    3.132 | 
     | p0555A70295__1786                        | B v -> Y v  | MX2X1     | 0.146 |   1.222 |    3.277 | 
     | saved_current_instruction_address_reg[4] | D v         | DFFQXLLVT | 0.000 |   1.222 |    3.277 | 
     +-------------------------------------------------------------------------------------------------+ 
Path 122: VIOLATED Hold Check with Pin mtrans_reg_d1_reg[2]/CK 
Endpoint:   mtrans_reg_d1_reg[2]/D (v) checked with  leading edge of 'CLK'
Beginpoint: mtrans_reg_d1_reg[2]/Q (v) triggered by  leading edge of 'CLK'
Path Groups: {reg2reg}
Analysis View: best
Other End Arrival Time          2.861
+ Hold                          0.019
+ Phase Shift                   0.000
+ Uncertainty                   0.400
= Required Time                 3.279
  Arrival Time                  1.224
  Slack Time                   -2.056
     Clock Rise Edge                 0.000
     + Clock Network Latency (Prop)  0.922
     = Beginpoint Arrival Time       0.922
     +-----------------------------------------------------------------------------+ 
     |       Instance       |     Arc     |   Cell    | Delay | Arrival | Required | 
     |                      |             |           |       |  Time   |   Time   | 
     |----------------------+-------------+-----------+-------+---------+----------| 
     | mtrans_reg_d1_reg[2] | CK ^        |           |       |   0.922 |    2.978 | 
     | mtrans_reg_d1_reg[2] | CK ^ -> Q v | DFFQXLLVT | 0.157 |   1.079 |    3.135 | 
     | p0834A__1840         | A v -> Y v  | MX2X1     | 0.144 |   1.224 |    3.279 | 
     | mtrans_reg_d1_reg[2] | D v         | DFFQXLLVT | 0.000 |   1.224 |    3.279 | 
     +-----------------------------------------------------------------------------+ 
Path 123: VIOLATED Hold Check with Pin saved_current_instruction_address_
reg[12]/CK 
Endpoint:   saved_current_instruction_address_reg[12]/D (v) checked with  
leading edge of 'CLK'
Beginpoint: saved_current_instruction_address_reg[12]/Q (v) triggered by  
leading edge of 'CLK'
Path Groups: {reg2reg}
Analysis View: best
Other End Arrival Time          2.860
+ Hold                          0.020
+ Phase Shift                   0.000
+ Uncertainty                   0.400
= Required Time                 3.281
  Arrival Time                  1.225
  Slack Time                   -2.056
     Clock Rise Edge                 0.000
     + Clock Network Latency (Prop)  0.922
     = Beginpoint Arrival Time       0.922
     +--------------------------------------------------------------------------------------------------+ 
     |                 Instance                  |     Arc     |   Cell    | Delay | Arrival | Required | 
     |                                           |             |           |       |  Time   |   Time   | 
     |-------------------------------------------+-------------+-----------+-------+---------+----------| 
     | saved_current_instruction_address_reg[12] | CK ^        |           |       |   0.922 |    2.977 | 
     | saved_current_instruction_address_reg[12] | CK ^ -> Q v | DFFQXLLVT | 0.159 |   1.080 |    3.136 | 
     | p0555A70288__157051                       | B v -> Y v  | MX2X1     | 0.145 |   1.225 |    3.281 | 
     | saved_current_instruction_address_reg[12] | D v         | DFFQXLLVT | 0.000 |   1.225 |    3.281 | 
     +--------------------------------------------------------------------------------------------------+ 
Path 124: VIOLATED Hold Check with Pin o_read_data_reg[30]/CK 
Endpoint:   o_read_data_reg[30]/D (v) checked with  leading edge of 'CLK'
Beginpoint: o_read_data_reg[30]/Q (v) triggered by  leading edge of 'CLK'
Path Groups: {reg2reg}
Analysis View: best
Other End Arrival Time          2.858
+ Hold                          0.028
+ Phase Shift                   0.000
+ Uncertainty                   0.400
= Required Time                 3.286
  Arrival Time                  1.231
  Slack Time                   -2.055
     Clock Rise Edge                 0.000
     + Clock Network Latency (Prop)  0.919
     = Beginpoint Arrival Time       0.919
     +-----------------------------------------------------------------------------+ 
     |      Instance       |     Arc     |    Cell    | Delay | Arrival | Required | 
     |                     |             |            |       |  Time   |   Time   | 
     |---------------------+-------------+------------+-------+---------+----------| 
     | o_read_data_reg[30] | CK ^        |            |       |   0.919 |    2.975 | 
     | o_read_data_reg[30] | CK ^ -> Q v | DFFHQX1LVT | 0.166 |   1.085 |    3.140 | 
     | p1396A72101         | B v -> Y v  | MX2X1      | 0.145 |   1.231 |    3.286 | 
     | o_read_data_reg[30] | D v         | DFFHQX1LVT | 0.000 |   1.231 |    3.286 | 
     +-----------------------------------------------------------------------------+ 
Path 125: VIOLATED Hold Check with Pin o_interrupt_vector_sel_reg[0]/CK 
Endpoint:   o_interrupt_vector_sel_reg[0]/D (v) checked with  leading edge of 
'CLK'
Beginpoint: o_interrupt_vector_sel_reg[0]/Q (v) triggered by  leading edge of 
'CLK'
Path Groups: {reg2reg}
Analysis View: best
Other End Arrival Time          2.859
+ Hold                          0.029
+ Phase Shift                   0.000
+ Uncertainty                   0.400
= Required Time                 3.288
  Arrival Time                  1.233
  Slack Time                   -2.055
     Clock Rise Edge                 0.000
     + Clock Network Latency (Prop)  0.921
     = Beginpoint Arrival Time       0.921
     +---------------------------------------------------------------------------------------+ 
     |           Instance            |     Arc     |    Cell    | Delay | Arrival | Required | 
     |                               |             |            |       |  Time   |   Time   | 
     |-------------------------------+-------------+------------+-------+---------+----------| 
     | o_interrupt_vector_sel_reg[0] | CK ^        |            |       |   0.921 |    2.976 | 
     | o_interrupt_vector_sel_reg[0] | CK ^ -> Q v | DFFHQX1LVT | 0.168 |   1.089 |    3.144 | 
     | p0795A70650__110719           | A v -> Y v  | MX2X1      | 0.144 |   1.233 |    3.288 | 
     | o_interrupt_vector_sel_reg[0] | D v         | DFFHQX1LVT | 0.000 |   1.233 |    3.288 | 
     +---------------------------------------------------------------------------------------+ 
Path 126: VIOLATED Hold Check with Pin saved_current_instruction_address_
reg[14]/CK 
Endpoint:   saved_current_instruction_address_reg[14]/D (v) checked with  
leading edge of 'CLK'
Beginpoint: saved_current_instruction_address_reg[14]/Q (v) triggered by  
leading edge of 'CLK'
Path Groups: {reg2reg}
Analysis View: best
Other End Arrival Time          2.860
+ Hold                          0.020
+ Phase Shift                   0.000
+ Uncertainty                   0.400
= Required Time                 3.280
  Arrival Time                  1.225
  Slack Time                   -2.055
     Clock Rise Edge                 0.000
     + Clock Network Latency (Prop)  0.922
     = Beginpoint Arrival Time       0.922
     +--------------------------------------------------------------------------------------------------+ 
     |                 Instance                  |     Arc     |   Cell    | Delay | Arrival | Required | 
     |                                           |             |           |       |  Time   |   Time   | 
     |-------------------------------------------+-------------+-----------+-------+---------+----------| 
     | saved_current_instruction_address_reg[14] | CK ^        |           |       |   0.922 |    2.976 | 
     | saved_current_instruction_address_reg[14] | CK ^ -> Q v | DFFQXLLVT | 0.158 |   1.080 |    3.134 | 
     | p0555A70285__5266                         | B v -> Y v  | MX2X1     | 0.145 |   1.225 |    3.280 | 
     | saved_current_instruction_address_reg[14] | D v         | DFFQXLLVT | 0.000 |   1.225 |    3.280 | 
     +--------------------------------------------------------------------------------------------------+ 
Path 127: VIOLATED Hold Check with Pin o_imm32_reg[12]/CK 
Endpoint:   o_imm32_reg[12]/D (v) checked with  leading edge of 'CLK'
Beginpoint: o_imm32_reg[12]/Q (v) triggered by  leading edge of 'CLK'
Path Groups: {reg2reg}
Analysis View: best
Other End Arrival Time          2.856
+ Hold                          0.025
+ Phase Shift                   0.000
+ Uncertainty                   0.400
= Required Time                 3.281
  Arrival Time                  1.226
  Slack Time                   -2.055
     Clock Rise Edge                 0.000
     + Clock Network Latency (Prop)  0.918
     = Beginpoint Arrival Time       0.918
     +-----------------------------------------------------------------------------+ 
     |     Instance      |     Arc     |     Cell     | Delay | Arrival | Required | 
     |                   |             |              |       |  Time   |   Time   | 
     |-------------------+-------------+--------------+-------+---------+----------| 
     | o_imm32_reg[12]   | CK ^        |              |       |   0.918 |    2.973 | 
     | o_imm32_reg[12]   | CK ^ -> Q v | DFFHQX1LVT   | 0.177 |   1.095 |    3.150 | 
     | p0695A70550__9906 | A0 v -> Y ^ | AOI21XLLVT   | 0.075 |   1.171 |    3.225 | 
     | p0710A__2703      | B0 ^ -> Y v | OAI2BB1X1LVT | 0.056 |   1.226 |    3.281 | 
     | o_imm32_reg[12]   | D v         | DFFHQX1LVT   | 0.000 |   1.226 |    3.281 | 
     +-----------------------------------------------------------------------------+ 
Path 128: VIOLATED Hold Check with Pin o_imm32_reg[18]/CK 
Endpoint:   o_imm32_reg[18]/D (v) checked with  leading edge of 'CLK'
Beginpoint: o_imm32_reg[18]/Q (v) triggered by  leading edge of 'CLK'
Path Groups: {reg2reg}
Analysis View: best
Other End Arrival Time          2.861
+ Hold                          0.019
+ Phase Shift                   0.000
+ Uncertainty                   0.400
= Required Time                 3.279
  Arrival Time                  1.225
  Slack Time                   -2.054
     Clock Rise Edge                 0.000
     + Clock Network Latency (Prop)  0.922
     = Beginpoint Arrival Time       0.922
     +----------------------------------------------------------------------------+ 
     |     Instance      |     Arc     |    Cell     | Delay | Arrival | Required | 
     |                   |             |             |       |  Time   |   Time   | 
     |-------------------+-------------+-------------+-------+---------+----------| 
     | o_imm32_reg[18]   | CK ^        |             |       |   0.922 |    2.976 | 
     | o_imm32_reg[18]   | CK ^ -> Q v | DFFHQX1LVT  | 0.179 |   1.101 |    3.155 | 
     | p0568A70385__1474 | A0 v -> Y ^ | AOI21XLLVT  | 0.064 |   1.165 |    3.219 | 
     | g134527           | B ^ -> Y v  | NAND2BXLLVT | 0.060 |   1.225 |    3.279 | 
     | o_imm32_reg[18]   | D v         | DFFHQX1LVT  | 0.000 |   1.225 |    3.279 | 
     +----------------------------------------------------------------------------+ 
Path 129: VIOLATED Hold Check with Pin o_imm32_reg[13]/CK 
Endpoint:   o_imm32_reg[13]/D (v) checked with  leading edge of 'CLK'
Beginpoint: o_imm32_reg[13]/Q (v) triggered by  leading edge of 'CLK'
Path Groups: {reg2reg}
Analysis View: best
Other End Arrival Time          2.860
+ Hold                          0.024
+ Phase Shift                   0.000
+ Uncertainty                   0.400
= Required Time                 3.285
  Arrival Time                  1.231
  Slack Time                   -2.054
     Clock Rise Edge                 0.000
     + Clock Network Latency (Prop)  0.922
     = Beginpoint Arrival Time       0.922
     +---------------------------------------------------------------------------+ 
     |    Instance     |     Arc     |     Cell     | Delay | Arrival | Required | 
     |                 |             |              |       |  Time   |   Time   | 
     |-----------------+-------------+--------------+-------+---------+----------| 
     | o_imm32_reg[13] | CK ^        |              |       |   0.922 |    2.976 | 
     | o_imm32_reg[13] | CK ^ -> Q v | DFFHQX1LVT   | 0.176 |   1.098 |    3.152 | 
     | p0754A__5703    | A0 v -> Y ^ | AOI21XLLVT   | 0.072 |   1.170 |    3.224 | 
     | p0702A__5795    | B0 ^ -> Y v | OAI2BB1X1LVT | 0.061 |   1.231 |    3.285 | 
     | o_imm32_reg[13] | D v         | DFFHQX1LVT   | 0.000 |   1.231 |    3.285 | 
     +---------------------------------------------------------------------------+ 
Path 130: VIOLATED Hold Check with Pin saved_current_instruction_iabt_status_
reg[0]/CK 
Endpoint:   saved_current_instruction_iabt_status_reg[0]/D (v) checked with  
leading edge of 'CLK'
Beginpoint: saved_current_instruction_iabt_status_reg[0]/Q (v) triggered by  
leading edge of 'CLK'
Path Groups: {reg2reg}
Analysis View: best
Other End Arrival Time          2.860
+ Hold                          0.020
+ Phase Shift                   0.000
+ Uncertainty                   0.400
= Required Time                 3.280
  Arrival Time                  1.227
  Slack Time                   -2.054
     Clock Rise Edge                 0.000
     + Clock Network Latency (Prop)  0.922
     = Beginpoint Arrival Time       0.922
     +-----------------------------------------------------------------------------------------------------+ 
     |                   Instance                   |     Arc     |   Cell    | Delay | Arrival | Required | 
     |                                              |             |           |       |  Time   |   Time   | 
     |----------------------------------------------+-------------+-----------+-------+---------+----------| 
     | saved_current_instruction_iabt_status_reg[0] | CK ^        |           |       |   0.922 |    2.975 | 
     | saved_current_instruction_iabt_status_reg[0] | CK ^ -> Q v | DFFQXLLVT | 0.159 |   1.081 |    3.135 | 
     | p0555A70336__5953                            | B v -> Y v  | MX2X1     | 0.146 |   1.227 |    3.280 | 
     | saved_current_instruction_iabt_status_reg[0] | D v         | DFFQXLLVT | 0.000 |   1.227 |    3.280 | 
     +-----------------------------------------------------------------------------------------------------+ 
Path 131: VIOLATED Hold Check with Pin saved_current_instruction_iabt_reg/CK 
Endpoint:   saved_current_instruction_iabt_reg/D (v) checked with  leading edge 
of 'CLK'
Beginpoint: saved_current_instruction_iabt_reg/Q (v) triggered by  leading edge 
of 'CLK'
Path Groups: {reg2reg}
Analysis View: best
Other End Arrival Time          2.857
+ Hold                          0.017
+ Phase Shift                   0.000
+ Uncertainty                   0.400
= Required Time                 3.275
  Arrival Time                  1.221
  Slack Time                   -2.054
     Clock Rise Edge                 0.000
     + Clock Network Latency (Prop)  0.919
     = Beginpoint Arrival Time       0.919
     +-------------------------------------------------------------------------------------------+ 
     |              Instance              |     Arc     |   Cell    | Delay | Arrival | Required | 
     |                                    |             |           |       |  Time   |   Time   | 
     |------------------------------------+-------------+-----------+-------+---------+----------| 
     | saved_current_instruction_iabt_reg | CK ^        |           |       |   0.919 |    2.973 | 
     | saved_current_instruction_iabt_reg | CK ^ -> Q v | DFFQXLLVT | 0.155 |   1.075 |    3.128 | 
     | p0555A70358__8757                  | B v -> Y v  | MX2X1     | 0.146 |   1.221 |    3.275 | 
     | saved_current_instruction_iabt_reg | D v         | DFFQXLLVT | 0.000 |   1.221 |    3.275 | 
     +-------------------------------------------------------------------------------------------+ 
Path 132: VIOLATED Hold Check with Pin o_reg_bank_wen_reg[10]/CK 
Endpoint:   o_reg_bank_wen_reg[10]/D (v) checked with  leading edge of 'CLK'
Beginpoint: o_reg_bank_wen_reg[10]/Q (v) triggered by  leading edge of 'CLK'
Path Groups: {reg2reg}
Analysis View: best
Other End Arrival Time          2.860
+ Hold                          0.021
+ Phase Shift                   0.000
+ Uncertainty                   0.400
= Required Time                 3.282
  Arrival Time                  1.228
  Slack Time                   -2.054
     Clock Rise Edge                 0.000
     + Clock Network Latency (Prop)  0.922
     = Beginpoint Arrival Time       0.922
     +--------------------------------------------------------------------------------+ 
     |        Instance        |     Arc     |    Cell    | Delay | Arrival | Required | 
     |                        |             |            |       |  Time   |   Time   | 
     |------------------------+-------------+------------+-------+---------+----------| 
     | o_reg_bank_wen_reg[10] | CK ^        |            |       |   0.922 |    2.976 | 
     | o_reg_bank_wen_reg[10] | CK ^ -> Q v | DFFHQX1LVT | 0.188 |   1.110 |    3.164 | 
     | p1382A                 | A v -> Y ^  | NAND2XLLVT | 0.055 |   1.166 |    3.219 | 
     | p0439A__9906           | B0 ^ -> Y v | OAI21XLLVT | 0.062 |   1.228 |    3.282 | 
     | o_reg_bank_wen_reg[10] | D v         | DFFHQX1LVT | 0.000 |   1.228 |    3.282 | 
     +--------------------------------------------------------------------------------+ 
Path 133: VIOLATED Hold Check with Pin pre_fetch_instruction_address_reg[30]/CK 
Endpoint:   pre_fetch_instruction_address_reg[30]/D (v) checked with  leading 
edge of 'CLK'
Beginpoint: pre_fetch_instruction_address_reg[30]/Q (v) triggered by  leading 
edge of 'CLK'
Path Groups: {reg2reg}
Analysis View: best
Other End Arrival Time          2.860
+ Hold                          0.018
+ Phase Shift                   0.000
+ Uncertainty                   0.400
= Required Time                 3.278
  Arrival Time                  1.224
  Slack Time                   -2.054
     Clock Rise Edge                 0.000
     + Clock Network Latency (Prop)  0.922
     = Beginpoint Arrival Time       0.922
     +----------------------------------------------------------------------------------------------+ 
     |               Instance                |     Arc     |   Cell    | Delay | Arrival | Required | 
     |                                       |             |           |       |  Time   |   Time   | 
     |---------------------------------------+-------------+-----------+-------+---------+----------| 
     | pre_fetch_instruction_address_reg[30] | CK ^        |           |       |   0.922 |    2.975 | 
     | pre_fetch_instruction_address_reg[30] | CK ^ -> Q v | DFFQXLLVT | 0.157 |   1.078 |    3.132 | 
     | p0854A71133__7675                     | A v -> Y v  | MX2X1     | 0.146 |   1.224 |    3.278 | 
     | pre_fetch_instruction_address_reg[30] | D v         | DFFQXLLVT | 0.000 |   1.224 |    3.278 | 
     +----------------------------------------------------------------------------------------------+ 
Path 134: VIOLATED Hold Check with Pin pc_sel_r_reg[1]/CK 
Endpoint:   pc_sel_r_reg[1]/D (v) checked with  leading edge of 'CLK'
Beginpoint: pc_sel_r_reg[1]/Q (v) triggered by  leading edge of 'CLK'
Path Groups: {reg2reg}
Analysis View: best
Other End Arrival Time          2.859
+ Hold                          0.027
+ Phase Shift                   0.000
+ Uncertainty                   0.400
= Required Time                 3.286
  Arrival Time                  1.233
  Slack Time                   -2.053
     Clock Rise Edge                 0.000
     + Clock Network Latency (Prop)  0.921
     = Beginpoint Arrival Time       0.921
     +-------------------------------------------------------------------------+ 
     |    Instance     |     Arc     |    Cell    | Delay | Arrival | Required | 
     |                 |             |            |       |  Time   |   Time   | 
     |-----------------+-------------+------------+-------+---------+----------| 
     | pc_sel_r_reg[1] | CK ^        |            |       |   0.921 |    2.974 | 
     | pc_sel_r_reg[1] | CK ^ -> Q v | DFFHQX1LVT | 0.166 |   1.087 |    3.140 | 
     | p0696A__110755  | A v -> Y v  | MX2X1      | 0.146 |   1.233 |    3.286 | 
     | pc_sel_r_reg[1] | D v         | DFFHQX1LVT | 0.000 |   1.233 |    3.286 | 
     +-------------------------------------------------------------------------+ 
Path 135: VIOLATED Hold Check with Pin pre_fetch_instruction_address_reg[0]/CK 
Endpoint:   pre_fetch_instruction_address_reg[0]/D (v) checked with  leading 
edge of 'CLK'
Beginpoint: pre_fetch_instruction_address_reg[0]/Q (v) triggered by  leading 
edge of 'CLK'
Path Groups: {reg2reg}
Analysis View: best
Other End Arrival Time          2.859
+ Hold                          0.018
+ Phase Shift                   0.000
+ Uncertainty                   0.400
= Required Time                 3.277
  Arrival Time                  1.223
  Slack Time                   -2.053
     Clock Rise Edge                 0.000
     + Clock Network Latency (Prop)  0.920
     = Beginpoint Arrival Time       0.920
     +---------------------------------------------------------------------------------------------+ 
     |               Instance               |     Arc     |   Cell    | Delay | Arrival | Required | 
     |                                      |             |           |       |  Time   |   Time   | 
     |--------------------------------------+-------------+-----------+-------+---------+----------| 
     | pre_fetch_instruction_address_reg[0] | CK ^        |           |       |   0.920 |    2.973 | 
     | pre_fetch_instruction_address_reg[0] | CK ^ -> Q v | DFFQXLLVT | 0.158 |   1.078 |    3.131 | 
     | p0854A71110__5703                    | A v -> Y v  | MX2X1     | 0.146 |   1.223 |    3.277 | 
     | pre_fetch_instruction_address_reg[0] | D v         | DFFQXLLVT | 0.000 |   1.223 |    3.277 | 
     +---------------------------------------------------------------------------------------------+ 
Path 136: VIOLATED Hold Check with Pin pre_fetch_instruction_reg[2]/CK 
Endpoint:   pre_fetch_instruction_reg[2]/D (v) checked with  leading edge of 
'CLK'
Beginpoint: pre_fetch_instruction_reg[2]/Q (v) triggered by  leading edge of 
'CLK'
Path Groups: {reg2reg}
Analysis View: best
Other End Arrival Time          2.859
+ Hold                          0.018
+ Phase Shift                   0.000
+ Uncertainty                   0.400
= Required Time                 3.276
  Arrival Time                  1.223
  Slack Time                   -2.053
     Clock Rise Edge                 0.000
     + Clock Network Latency (Prop)  0.920
     = Beginpoint Arrival Time       0.920
     +-------------------------------------------------------------------------------------+ 
     |           Instance           |     Arc     |   Cell    | Delay | Arrival | Required | 
     |                              |             |           |       |  Time   |   Time   | 
     |------------------------------+-------------+-----------+-------+---------+----------| 
     | pre_fetch_instruction_reg[2] | CK ^        |           |       |   0.920 |    2.973 | 
     | pre_fetch_instruction_reg[2] | CK ^ -> Q v | DFFQXLLVT | 0.157 |   1.078 |    3.131 | 
     | p0854A71173__5953            | A v -> Y v  | MX2X1     | 0.146 |   1.223 |    3.276 | 
     | pre_fetch_instruction_reg[2] | D v         | DFFQXLLVT | 0.000 |   1.223 |    3.276 | 
     +-------------------------------------------------------------------------------------+ 
Path 137: VIOLATED Hold Check with Pin saved_current_instruction_address_reg[9]/
CK 
Endpoint:   saved_current_instruction_address_reg[9]/D (v) checked with  
leading edge of 'CLK'
Beginpoint: saved_current_instruction_address_reg[9]/Q (v) triggered by  
leading edge of 'CLK'
Path Groups: {reg2reg}
Analysis View: best
Other End Arrival Time          2.859
+ Hold                          0.020
+ Phase Shift                   0.000
+ Uncertainty                   0.400
= Required Time                 3.279
  Arrival Time                  1.227
  Slack Time                   -2.052
     Clock Rise Edge                 0.000
     + Clock Network Latency (Prop)  0.921
     = Beginpoint Arrival Time       0.921
     +-------------------------------------------------------------------------------------------------+ 
     |                 Instance                 |     Arc     |   Cell    | Delay | Arrival | Required | 
     |                                          |             |           |       |  Time   |   Time   | 
     |------------------------------------------+-------------+-----------+-------+---------+----------| 
     | saved_current_instruction_address_reg[9] | CK ^        |           |       |   0.921 |    2.973 | 
     | saved_current_instruction_address_reg[9] | CK ^ -> Q v | DFFQXLLVT | 0.160 |   1.081 |    3.133 | 
     | p0555A70290__140268                      | B v -> Y v  | MX2X1     | 0.146 |   1.227 |    3.279 | 
     | saved_current_instruction_address_reg[9] | D v         | DFFQXLLVT | 0.000 |   1.227 |    3.279 | 
     +-------------------------------------------------------------------------------------------------+ 
Path 138: VIOLATED Hold Check with Pin pre_fetch_instruction_reg[7]/CK 
Endpoint:   pre_fetch_instruction_reg[7]/D (v) checked with  leading edge of 
'CLK'
Beginpoint: pre_fetch_instruction_reg[7]/Q (v) triggered by  leading edge of 
'CLK'
Path Groups: {reg2reg}
Analysis View: best
Other End Arrival Time          2.859
+ Hold                          0.017
+ Phase Shift                   0.000
+ Uncertainty                   0.400
= Required Time                 3.277
  Arrival Time                  1.225
  Slack Time                   -2.052
     Clock Rise Edge                 0.000
     + Clock Network Latency (Prop)  0.921
     = Beginpoint Arrival Time       0.921
     +-------------------------------------------------------------------------------------+ 
     |           Instance           |     Arc     |   Cell    | Delay | Arrival | Required | 
     |                              |             |           |       |  Time   |   Time   | 
     |------------------------------+-------------+-----------+-------+---------+----------| 
     | pre_fetch_instruction_reg[7] | CK ^        |           |       |   0.921 |    2.973 | 
     | pre_fetch_instruction_reg[7] | CK ^ -> Q v | DFFQXLLVT | 0.157 |   1.078 |    3.131 | 
     | p0854A71170__75433           | A v -> Y v  | MX2X1     | 0.146 |   1.225 |    3.277 | 
     | pre_fetch_instruction_reg[7] | D v         | DFFQXLLVT | 0.000 |   1.225 |    3.277 | 
     +-------------------------------------------------------------------------------------+ 
Path 139: VIOLATED Hold Check with Pin mtrans_reg_d2_reg[0]/CK 
Endpoint:   mtrans_reg_d2_reg[0]/D (v) checked with  leading edge of 'CLK'
Beginpoint: mtrans_reg_d1_reg[0]/Q (v) triggered by  leading edge of 'CLK'
Path Groups: {reg2reg}
Analysis View: best
Other End Arrival Time          2.861
+ Hold                          0.019
+ Phase Shift                   0.000
+ Uncertainty                   0.400
= Required Time                 3.280
  Arrival Time                  1.228
  Slack Time                   -2.052
     Clock Rise Edge                 0.000
     + Clock Network Latency (Prop)  0.923
     = Beginpoint Arrival Time       0.923
     +-----------------------------------------------------------------------------+ 
     |       Instance       |     Arc     |   Cell    | Delay | Arrival | Required | 
     |                      |             |           |       |  Time   |   Time   | 
     |----------------------+-------------+-----------+-------+---------+----------| 
     | mtrans_reg_d1_reg[0] | CK ^        |           |       |   0.923 |    2.974 | 
     | mtrans_reg_d1_reg[0] | CK ^ -> Q v | DFFQXLLVT | 0.159 |   1.081 |    3.133 | 
     | g134632              | B v -> Y v  | MX2X1     | 0.147 |   1.228 |    3.280 | 
     | mtrans_reg_d2_reg[0] | D v         | DFFQXLLVT | 0.000 |   1.228 |    3.280 | 
     +-----------------------------------------------------------------------------+ 
Path 140: VIOLATED Hold Check with Pin pre_fetch_instruction_reg[0]/CK 
Endpoint:   pre_fetch_instruction_reg[0]/D (v) checked with  leading edge of 
'CLK'
Beginpoint: pre_fetch_instruction_reg[0]/Q (v) triggered by  leading edge of 
'CLK'
Path Groups: {reg2reg}
Analysis View: best
Other End Arrival Time          2.859
+ Hold                          0.017
+ Phase Shift                   0.000
+ Uncertainty                   0.400
= Required Time                 3.276
  Arrival Time                  1.225
  Slack Time                   -2.052
     Clock Rise Edge                 0.000
     + Clock Network Latency (Prop)  0.921
     = Beginpoint Arrival Time       0.921
     +-------------------------------------------------------------------------------------+ 
     |           Instance           |     Arc     |   Cell    | Delay | Arrival | Required | 
     |                              |             |           |       |  Time   |   Time   | 
     |------------------------------+-------------+-----------+-------+---------+----------| 
     | pre_fetch_instruction_reg[0] | CK ^        |           |       |   0.921 |    2.973 | 
     | pre_fetch_instruction_reg[0] | CK ^ -> Q v | DFFQXLLVT | 0.157 |   1.078 |    3.130 | 
     | p0854A71146__4296            | A v -> Y v  | MX2X1     | 0.146 |   1.225 |    3.276 | 
     | pre_fetch_instruction_reg[0] | D v         | DFFQXLLVT | 0.000 |   1.225 |    3.276 | 
     +-------------------------------------------------------------------------------------+ 
Path 141: VIOLATED Hold Check with Pin o_reg_bank_wen_reg[1]/CK 
Endpoint:   o_reg_bank_wen_reg[1]/D (v) checked with  leading edge of 'CLK'
Beginpoint: o_reg_bank_wen_reg[1]/Q (v) triggered by  leading edge of 'CLK'
Path Groups: {reg2reg}
Analysis View: best
Other End Arrival Time          2.860
+ Hold                          0.043
+ Phase Shift                   0.000
+ Uncertainty                   0.400
= Required Time                 3.303
  Arrival Time                  1.251
  Slack Time                   -2.052
     Clock Rise Edge                 0.000
     + Clock Network Latency (Prop)  0.922
     = Beginpoint Arrival Time       0.922
     +------------------------------------------------------------------------------+ 
     |       Instance        |     Arc     |   Cell    | Delay | Arrival | Required | 
     |                       |             |           |       |  Time   |   Time   | 
     |-----------------------+-------------+-----------+-------+---------+----------| 
     | o_reg_bank_wen_reg[1] | CK ^        |           |       |   0.922 |    2.974 | 
     | o_reg_bank_wen_reg[1] | CK ^ -> Q v | DFFHQX1   | 0.241 |   1.162 |    3.214 | 
     | g134639               | B0 v -> Y v | AO22XLLVT | 0.089 |   1.251 |    3.303 | 
     | o_reg_bank_wen_reg[1] | D v         | DFFHQX1   | 0.000 |   1.251 |    3.303 | 
     +------------------------------------------------------------------------------+ 
Path 142: VIOLATED Hold Check with Pin pre_fetch_instruction_adex_reg/CK 
Endpoint:   pre_fetch_instruction_adex_reg/D (v) checked with  leading edge of 
'CLK'
Beginpoint: pre_fetch_instruction_adex_reg/Q (v) triggered by  leading edge of 
'CLK'
Path Groups: {reg2reg}
Analysis View: best
Other End Arrival Time          2.857
+ Hold                          0.017
+ Phase Shift                   0.000
+ Uncertainty                   0.400
= Required Time                 3.275
  Arrival Time                  1.223
  Slack Time                   -2.052
     Clock Rise Edge                 0.000
     + Clock Network Latency (Prop)  0.919
     = Beginpoint Arrival Time       0.919
     +---------------------------------------------------------------------------------------+ 
     |            Instance            |     Arc     |   Cell    | Delay | Arrival | Required | 
     |                                |             |           |       |  Time   |   Time   | 
     |--------------------------------+-------------+-----------+-------+---------+----------| 
     | pre_fetch_instruction_adex_reg | CK ^        |           |       |   0.919 |    2.971 | 
     | pre_fetch_instruction_adex_reg | CK ^ -> Q v | DFFQXLLVT | 0.158 |   1.077 |    3.129 | 
     | p0854A71135__8757              | A v -> Y v  | MX2X1     | 0.146 |   1.223 |    3.275 | 
     | pre_fetch_instruction_adex_reg | D v         | DFFQXLLVT | 0.000 |   1.223 |    3.275 | 
     +---------------------------------------------------------------------------------------+ 
Path 143: VIOLATED Hold Check with Pin control_state_reg[4]/CK 
Endpoint:   control_state_reg[4]/D (v) checked with  leading edge of 'CLK'
Beginpoint: control_state_reg[4]/Q (v) triggered by  leading edge of 'CLK'
Path Groups: {reg2reg}
Analysis View: best
Other End Arrival Time          2.860
+ Hold                          0.017
+ Phase Shift                   0.000
+ Uncertainty                   0.400
= Required Time                 3.277
  Arrival Time                  1.226
  Slack Time                   -2.052
     Clock Rise Edge                 0.000
     + Clock Network Latency (Prop)  0.922
     = Beginpoint Arrival Time       0.922
     +--------------------------------------------------------------------------------+ 
     |       Instance       |     Arc     |     Cell     | Delay | Arrival | Required | 
     |                      |             |              |       |  Time   |   Time   | 
     |----------------------+-------------+--------------+-------+---------+----------| 
     | control_state_reg[4] | CK ^        |              |       |   0.922 |    2.974 | 
     | control_state_reg[4] | CK ^ -> Q v | DFFQXLLVT    | 0.167 |   1.089 |    3.140 | 
     | p0286A__6877         | A0 v -> Y ^ | AOI21XLLVT   | 0.077 |   1.166 |    3.218 | 
     | p0253A__8780         | B0 ^ -> Y v | OAI2BB1X1LVT | 0.060 |   1.226 |    3.277 | 
     | control_state_reg[4] | D v         | DFFQXLLVT    | 0.000 |   1.226 |    3.277 | 
     +--------------------------------------------------------------------------------+ 
Path 144: VIOLATED Hold Check with Pin o_interrupt_vector_sel_reg[2]/CK 
Endpoint:   o_interrupt_vector_sel_reg[2]/D (v) checked with  leading edge of 
'CLK'
Beginpoint: o_interrupt_vector_sel_reg[2]/Q (v) triggered by  leading edge of 
'CLK'
Path Groups: {reg2reg}
Analysis View: best
Other End Arrival Time          2.859
+ Hold                          0.028
+ Phase Shift                   0.000
+ Uncertainty                   0.400
= Required Time                 3.287
  Arrival Time                  1.235
  Slack Time                   -2.052
     Clock Rise Edge                 0.000
     + Clock Network Latency (Prop)  0.921
     = Beginpoint Arrival Time       0.921
     +---------------------------------------------------------------------------------------+ 
     |           Instance            |     Arc     |    Cell    | Delay | Arrival | Required | 
     |                               |             |            |       |  Time   |   Time   | 
     |-------------------------------+-------------+------------+-------+---------+----------| 
     | o_interrupt_vector_sel_reg[2] | CK ^        |            |       |   0.921 |    2.972 | 
     | o_interrupt_vector_sel_reg[2] | CK ^ -> Q v | DFFHQX1LVT | 0.169 |   1.090 |    3.141 | 
     | p0696A70440__5019             | A v -> Y v  | MX2X1      | 0.146 |   1.235 |    3.287 | 
     | o_interrupt_vector_sel_reg[2] | D v         | DFFHQX1LVT | 0.000 |   1.235 |    3.287 | 
     +---------------------------------------------------------------------------------------+ 
Path 145: VIOLATED Hold Check with Pin pre_fetch_instruction_address_reg[22]/CK 
Endpoint:   pre_fetch_instruction_address_reg[22]/D (v) checked with  leading 
edge of 'CLK'
Beginpoint: pre_fetch_instruction_address_reg[22]/Q (v) triggered by  leading 
edge of 'CLK'
Path Groups: {reg2reg}
Analysis View: best
Other End Arrival Time          2.859
+ Hold                          0.019
+ Phase Shift                   0.000
+ Uncertainty                   0.400
= Required Time                 3.277
  Arrival Time                  1.226
  Slack Time                   -2.051
     Clock Rise Edge                 0.000
     + Clock Network Latency (Prop)  0.920
     = Beginpoint Arrival Time       0.920
     +----------------------------------------------------------------------------------------------+ 
     |               Instance                |     Arc     |   Cell    | Delay | Arrival | Required | 
     |                                       |             |           |       |  Time   |   Time   | 
     |---------------------------------------+-------------+-----------+-------+---------+----------| 
     | pre_fetch_instruction_address_reg[22] | CK ^        |           |       |   0.920 |    2.972 | 
     | pre_fetch_instruction_address_reg[22] | CK ^ -> Q v | DFFQXLLVT | 0.159 |   1.079 |    3.130 | 
     | g161182                               | B v -> Y v  | MX2X1     | 0.147 |   1.226 |    3.277 | 
     | pre_fetch_instruction_address_reg[22] | D v         | DFFQXLLVT | 0.000 |   1.226 |    3.277 | 
     +----------------------------------------------------------------------------------------------+ 
Path 146: VIOLATED Hold Check with Pin pre_fetch_instruction_reg[28]/CK 
Endpoint:   pre_fetch_instruction_reg[28]/D (v) checked with  leading edge of 
'CLK'
Beginpoint: pre_fetch_instruction_reg[28]/Q (v) triggered by  leading edge of 
'CLK'
Path Groups: {reg2reg}
Analysis View: best
Other End Arrival Time          2.857
+ Hold                          0.018
+ Phase Shift                   0.000
+ Uncertainty                   0.400
= Required Time                 3.275
  Arrival Time                  1.224
  Slack Time                   -2.051
     Clock Rise Edge                 0.000
     + Clock Network Latency (Prop)  0.918
     = Beginpoint Arrival Time       0.918
     +--------------------------------------------------------------------------------------+ 
     |           Instance            |     Arc     |   Cell    | Delay | Arrival | Required | 
     |                               |             |           |       |  Time   |   Time   | 
     |-------------------------------+-------------+-----------+-------+---------+----------| 
     | pre_fetch_instruction_reg[28] | CK ^        |           |       |   0.918 |    2.969 | 
     | pre_fetch_instruction_reg[28] | CK ^ -> Q v | DFFQXLLVT | 0.159 |   1.078 |    3.128 | 
     | p0856A__2683                  | A v -> Y v  | MX2X1     | 0.146 |   1.224 |    3.275 | 
     | pre_fetch_instruction_reg[28] | D v         | DFFQXLLVT | 0.000 |   1.224 |    3.275 | 
     +--------------------------------------------------------------------------------------+ 
Path 147: VIOLATED Hold Check with Pin pc_sel_r_reg[0]/CK 
Endpoint:   pc_sel_r_reg[0]/D (v) checked with  leading edge of 'CLK'
Beginpoint: pc_sel_r_reg[0]/Q (v) triggered by  leading edge of 'CLK'
Path Groups: {reg2reg}
Analysis View: best
Other End Arrival Time          2.859
+ Hold                          0.027
+ Phase Shift                   0.000
+ Uncertainty                   0.400
= Required Time                 3.286
  Arrival Time                  1.236
  Slack Time                   -2.050
     Clock Rise Edge                 0.000
     + Clock Network Latency (Prop)  0.921
     = Beginpoint Arrival Time       0.921
     +-----------------------------------------------------------------------------+ 
     |      Instance       |     Arc     |    Cell    | Delay | Arrival | Required | 
     |                     |             |            |       |  Time   |   Time   | 
     |---------------------+-------------+------------+-------+---------+----------| 
     | pc_sel_r_reg[0]     | CK ^        |            |       |   0.921 |    2.971 | 
     | pc_sel_r_reg[0]     | CK ^ -> Q v | DFFHQX1LVT | 0.168 |   1.089 |    3.139 | 
     | p0609A70386__110918 | A v -> Y v  | MX2X1      | 0.147 |   1.236 |    3.286 | 
     | pc_sel_r_reg[0]     | D v         | DFFHQX1LVT | 0.000 |   1.236 |    3.286 | 
     +-----------------------------------------------------------------------------+ 
Path 148: VIOLATED Hold Check with Pin o_alu_function_reg[3]/CK 
Endpoint:   o_alu_function_reg[3]/D (v) checked with  leading edge of 'CLK'
Beginpoint: o_alu_function_reg[3]/Q (v) triggered by  leading edge of 'CLK'
Path Groups: {reg2reg}
Analysis View: best
Other End Arrival Time          2.859
+ Hold                          0.015
+ Phase Shift                   0.000
+ Uncertainty                   0.400
= Required Time                 3.273
  Arrival Time                  1.223
  Slack Time                   -2.050
     Clock Rise Edge                 0.000
     + Clock Network Latency (Prop)  0.920
     = Beginpoint Arrival Time       0.920
     +-------------------------------------------------------------------------------+ 
     |       Instance        |     Arc     |    Cell    | Delay | Arrival | Required | 
     |                       |             |            |       |  Time   |   Time   | 
     |-----------------------+-------------+------------+-------+---------+----------| 
     | o_alu_function_reg[3] | CK ^        |            |       |   0.920 |    2.971 | 
     | o_alu_function_reg[3] | CK ^ -> Q v | DFFHQX1LVT | 0.175 |   1.096 |    3.146 | 
     | p0664A__8757          | A0 v -> Y ^ | AOI21XLLVT | 0.061 |   1.157 |    3.207 | 
     | p0679A__2683          | B ^ -> Y v  | NAND2XLLVT | 0.067 |   1.223 |    3.273 | 
     | o_alu_function_reg[3] | D v         | DFFHQX1LVT | 0.000 |   1.223 |    3.273 | 
     +-------------------------------------------------------------------------------+ 
Path 149: VIOLATED Hold Check with Pin o_interrupt_vector_sel_reg[1]/CK 
Endpoint:   o_interrupt_vector_sel_reg[1]/D (v) checked with  leading edge of 
'CLK'
Beginpoint: o_interrupt_vector_sel_reg[1]/Q (v) triggered by  leading edge of 
'CLK'
Path Groups: {reg2reg}
Analysis View: best
Other End Arrival Time          2.859
+ Hold                          0.028
+ Phase Shift                   0.000
+ Uncertainty                   0.400
= Required Time                 3.287
  Arrival Time                  1.237
  Slack Time                   -2.050
     Clock Rise Edge                 0.000
     + Clock Network Latency (Prop)  0.921
     = Beginpoint Arrival Time       0.921
     +---------------------------------------------------------------------------------------+ 
     |           Instance            |     Arc     |    Cell    | Delay | Arrival | Required | 
     |                               |             |            |       |  Time   |   Time   | 
     |-------------------------------+-------------+------------+-------+---------+----------| 
     | o_interrupt_vector_sel_reg[1] | CK ^        |            |       |   0.921 |    2.971 | 
     | o_interrupt_vector_sel_reg[1] | CK ^ -> Q v | DFFHQX1LVT | 0.170 |   1.091 |    3.141 | 
     | p0697A__110898                | A v -> Y v  | MX2X1      | 0.146 |   1.237 |    3.287 | 
     | o_interrupt_vector_sel_reg[1] | D v         | DFFHQX1LVT | 0.000 |   1.237 |    3.287 | 
     +---------------------------------------------------------------------------------------+ 
Path 150: VIOLATED Hold Check with Pin o_reg_bank_wen_reg[14]/CK 
Endpoint:   o_reg_bank_wen_reg[14]/D (v) checked with  leading edge of 'CLK'
Beginpoint: o_reg_bank_wen_reg[14]/Q (v) triggered by  leading edge of 'CLK'
Path Groups: {reg2reg}
Analysis View: best
Other End Arrival Time          2.860
+ Hold                          0.023
+ Phase Shift                   0.000
+ Uncertainty                   0.400
= Required Time                 3.283
  Arrival Time                  1.234
  Slack Time                   -2.049
     Clock Rise Edge                 0.000
     + Clock Network Latency (Prop)  0.922
     = Beginpoint Arrival Time       0.922
     +--------------------------------------------------------------------------------+ 
     |        Instance        |     Arc     |    Cell    | Delay | Arrival | Required | 
     |                        |             |            |       |  Time   |   Time   | 
     |------------------------+-------------+------------+-------+---------+----------| 
     | o_reg_bank_wen_reg[14] | CK ^        |            |       |   0.922 |    2.971 | 
     | o_reg_bank_wen_reg[14] | CK ^ -> Q v | DFFHQX1LVT | 0.192 |   1.114 |    3.164 | 
     | p1381A72191            | A v -> Y ^  | NAND2XLLVT | 0.059 |   1.174 |    3.223 | 
     | p0443A__1857           | B0 ^ -> Y v | OAI21XLLVT | 0.060 |   1.234 |    3.283 | 
     | o_reg_bank_wen_reg[14] | D v         | DFFHQX1LVT | 0.000 |   1.234 |    3.283 | 
     +--------------------------------------------------------------------------------+ 
Path 151: VIOLATED Hold Check with Pin saved_current_instruction_address_
reg[16]/CK 
Endpoint:   saved_current_instruction_address_reg[16]/D (v) checked with  
leading edge of 'CLK'
Beginpoint: saved_current_instruction_address_reg[16]/Q (v) triggered by  
leading edge of 'CLK'
Path Groups: {reg2reg}
Analysis View: best
Other End Arrival Time          2.859
+ Hold                          0.019
+ Phase Shift                   0.000
+ Uncertainty                   0.400
= Required Time                 3.278
  Arrival Time                  1.229
  Slack Time                   -2.049
     Clock Rise Edge                 0.000
     + Clock Network Latency (Prop)  0.921
     = Beginpoint Arrival Time       0.921
     +--------------------------------------------------------------------------------------------------+ 
     |                 Instance                  |     Arc     |   Cell    | Delay | Arrival | Required | 
     |                                           |             |           |       |  Time   |   Time   | 
     |-------------------------------------------+-------------+-----------+-------+---------+----------| 
     | saved_current_instruction_address_reg[16] | CK ^        |           |       |   0.921 |    2.970 | 
     | saved_current_instruction_address_reg[16] | CK ^ -> Q v | DFFQXLLVT | 0.160 |   1.081 |    3.129 | 
     | p0555A70320__5795                         | B v -> Y v  | MX2X1     | 0.148 |   1.229 |    3.278 | 
     | saved_current_instruction_address_reg[16] | D v         | DFFQXLLVT | 0.000 |   1.229 |    3.278 | 
     +--------------------------------------------------------------------------------------------------+ 
Path 152: VIOLATED Hold Check with Pin irq_reg/CK 
Endpoint:   irq_reg/D (v) checked with  leading edge of 'CLK'
Beginpoint: irq_reg/Q (v) triggered by  leading edge of 'CLK'
Path Groups: {reg2reg}
Analysis View: best
Other End Arrival Time          2.858
+ Hold                          0.019
+ Phase Shift                   0.000
+ Uncertainty                   0.400
= Required Time                 3.277
  Arrival Time                  1.228
  Slack Time                   -2.049
     Clock Rise Edge                 0.000
     + Clock Network Latency (Prop)  0.919
     = Beginpoint Arrival Time       0.919
     +--------------------------------------------------------------------+ 
     |  Instance   |     Arc     |   Cell    | Delay | Arrival | Required | 
     |             |             |           |       |  Time   |   Time   | 
     |-------------+-------------+-----------+-------+---------+----------| 
     | irq_reg     | CK ^        |           |       |   0.919 |    2.968 | 
     | irq_reg     | CK ^ -> Q v | DFFQXLLVT | 0.161 |   1.080 |    3.129 | 
     | p1398A72158 | B v -> Y v  | MX2X1     | 0.148 |   1.228 |    3.277 | 
     | irq_reg     | D v         | DFFQXLLVT | 0.000 |   1.228 |    3.277 | 
     +--------------------------------------------------------------------+ 
Path 153: VIOLATED Hold Check with Pin pre_fetch_instruction_address_reg[15]/CK 
Endpoint:   pre_fetch_instruction_address_reg[15]/D (v) checked with  leading 
edge of 'CLK'
Beginpoint: pre_fetch_instruction_address_reg[15]/Q (v) triggered by  leading 
edge of 'CLK'
Path Groups: {reg2reg}
Analysis View: best
Other End Arrival Time          2.859
+ Hold                          0.018
+ Phase Shift                   0.000
+ Uncertainty                   0.400
= Required Time                 3.278
  Arrival Time                  1.229
  Slack Time                   -2.049
     Clock Rise Edge                 0.000
     + Clock Network Latency (Prop)  0.921
     = Beginpoint Arrival Time       0.921
     +----------------------------------------------------------------------------------------------+ 
     |               Instance                |     Arc     |   Cell    | Delay | Arrival | Required | 
     |                                       |             |           |       |  Time   |   Time   | 
     |---------------------------------------+-------------+-----------+-------+---------+----------| 
     | pre_fetch_instruction_address_reg[15] | CK ^        |           |       |   0.921 |    2.970 | 
     | pre_fetch_instruction_address_reg[15] | CK ^ -> Q v | DFFQXLLVT | 0.160 |   1.081 |    3.130 | 
     | p0854A71102__6877                     | A v -> Y v  | MX2X1     | 0.148 |   1.229 |    3.278 | 
     | pre_fetch_instruction_address_reg[15] | D v         | DFFQXLLVT | 0.000 |   1.229 |    3.278 | 
     +----------------------------------------------------------------------------------------------+ 
Path 154: VIOLATED Hold Check with Pin saved_current_instruction_address_
reg[26]/CK 
Endpoint:   saved_current_instruction_address_reg[26]/D (v) checked with  
leading edge of 'CLK'
Beginpoint: saved_current_instruction_address_reg[26]/Q (v) triggered by  
leading edge of 'CLK'
Path Groups: {reg2reg}
Analysis View: best
Other End Arrival Time          2.860
+ Hold                          0.019
+ Phase Shift                   0.000
+ Uncertainty                   0.400
= Required Time                 3.279
  Arrival Time                  1.230
  Slack Time                   -2.048
     Clock Rise Edge                 0.000
     + Clock Network Latency (Prop)  0.922
     = Beginpoint Arrival Time       0.922
     +--------------------------------------------------------------------------------------------------+ 
     |                 Instance                  |     Arc     |   Cell    | Delay | Arrival | Required | 
     |                                           |             |           |       |  Time   |   Time   | 
     |-------------------------------------------+-------------+-----------+-------+---------+----------| 
     | saved_current_instruction_address_reg[26] | CK ^        |           |       |   0.922 |    2.970 | 
     | saved_current_instruction_address_reg[26] | CK ^ -> Q v | DFFQXLLVT | 0.160 |   1.081 |    3.130 | 
     | p0555A70330__9682                         | B v -> Y v  | MX2X1     | 0.149 |   1.230 |    3.279 | 
     | saved_current_instruction_address_reg[26] | D v         | DFFQXLLVT | 0.000 |   1.230 |    3.279 | 
     +--------------------------------------------------------------------------------------------------+ 
Path 155: VIOLATED Hold Check with Pin saved_current_instruction_address_
reg[18]/CK 
Endpoint:   saved_current_instruction_address_reg[18]/D (v) checked with  
leading edge of 'CLK'
Beginpoint: saved_current_instruction_address_reg[18]/Q (v) triggered by  
leading edge of 'CLK'
Path Groups: {reg2reg}
Analysis View: best
Other End Arrival Time          2.859
+ Hold                          0.020
+ Phase Shift                   0.000
+ Uncertainty                   0.400
= Required Time                 3.279
  Arrival Time                  1.231
  Slack Time                   -2.048
     Clock Rise Edge                 0.000
     + Clock Network Latency (Prop)  0.921
     = Beginpoint Arrival Time       0.921
     +--------------------------------------------------------------------------------------------------+ 
     |                 Instance                  |     Arc     |   Cell    | Delay | Arrival | Required | 
     |                                           |             |           |       |  Time   |   Time   | 
     |-------------------------------------------+-------------+-----------+-------+---------+----------| 
     | saved_current_instruction_address_reg[18] | CK ^        |           |       |   0.921 |    2.969 | 
     | saved_current_instruction_address_reg[18] | CK ^ -> Q v | DFFQXLLVT | 0.162 |   1.083 |    3.131 | 
     | p0555A70322__5019                         | B v -> Y v  | MX2X1     | 0.148 |   1.231 |    3.279 | 
     | saved_current_instruction_address_reg[18] | D v         | DFFQXLLVT | 0.000 |   1.231 |    3.279 | 
     +--------------------------------------------------------------------------------------------------+ 
Path 156: VIOLATED Hold Check with Pin saved_current_instruction_address_
reg[22]/CK 
Endpoint:   saved_current_instruction_address_reg[22]/D (v) checked with  
leading edge of 'CLK'
Beginpoint: saved_current_instruction_address_reg[22]/Q (v) triggered by  
leading edge of 'CLK'
Path Groups: {reg2reg}
Analysis View: best
Other End Arrival Time          2.859
+ Hold                          0.018
+ Phase Shift                   0.000
+ Uncertainty                   0.400
= Required Time                 3.277
  Arrival Time                  1.230
  Slack Time                   -2.047
     Clock Rise Edge                 0.000
     + Clock Network Latency (Prop)  0.921
     = Beginpoint Arrival Time       0.921
     +--------------------------------------------------------------------------------------------------+ 
     |                 Instance                  |     Arc     |   Cell    | Delay | Arrival | Required | 
     |                                           |             |           |       |  Time   |   Time   | 
     |-------------------------------------------+-------------+-----------+-------+---------+----------| 
     | saved_current_instruction_address_reg[22] | CK ^        |           |       |   0.921 |    2.968 | 
     | saved_current_instruction_address_reg[22] | CK ^ -> Q v | DFFQXLLVT | 0.160 |   1.081 |    3.128 | 
     | p0555A70326__2683                         | B v -> Y v  | MX2X1     | 0.150 |   1.230 |    3.277 | 
     | saved_current_instruction_address_reg[22] | D v         | DFFQXLLVT | 0.000 |   1.230 |    3.277 | 
     +--------------------------------------------------------------------------------------------------+ 
Path 157: VIOLATED Hold Check with Pin saved_current_instruction_address_reg[0]/
CK 
Endpoint:   saved_current_instruction_address_reg[0]/D (v) checked with  
leading edge of 'CLK'
Beginpoint: saved_current_instruction_address_reg[0]/Q (v) triggered by  
leading edge of 'CLK'
Path Groups: {reg2reg}
Analysis View: best
Other End Arrival Time          2.859
+ Hold                          0.016
+ Phase Shift                   0.000
+ Uncertainty                   0.400
= Required Time                 3.275
  Arrival Time                  1.228
  Slack Time                   -2.047
     Clock Rise Edge                 0.000
     + Clock Network Latency (Prop)  0.920
     = Beginpoint Arrival Time       0.920
     +-------------------------------------------------------------------------------------------------+ 
     |                 Instance                 |     Arc     |   Cell    | Delay | Arrival | Required | 
     |                                          |             |           |       |  Time   |   Time   | 
     |------------------------------------------+-------------+-----------+-------+---------+----------| 
     | saved_current_instruction_address_reg[0] | CK ^        |           |       |   0.920 |    2.967 | 
     | saved_current_instruction_address_reg[0] | CK ^ -> Q v | DFFQXLLVT | 0.157 |   1.077 |    3.124 | 
     | p0555A70304__2250                        | B v -> Y v  | MX2X1     | 0.151 |   1.228 |    3.275 | 
     | saved_current_instruction_address_reg[0] | D v         | DFFQXLLVT | 0.000 |   1.228 |    3.275 | 
     +-------------------------------------------------------------------------------------------------+ 
Path 158: VIOLATED Hold Check with Pin saved_current_instruction_address_
reg[17]/CK 
Endpoint:   saved_current_instruction_address_reg[17]/D (v) checked with  
leading edge of 'CLK'
Beginpoint: saved_current_instruction_address_reg[17]/Q (v) triggered by  
leading edge of 'CLK'
Path Groups: {reg2reg}
Analysis View: best
Other End Arrival Time          2.859
+ Hold                          0.017
+ Phase Shift                   0.000
+ Uncertainty                   0.400
= Required Time                 3.276
  Arrival Time                  1.229
  Slack Time                   -2.047
     Clock Rise Edge                 0.000
     + Clock Network Latency (Prop)  0.920
     = Beginpoint Arrival Time       0.920
     +--------------------------------------------------------------------------------------------------+ 
     |                 Instance                  |     Arc     |   Cell    | Delay | Arrival | Required | 
     |                                           |             |           |       |  Time   |   Time   | 
     |-------------------------------------------+-------------+-----------+-------+---------+----------| 
     | saved_current_instruction_address_reg[17] | CK ^        |           |       |   0.920 |    2.967 | 
     | saved_current_instruction_address_reg[17] | CK ^ -> Q v | DFFQXLLVT | 0.160 |   1.080 |    3.127 | 
     | g134625                                   | A v -> Y v  | MX2X1     | 0.149 |   1.229 |    3.276 | 
     | saved_current_instruction_address_reg[17] | D v         | DFFQXLLVT | 0.000 |   1.229 |    3.276 | 
     +--------------------------------------------------------------------------------------------------+ 
Path 159: VIOLATED Hold Check with Pin saved_current_instruction_address_
reg[15]/CK 
Endpoint:   saved_current_instruction_address_reg[15]/D (v) checked with  
leading edge of 'CLK'
Beginpoint: saved_current_instruction_address_reg[15]/Q (v) triggered by  
leading edge of 'CLK'
Path Groups: {reg2reg}
Analysis View: best
Other End Arrival Time          2.860
+ Hold                          0.018
+ Phase Shift                   0.000
+ Uncertainty                   0.400
= Required Time                 3.278
  Arrival Time                  1.231
  Slack Time                   -2.046
     Clock Rise Edge                 0.000
     + Clock Network Latency (Prop)  0.922
     = Beginpoint Arrival Time       0.922
     +--------------------------------------------------------------------------------------------------+ 
     |                 Instance                  |     Arc     |   Cell    | Delay | Arrival | Required | 
     |                                           |             |           |       |  Time   |   Time   | 
     |-------------------------------------------+-------------+-----------+-------+---------+----------| 
     | saved_current_instruction_address_reg[15] | CK ^        |           |       |   0.922 |    2.968 | 
     | saved_current_instruction_address_reg[15] | CK ^ -> Q v | DFFQXLLVT | 0.159 |   1.081 |    3.127 | 
     | p0555A70342__1840                         | B v -> Y v  | MX2X1     | 0.150 |   1.231 |    3.278 | 
     | saved_current_instruction_address_reg[15] | D v         | DFFQXLLVT | 0.000 |   1.231 |    3.278 | 
     +--------------------------------------------------------------------------------------------------+ 
Path 160: VIOLATED Hold Check with Pin saved_current_instruction_address_reg[1]/
CK 
Endpoint:   saved_current_instruction_address_reg[1]/D (v) checked with  
leading edge of 'CLK'
Beginpoint: saved_current_instruction_address_reg[1]/Q (v) triggered by  
leading edge of 'CLK'
Path Groups: {reg2reg}
Analysis View: best
Other End Arrival Time          2.859
+ Hold                          0.019
+ Phase Shift                   0.000
+ Uncertainty                   0.400
= Required Time                 3.279
  Arrival Time                  1.232
  Slack Time                   -2.046
     Clock Rise Edge                 0.000
     + Clock Network Latency (Prop)  0.921
     = Beginpoint Arrival Time       0.921
     +-------------------------------------------------------------------------------------------------+ 
     |                 Instance                 |     Arc     |   Cell    | Delay | Arrival | Required | 
     |                                          |             |           |       |  Time   |   Time   | 
     |------------------------------------------+-------------+-----------+-------+---------+----------| 
     | saved_current_instruction_address_reg[1] | CK ^        |           |       |   0.921 |    2.967 | 
     | saved_current_instruction_address_reg[1] | CK ^ -> Q v | DFFQXLLVT | 0.162 |   1.083 |    3.129 | 
     | p0555A70303__5266                        | B v -> Y v  | MX2X1     | 0.149 |   1.232 |    3.279 | 
     | saved_current_instruction_address_reg[1] | D v         | DFFQXLLVT | 0.000 |   1.232 |    3.279 | 
     +-------------------------------------------------------------------------------------------------+ 
Path 161: VIOLATED Hold Check with Pin pre_fetch_instruction_address_reg[9]/CK 
Endpoint:   pre_fetch_instruction_address_reg[9]/D (v) checked with  leading 
edge of 'CLK'
Beginpoint: pre_fetch_instruction_address_reg[9]/Q (v) triggered by  leading 
edge of 'CLK'
Path Groups: {reg2reg}
Analysis View: best
Other End Arrival Time          2.859
+ Hold                          0.014
+ Phase Shift                   0.000
+ Uncertainty                   0.400
= Required Time                 3.273
  Arrival Time                  1.226
  Slack Time                   -2.046
     Clock Rise Edge                 0.000
     + Clock Network Latency (Prop)  0.921
     = Beginpoint Arrival Time       0.921
     +---------------------------------------------------------------------------------------------+ 
     |               Instance               |     Arc     |   Cell    | Delay | Arrival | Required | 
     |                                      |             |           |       |  Time   |   Time   | 
     |--------------------------------------+-------------+-----------+-------+---------+----------| 
     | pre_fetch_instruction_address_reg[9] | CK ^        |           |       |   0.921 |    2.967 | 
     | pre_fetch_instruction_address_reg[9] | CK ^ -> Q v | DFFQXLLVT | 0.154 |   1.075 |    3.122 | 
     | p0854A71104__2391                    | A v -> Y v  | MX2X1     | 0.151 |   1.226 |    3.273 | 
     | pre_fetch_instruction_address_reg[9] | D v         | DFFQXLLVT | 0.000 |   1.226 |    3.273 | 
     +---------------------------------------------------------------------------------------------+ 
Path 162: VIOLATED Hold Check with Pin saved_current_instruction_reg[20]/CK 
Endpoint:   saved_current_instruction_reg[20]/D (v) checked with  leading edge 
of 'CLK'
Beginpoint: saved_current_instruction_reg[20]/Q (v) triggered by  leading edge 
of 'CLK'
Path Groups: {reg2reg}
Analysis View: best
Other End Arrival Time          2.859
+ Hold                          0.015
+ Phase Shift                   0.000
+ Uncertainty                   0.400
= Required Time                 3.274
  Arrival Time                  1.228
  Slack Time                   -2.046
     Clock Rise Edge                 0.000
     + Clock Network Latency (Prop)  0.921
     = Beginpoint Arrival Time       0.921
     +------------------------------------------------------------------------------------------+ 
     |             Instance              |     Arc     |   Cell    | Delay | Arrival | Required | 
     |                                   |             |           |       |  Time   |   Time   | 
     |-----------------------------------+-------------+-----------+-------+---------+----------| 
     | saved_current_instruction_reg[20] | CK ^        |           |       |   0.921 |    2.967 | 
     | saved_current_instruction_reg[20] | CK ^ -> Q v | DFFQXLLVT | 0.156 |   1.077 |    3.123 | 
     | p0555A70355__140270               | B v -> Y v  | MX2X1     | 0.151 |   1.228 |    3.274 | 
     | saved_current_instruction_reg[20] | D v         | DFFQXLLVT | 0.000 |   1.228 |    3.274 | 
     +------------------------------------------------------------------------------------------+ 
Path 163: VIOLATED Hold Check with Pin o_imm32_reg[1]/CK 
Endpoint:   o_imm32_reg[1]/D (v) checked with  leading edge of 'CLK'
Beginpoint: o_imm32_reg[1]/Q (v) triggered by  leading edge of 'CLK'
Path Groups: {reg2reg}
Analysis View: best
Other End Arrival Time          2.856
+ Hold                          0.023
+ Phase Shift                   0.000
+ Uncertainty                   0.400
= Required Time                 3.279
  Arrival Time                  1.233
  Slack Time                   -2.046
     Clock Rise Edge                 0.000
     + Clock Network Latency (Prop)  0.918
     = Beginpoint Arrival Time       0.918
     +--------------------------------------------------------------------------+ 
     |    Instance    |     Arc     |     Cell     | Delay | Arrival | Required | 
     |                |             |              |       |  Time   |   Time   | 
     |----------------+-------------+--------------+-------+---------+----------| 
     | o_imm32_reg[1] | CK ^        |              |       |   0.918 |    2.964 | 
     | o_imm32_reg[1] | CK ^ -> Q v | DFFHQX1LVT   | 0.174 |   1.092 |    3.138 | 
     | p0736A__7114   | A0 v -> Y ^ | AOI21XLLVT   | 0.077 |   1.169 |    3.215 | 
     | p0645A__4547   | B0 ^ -> Y v | OAI2BB1X1LVT | 0.064 |   1.233 |    3.279 | 
     | o_imm32_reg[1] | D v         | DFFHQX1LVT   | 0.000 |   1.233 |    3.279 | 
     +--------------------------------------------------------------------------+ 
Path 164: VIOLATED Hold Check with Pin saved_current_instruction_address_
reg[24]/CK 
Endpoint:   saved_current_instruction_address_reg[24]/D (v) checked with  
leading edge of 'CLK'
Beginpoint: saved_current_instruction_address_reg[24]/Q (v) triggered by  
leading edge of 'CLK'
Path Groups: {reg2reg}
Analysis View: best
Other End Arrival Time          2.859
+ Hold                          0.019
+ Phase Shift                   0.000
+ Uncertainty                   0.400
= Required Time                 3.279
  Arrival Time                  1.233
  Slack Time                   -2.046
     Clock Rise Edge                 0.000
     + Clock Network Latency (Prop)  0.921
     = Beginpoint Arrival Time       0.921
     +--------------------------------------------------------------------------------------------------+ 
     |                 Instance                  |     Arc     |   Cell    | Delay | Arrival | Required | 
     |                                           |             |           |       |  Time   |   Time   | 
     |-------------------------------------------+-------------+-----------+-------+---------+----------| 
     | saved_current_instruction_address_reg[24] | CK ^        |           |       |   0.921 |    2.967 | 
     | saved_current_instruction_address_reg[24] | CK ^ -> Q v | DFFQXLLVT | 0.162 |   1.083 |    3.129 | 
     | p0555A70328__157049                       | B v -> Y v  | MX2X1     | 0.150 |   1.233 |    3.279 | 
     | saved_current_instruction_address_reg[24] | D v         | DFFQXLLVT | 0.000 |   1.233 |    3.279 | 
     +--------------------------------------------------------------------------------------------------+ 
Path 165: VIOLATED Hold Check with Pin pre_fetch_instruction_reg[31]/CK 
Endpoint:   pre_fetch_instruction_reg[31]/D (v) checked with  leading edge of 
'CLK'
Beginpoint: pre_fetch_instruction_reg[31]/Q (v) triggered by  leading edge of 
'CLK'
Path Groups: {reg2reg}
Analysis View: best
Other End Arrival Time          2.857
+ Hold                          0.018
+ Phase Shift                   0.000
+ Uncertainty                   0.400
= Required Time                 3.275
  Arrival Time                  1.229
  Slack Time                   -2.045
     Clock Rise Edge                 0.000
     + Clock Network Latency (Prop)  0.919
     = Beginpoint Arrival Time       0.919
     +--------------------------------------------------------------------------------------+ 
     |           Instance            |     Arc     |   Cell    | Delay | Arrival | Required | 
     |                               |             |           |       |  Time   |   Time   | 
     |-------------------------------+-------------+-----------+-------+---------+----------| 
     | pre_fetch_instruction_reg[31] | CK ^        |           |       |   0.919 |    2.964 | 
     | pre_fetch_instruction_reg[31] | CK ^ -> Q v | DFFQXLLVT | 0.162 |   1.080 |    3.126 | 
     | p0856A71167__157077           | A v -> Y v  | MX2X1     | 0.149 |   1.229 |    3.275 | 
     | pre_fetch_instruction_reg[31] | D v         | DFFQXLLVT | 0.000 |   1.229 |    3.275 | 
     +--------------------------------------------------------------------------------------+ 
Path 166: VIOLATED Hold Check with Pin saved_current_instruction_address_reg[2]/
CK 
Endpoint:   saved_current_instruction_address_reg[2]/D (v) checked with  
leading edge of 'CLK'
Beginpoint: saved_current_instruction_address_reg[2]/Q (v) triggered by  
leading edge of 'CLK'
Path Groups: {reg2reg}
Analysis View: best
Other End Arrival Time          2.859
+ Hold                          0.020
+ Phase Shift                   0.000
+ Uncertainty                   0.400
= Required Time                 3.279
  Arrival Time                  1.235
  Slack Time                   -2.044
     Clock Rise Edge                 0.000
     + Clock Network Latency (Prop)  0.921
     = Beginpoint Arrival Time       0.921
     +-------------------------------------------------------------------------------------------------+ 
     |                 Instance                 |     Arc     |   Cell    | Delay | Arrival | Required | 
     |                                          |             |           |       |  Time   |   Time   | 
     |------------------------------------------+-------------+-----------+-------+---------+----------| 
     | saved_current_instruction_address_reg[2] | CK ^        |           |       |   0.921 |    2.965 | 
     | saved_current_instruction_address_reg[2] | CK ^ -> Q v | DFFQXLLVT | 0.164 |   1.085 |    3.129 | 
     | p0555A70302__110829                      | B v -> Y v  | MX2X1     | 0.150 |   1.235 |    3.279 | 
     | saved_current_instruction_address_reg[2] | D v         | DFFQXLLVT | 0.000 |   1.235 |    3.279 | 
     +-------------------------------------------------------------------------------------------------+ 
Path 167: VIOLATED Hold Check with Pin pre_fetch_instruction_reg[29]/CK 
Endpoint:   pre_fetch_instruction_reg[29]/D (v) checked with  leading edge of 
'CLK'
Beginpoint: pre_fetch_instruction_reg[29]/Q (v) triggered by  leading edge of 
'CLK'
Path Groups: {reg2reg}
Analysis View: best
Other End Arrival Time          2.858
+ Hold                          0.018
+ Phase Shift                   0.000
+ Uncertainty                   0.400
= Required Time                 3.276
  Arrival Time                  1.232
  Slack Time                   -2.044
     Clock Rise Edge                 0.000
     + Clock Network Latency (Prop)  0.919
     = Beginpoint Arrival Time       0.919
     +--------------------------------------------------------------------------------------+ 
     |           Instance            |     Arc     |   Cell    | Delay | Arrival | Required | 
     |                               |             |           |       |  Time   |   Time   | 
     |-------------------------------+-------------+-----------+-------+---------+----------| 
     | pre_fetch_instruction_reg[29] | CK ^        |           |       |   0.919 |    2.963 | 
     | pre_fetch_instruction_reg[29] | CK ^ -> Q v | DFFQXLLVT | 0.163 |   1.082 |    3.126 | 
     | p0856A71165__1309             | A v -> Y v  | MX2X1     | 0.150 |   1.232 |    3.276 | 
     | pre_fetch_instruction_reg[29] | D v         | DFFQXLLVT | 0.000 |   1.232 |    3.276 | 
     +--------------------------------------------------------------------------------------+ 
Path 168: VIOLATED Hold Check with Pin saved_current_instruction_iabt_status_
reg[2]/CK 
Endpoint:   saved_current_instruction_iabt_status_reg[2]/D (v) checked with  
leading edge of 'CLK'
Beginpoint: saved_current_instruction_iabt_status_reg[2]/Q (v) triggered by  
leading edge of 'CLK'
Path Groups: {reg2reg}
Analysis View: best
Other End Arrival Time          2.860
+ Hold                          0.020
+ Phase Shift                   0.000
+ Uncertainty                   0.400
= Required Time                 3.280
  Arrival Time                  1.236
  Slack Time                   -2.044
     Clock Rise Edge                 0.000
     + Clock Network Latency (Prop)  0.922
     = Beginpoint Arrival Time       0.922
     +-----------------------------------------------------------------------------------------------------+ 
     |                   Instance                   |     Arc     |   Cell    | Delay | Arrival | Required | 
     |                                              |             |           |       |  Time   |   Time   | 
     |----------------------------------------------+-------------+-----------+-------+---------+----------| 
     | saved_current_instruction_iabt_status_reg[2] | CK ^        |           |       |   0.922 |    2.966 | 
     | saved_current_instruction_iabt_status_reg[2] | CK ^ -> Q v | DFFQXLLVT | 0.164 |   1.086 |    3.130 | 
     | p0555A70338__6083                            | B v -> Y v  | MX2X1     | 0.150 |   1.236 |    3.280 | 
     | saved_current_instruction_iabt_status_reg[2] | D v         | DFFQXLLVT | 0.000 |   1.236 |    3.280 | 
     +-----------------------------------------------------------------------------------------------------+ 
Path 169: VIOLATED Hold Check with Pin o_reg_write_sel_reg[1]/CK 
Endpoint:   o_reg_write_sel_reg[1]/D (v) checked with  leading edge of 'CLK'
Beginpoint: o_reg_write_sel_reg[1]/Q (v) triggered by  leading edge of 'CLK'
Path Groups: {reg2reg}
Analysis View: best
Other End Arrival Time          2.857
+ Hold                          0.027
+ Phase Shift                   0.000
+ Uncertainty                   0.400
= Required Time                 3.284
  Arrival Time                  1.240
  Slack Time                   -2.044
     Clock Rise Edge                 0.000
     + Clock Network Latency (Prop)  0.919
     = Beginpoint Arrival Time       0.919
     +--------------------------------------------------------------------------------+ 
     |        Instance        |     Arc     |    Cell    | Delay | Arrival | Required | 
     |                        |             |            |       |  Time   |   Time   | 
     |------------------------+-------------+------------+-------+---------+----------| 
     | o_reg_write_sel_reg[1] | CK ^        |            |       |   0.919 |    2.963 | 
     | o_reg_write_sel_reg[1] | CK ^ -> Q v | DFFHQX1LVT | 0.171 |   1.090 |    3.134 | 
     | p0795A__8757           | A v -> Y v  | MX2X1      | 0.150 |   1.240 |    3.284 | 
     | o_reg_write_sel_reg[1] | D v         | DFFHQX1LVT | 0.000 |   1.240 |    3.284 | 
     +--------------------------------------------------------------------------------+ 
Path 170: VIOLATED Hold Check with Pin saved_current_instruction_address_
reg[10]/CK 
Endpoint:   saved_current_instruction_address_reg[10]/D (v) checked with  
leading edge of 'CLK'
Beginpoint: saved_current_instruction_address_reg[10]/Q (v) triggered by  
leading edge of 'CLK'
Path Groups: {reg2reg}
Analysis View: best
Other End Arrival Time          2.859
+ Hold                          0.019
+ Phase Shift                   0.000
+ Uncertainty                   0.400
= Required Time                 3.279
  Arrival Time                  1.235
  Slack Time                   -2.044
     Clock Rise Edge                 0.000
     + Clock Network Latency (Prop)  0.921
     = Beginpoint Arrival Time       0.921
     +--------------------------------------------------------------------------------------------------+ 
     |                 Instance                  |     Arc     |   Cell    | Delay | Arrival | Required | 
     |                                           |             |           |       |  Time   |   Time   | 
     |-------------------------------------------+-------------+-----------+-------+---------+----------| 
     | saved_current_instruction_address_reg[10] | CK ^        |           |       |   0.921 |    2.964 | 
     | saved_current_instruction_address_reg[10] | CK ^ -> Q v | DFFQXLLVT | 0.163 |   1.084 |    3.128 | 
     | p0555A70289__5703                         | B v -> Y v  | MX2X1     | 0.151 |   1.235 |    3.279 | 
     | saved_current_instruction_address_reg[10] | D v         | DFFQXLLVT | 0.000 |   1.235 |    3.279 | 
     +--------------------------------------------------------------------------------------------------+ 
Path 171: VIOLATED Hold Check with Pin saved_current_instruction_address_
reg[23]/CK 
Endpoint:   saved_current_instruction_address_reg[23]/D (v) checked with  
leading edge of 'CLK'
Beginpoint: saved_current_instruction_address_reg[23]/Q (v) triggered by  
leading edge of 'CLK'
Path Groups: {reg2reg}
Analysis View: best
Other End Arrival Time          2.860
+ Hold                          0.019
+ Phase Shift                   0.000
+ Uncertainty                   0.400
= Required Time                 3.279
  Arrival Time                  1.236
  Slack Time                   -2.043
     Clock Rise Edge                 0.000
     + Clock Network Latency (Prop)  0.922
     = Beginpoint Arrival Time       0.922
     +--------------------------------------------------------------------------------------------------+ 
     |                 Instance                  |     Arc     |   Cell    | Delay | Arrival | Required | 
     |                                           |             |           |       |  Time   |   Time   | 
     |-------------------------------------------+-------------+-----------+-------+---------+----------| 
     | saved_current_instruction_address_reg[23] | CK ^        |           |       |   0.922 |    2.965 | 
     | saved_current_instruction_address_reg[23] | CK ^ -> Q v | DFFQXLLVT | 0.163 |   1.085 |    3.128 | 
     | p0555A70327__1309                         | B v -> Y v  | MX2X1     | 0.151 |   1.236 |    3.279 | 
     | saved_current_instruction_address_reg[23] | D v         | DFFQXLLVT | 0.000 |   1.236 |    3.279 | 
     +--------------------------------------------------------------------------------------------------+ 
Path 172: VIOLATED Hold Check with Pin o_copro_operation_reg[0]/CK 
Endpoint:   o_copro_operation_reg[0]/D (v) checked with  leading edge of 'CLK'
Beginpoint: o_copro_operation_reg[0]/Q (v) triggered by  leading edge of 'CLK'
Path Groups: {reg2reg}
Analysis View: best
Other End Arrival Time          2.859
+ Hold                          0.019
+ Phase Shift                   0.000
+ Uncertainty                   0.400
= Required Time                 3.278
  Arrival Time                  1.235
  Slack Time                   -2.043
     Clock Rise Edge                 0.000
     + Clock Network Latency (Prop)  0.921
     = Beginpoint Arrival Time       0.921
     +----------------------------------------------------------------------------------+ 
     |         Instance         |     Arc     |    Cell    | Delay | Arrival | Required | 
     |                          |             |            |       |  Time   |   Time   | 
     |--------------------------+-------------+------------+-------+---------+----------| 
     | o_copro_operation_reg[0] | CK ^        |            |       |   0.921 |    2.964 | 
     | o_copro_operation_reg[0] | CK ^ -> Q v | DFFHQX1LVT | 0.190 |   1.111 |    3.154 | 
     | p1381A72209              | A v -> Y ^  | NAND2XLLVT | 0.058 |   1.169 |    3.212 | 
     | p0704A__8780             | B0 ^ -> Y v | OAI21XLLVT | 0.066 |   1.235 |    3.278 | 
     | o_copro_operation_reg[0] | D v         | DFFHQX1LVT | 0.000 |   1.235 |    3.278 | 
     +----------------------------------------------------------------------------------+ 
Path 173: VIOLATED Hold Check with Pin saved_current_instruction_iabt_status_
reg[7]/CK 
Endpoint:   saved_current_instruction_iabt_status_reg[7]/D (v) checked with  
leading edge of 'CLK'
Beginpoint: saved_current_instruction_iabt_status_reg[7]/Q (v) triggered by  
leading edge of 'CLK'
Path Groups: {reg2reg}
Analysis View: best
Other End Arrival Time          2.860
+ Hold                          0.020
+ Phase Shift                   0.000
+ Uncertainty                   0.400
= Required Time                 3.280
  Arrival Time                  1.237
  Slack Time                   -2.043
     Clock Rise Edge                 0.000
     + Clock Network Latency (Prop)  0.922
     = Beginpoint Arrival Time       0.922
     +-----------------------------------------------------------------------------------------------------+ 
     |                   Instance                   |     Arc     |   Cell    | Delay | Arrival | Required | 
     |                                              |             |           |       |  Time   |   Time   | 
     |----------------------------------------------+-------------+-----------+-------+---------+----------| 
     | saved_current_instruction_iabt_status_reg[7] | CK ^        |           |       |   0.922 |    2.964 | 
     | saved_current_instruction_iabt_status_reg[7] | CK ^ -> Q v | DFFQXLLVT | 0.165 |   1.087 |    3.130 | 
     | p0555A70343__5019                            | B v -> Y v  | MX2X1     | 0.151 |   1.237 |    3.280 | 
     | saved_current_instruction_iabt_status_reg[7] | D v         | DFFQXLLVT | 0.000 |   1.237 |    3.280 | 
     +-----------------------------------------------------------------------------------------------------+ 
Path 174: VIOLATED Hold Check with Pin saved_current_instruction_reg[6]/CK 
Endpoint:   saved_current_instruction_reg[6]/D (v) checked with  leading edge 
of 'CLK'
Beginpoint: saved_current_instruction_reg[6]/Q (v) triggered by  leading edge 
of 'CLK'
Path Groups: {reg2reg}
Analysis View: best
Other End Arrival Time          2.856
+ Hold                          0.032
+ Phase Shift                   0.000
+ Uncertainty                   0.400
= Required Time                 3.288
  Arrival Time                  1.246
  Slack Time                   -2.043
     Clock Rise Edge                 0.000
     + Clock Network Latency (Prop)  0.918
     = Beginpoint Arrival Time       0.918
     +-----------------------------------------------------------------------------------------+ 
     |             Instance             |     Arc     |   Cell    | Delay | Arrival | Required | 
     |                                  |             |           |       |  Time   |   Time   | 
     |----------------------------------+-------------+-----------+-------+---------+----------| 
     | saved_current_instruction_reg[6] | CK ^        |           |       |   0.918 |    2.960 | 
     | saved_current_instruction_reg[6] | CK ^ -> Q v | DFFQXL    | 0.224 |   1.142 |    3.184 | 
     | p0470A__73388                    | A0 v -> Y v | AO22XLLVT | 0.104 |   1.246 |    3.288 | 
     | saved_current_instruction_reg[6] | D v         | DFFQXL    | 0.000 |   1.246 |    3.288 | 
     +-----------------------------------------------------------------------------------------+ 
Path 175: VIOLATED Hold Check with Pin abt_address_reg_reg[10]/CK 
Endpoint:   abt_address_reg_reg[10]/D (v) checked with  leading edge of 'CLK'
Beginpoint: abt_address_reg_reg[10]/Q (v) triggered by  leading edge of 'CLK'
Path Groups: {reg2reg}
Analysis View: best
Other End Arrival Time          2.858
+ Hold                          0.028
+ Phase Shift                   0.000
+ Uncertainty                   0.400
= Required Time                 3.286
  Arrival Time                  1.244
  Slack Time                   -2.042
     Clock Rise Edge                 0.000
     + Clock Network Latency (Prop)  0.919
     = Beginpoint Arrival Time       0.919
     +---------------------------------------------------------------------------------+ 
     |        Instance         |     Arc     |    Cell    | Delay | Arrival | Required | 
     |                         |             |            |       |  Time   |   Time   | 
     |-------------------------+-------------+------------+-------+---------+----------| 
     | abt_address_reg_reg[10] | CK ^        |            |       |   0.919 |    2.962 | 
     | abt_address_reg_reg[10] | CK ^ -> Q v | DFFHQX1LVT | 0.173 |   1.093 |    3.135 | 
     | p1396A132480            | B v -> Y v  | MX2X1      | 0.151 |   1.244 |    3.286 | 
     | abt_address_reg_reg[10] | D v         | DFFHQX1LVT | 0.000 |   1.244 |    3.286 | 
     +---------------------------------------------------------------------------------+ 
Path 176: VIOLATED Hold Check with Pin pre_fetch_instruction_address_reg[26]/CK 
Endpoint:   pre_fetch_instruction_address_reg[26]/D (v) checked with  leading 
edge of 'CLK'
Beginpoint: pre_fetch_instruction_address_reg[26]/Q (v) triggered by  leading 
edge of 'CLK'
Path Groups: {reg2reg}
Analysis View: best
Other End Arrival Time          2.860
+ Hold                          0.017
+ Phase Shift                   0.000
+ Uncertainty                   0.400
= Required Time                 3.278
  Arrival Time                  1.235
  Slack Time                   -2.042
     Clock Rise Edge                 0.000
     + Clock Network Latency (Prop)  0.922
     = Beginpoint Arrival Time       0.922
     +----------------------------------------------------------------------------------------------+ 
     |               Instance                |     Arc     |   Cell    | Delay | Arrival | Required | 
     |                                       |             |           |       |  Time   |   Time   | 
     |---------------------------------------+-------------+-----------+-------+---------+----------| 
     | pre_fetch_instruction_address_reg[26] | CK ^        |           |       |   0.922 |    2.964 | 
     | pre_fetch_instruction_address_reg[26] | CK ^ -> Q v | DFFQXLLVT | 0.162 |   1.084 |    3.126 | 
     | p0854A71129__1309                     | A v -> Y v  | MX2X1     | 0.151 |   1.235 |    3.278 | 
     | pre_fetch_instruction_address_reg[26] | D v         | DFFQXLLVT | 0.000 |   1.235 |    3.278 | 
     +----------------------------------------------------------------------------------------------+ 
Path 177: VIOLATED Hold Check with Pin saved_current_instruction_iabt_status_
reg[5]/CK 
Endpoint:   saved_current_instruction_iabt_status_reg[5]/D (v) checked with  
leading edge of 'CLK'
Beginpoint: saved_current_instruction_iabt_status_reg[5]/Q (v) triggered by  
leading edge of 'CLK'
Path Groups: {reg2reg}
Analysis View: best
Other End Arrival Time          2.860
+ Hold                          0.015
+ Phase Shift                   0.000
+ Uncertainty                   0.400
= Required Time                 3.275
  Arrival Time                  1.233
  Slack Time                   -2.042
     Clock Rise Edge                 0.000
     + Clock Network Latency (Prop)  0.921
     = Beginpoint Arrival Time       0.921
     +-----------------------------------------------------------------------------------------------------+ 
     |                   Instance                   |     Arc     |   Cell    | Delay | Arrival | Required | 
     |                                              |             |           |       |  Time   |   Time   | 
     |----------------------------------------------+-------------+-----------+-------+---------+----------| 
     | saved_current_instruction_iabt_status_reg[5] | CK ^        |           |       |   0.921 |    2.964 | 
     | saved_current_instruction_iabt_status_reg[5] | CK ^ -> Q v | DFFQXLLVT | 0.158 |   1.080 |    3.122 | 
     | p0555A70341__7344                            | B v -> Y v  | MX2X1     | 0.153 |   1.233 |    3.275 | 
     | saved_current_instruction_iabt_status_reg[5] | D v         | DFFQXLLVT | 0.000 |   1.233 |    3.275 | 
     +-----------------------------------------------------------------------------------------------------+ 
Path 178: VIOLATED Hold Check with Pin saved_current_instruction_address_reg[8]/
CK 
Endpoint:   saved_current_instruction_address_reg[8]/D (v) checked with  
leading edge of 'CLK'
Beginpoint: saved_current_instruction_address_reg[8]/Q (v) triggered by  
leading edge of 'CLK'
Path Groups: {reg2reg}
Analysis View: best
Other End Arrival Time          2.859
+ Hold                          0.017
+ Phase Shift                   0.000
+ Uncertainty                   0.400
= Required Time                 3.276
  Arrival Time                  1.235
  Slack Time                   -2.042
     Clock Rise Edge                 0.000
     + Clock Network Latency (Prop)  0.921
     = Beginpoint Arrival Time       0.921
     +-------------------------------------------------------------------------------------------------+ 
     |                 Instance                 |     Arc     |   Cell    | Delay | Arrival | Required | 
     |                                          |             |           |       |  Time   |   Time   | 
     |------------------------------------------+-------------+-----------+-------+---------+----------| 
     | saved_current_instruction_address_reg[8] | CK ^        |           |       |   0.921 |    2.962 | 
     | saved_current_instruction_address_reg[8] | CK ^ -> Q v | DFFQXLLVT | 0.162 |   1.082 |    3.124 | 
     | p0555A70291__2391                        | B v -> Y v  | MX2X1     | 0.152 |   1.235 |    3.276 | 
     | saved_current_instruction_address_reg[8] | D v         | DFFQXLLVT | 0.000 |   1.235 |    3.276 | 
     +-------------------------------------------------------------------------------------------------+ 
Path 179: VIOLATED Hold Check with Pin o_read_data_reg[28]/CK 
Endpoint:   o_read_data_reg[28]/D (v) checked with  leading edge of 'CLK'
Beginpoint: o_read_data_reg[28]/Q (v) triggered by  leading edge of 'CLK'
Path Groups: {reg2reg}
Analysis View: best
Other End Arrival Time          2.858
+ Hold                          0.028
+ Phase Shift                   0.000
+ Uncertainty                   0.400
= Required Time                 3.286
  Arrival Time                  1.244
  Slack Time                   -2.041
     Clock Rise Edge                 0.000
     + Clock Network Latency (Prop)  0.919
     = Beginpoint Arrival Time       0.919
     +-----------------------------------------------------------------------------+ 
     |      Instance       |     Arc     |    Cell    | Delay | Arrival | Required | 
     |                     |             |            |       |  Time   |   Time   | 
     |---------------------+-------------+------------+-------+---------+----------| 
     | o_read_data_reg[28] | CK ^        |            |       |   0.919 |    2.961 | 
     | o_read_data_reg[28] | CK ^ -> Q v | DFFHQX1LVT | 0.173 |   1.092 |    3.134 | 
     | p1396A72133         | B v -> Y v  | MX2X1      | 0.152 |   1.244 |    3.286 | 
     | o_read_data_reg[28] | D v         | DFFHQX1LVT | 0.000 |   1.244 |    3.286 | 
     +-----------------------------------------------------------------------------+ 
Path 180: VIOLATED Hold Check with Pin saved_current_instruction_address_
reg[11]/CK 
Endpoint:   saved_current_instruction_address_reg[11]/D (v) checked with  
leading edge of 'CLK'
Beginpoint: saved_current_instruction_address_reg[11]/Q (v) triggered by  
leading edge of 'CLK'
Path Groups: {reg2reg}
Analysis View: best
Other End Arrival Time          2.859
+ Hold                          0.020
+ Phase Shift                   0.000
+ Uncertainty                   0.400
= Required Time                 3.279
  Arrival Time                  1.238
  Slack Time                   -2.041
     Clock Rise Edge                 0.000
     + Clock Network Latency (Prop)  0.921
     = Beginpoint Arrival Time       0.921
     +--------------------------------------------------------------------------------------------------+ 
     |                 Instance                  |     Arc     |   Cell    | Delay | Arrival | Required | 
     |                                           |             |           |       |  Time   |   Time   | 
     |-------------------------------------------+-------------+-----------+-------+---------+----------| 
     | saved_current_instruction_address_reg[11] | CK ^        |           |       |   0.921 |    2.962 | 
     | saved_current_instruction_address_reg[11] | CK ^ -> Q v | DFFQXLLVT | 0.166 |   1.087 |    3.128 | 
     | p0555A70286__132360                       | B v -> Y v  | MX2X1     | 0.151 |   1.238 |    3.279 | 
     | saved_current_instruction_address_reg[11] | D v         | DFFQXLLVT | 0.000 |   1.238 |    3.279 | 
     +--------------------------------------------------------------------------------------------------+ 
Path 181: VIOLATED Hold Check with Pin abt_address_reg_reg[0]/CK 
Endpoint:   abt_address_reg_reg[0]/D (v) checked with  leading edge of 'CLK'
Beginpoint: abt_address_reg_reg[0]/Q (v) triggered by  leading edge of 'CLK'
Path Groups: {reg2reg}
Analysis View: best
Other End Arrival Time          2.859
+ Hold                          0.027
+ Phase Shift                   0.000
+ Uncertainty                   0.400
= Required Time                 3.286
  Arrival Time                  1.245
  Slack Time                   -2.041
     Clock Rise Edge                 0.000
     + Clock Network Latency (Prop)  0.920
     = Beginpoint Arrival Time       0.920
     +--------------------------------------------------------------------------------+ 
     |        Instance        |     Arc     |    Cell    | Delay | Arrival | Required | 
     |                        |             |            |       |  Time   |   Time   | 
     |------------------------+-------------+------------+-------+---------+----------| 
     | abt_address_reg_reg[0] | CK ^        |            |       |   0.920 |    2.961 | 
     | abt_address_reg_reg[0] | CK ^ -> Q v | DFFHQX1LVT | 0.172 |   1.092 |    3.133 | 
     | p1396A72114            | B v -> Y v  | MX2X1      | 0.153 |   1.245 |    3.286 | 
     | abt_address_reg_reg[0] | D v         | DFFHQX1LVT | 0.000 |   1.245 |    3.286 | 
     +--------------------------------------------------------------------------------+ 
Path 182: VIOLATED Hold Check with Pin abt_address_reg_reg[1]/CK 
Endpoint:   abt_address_reg_reg[1]/D (v) checked with  leading edge of 'CLK'
Beginpoint: abt_address_reg_reg[1]/Q (v) triggered by  leading edge of 'CLK'
Path Groups: {reg2reg}
Analysis View: best
Other End Arrival Time          2.859
+ Hold                          0.029
+ Phase Shift                   0.000
+ Uncertainty                   0.400
= Required Time                 3.287
  Arrival Time                  1.247
  Slack Time                   -2.040
     Clock Rise Edge                 0.000
     + Clock Network Latency (Prop)  0.920
     = Beginpoint Arrival Time       0.920
     +--------------------------------------------------------------------------------+ 
     |        Instance        |     Arc     |    Cell    | Delay | Arrival | Required | 
     |                        |             |            |       |  Time   |   Time   | 
     |------------------------+-------------+------------+-------+---------+----------| 
     | abt_address_reg_reg[1] | CK ^        |            |       |   0.920 |    2.960 | 
     | abt_address_reg_reg[1] | CK ^ -> Q v | DFFHQX1LVT | 0.175 |   1.095 |    3.135 | 
     | p1396A72112            | B v -> Y v  | MX2X1      | 0.152 |   1.247 |    3.287 | 
     | abt_address_reg_reg[1] | D v         | DFFHQX1LVT | 0.000 |   1.247 |    3.287 | 
     +--------------------------------------------------------------------------------+ 
Path 183: VIOLATED Hold Check with Pin o_alu_function_reg[4]/CK 
Endpoint:   o_alu_function_reg[4]/D (v) checked with  leading edge of 'CLK'
Beginpoint: o_alu_function_reg[4]/Q (v) triggered by  leading edge of 'CLK'
Path Groups: {reg2reg}
Analysis View: best
Other End Arrival Time          2.857
+ Hold                          0.027
+ Phase Shift                   0.000
+ Uncertainty                   0.400
= Required Time                 3.285
  Arrival Time                  1.245
  Slack Time                   -2.040
     Clock Rise Edge                 0.000
     + Clock Network Latency (Prop)  0.919
     = Beginpoint Arrival Time       0.919
     +-------------------------------------------------------------------------------+ 
     |       Instance        |     Arc     |    Cell    | Delay | Arrival | Required | 
     |                       |             |            |       |  Time   |   Time   | 
     |-----------------------+-------------+------------+-------+---------+----------| 
     | o_alu_function_reg[4] | CK ^        |            |       |   0.919 |    2.959 | 
     | o_alu_function_reg[4] | CK ^ -> Q v | DFFHQX1LVT | 0.175 |   1.094 |    3.134 | 
     | p0673A70502__110757   | A v -> Y v  | MX2X1      | 0.151 |   1.245 |    3.285 | 
     | o_alu_function_reg[4] | D v         | DFFHQX1LVT | 0.000 |   1.245 |    3.285 | 
     +-------------------------------------------------------------------------------+ 
Path 184: VIOLATED Hold Check with Pin o_imm32_reg[4]/CK 
Endpoint:   o_imm32_reg[4]/D (v) checked with  leading edge of 'CLK'
Beginpoint: o_imm32_reg[4]/Q (v) triggered by  leading edge of 'CLK'
Path Groups: {reg2reg}
Analysis View: best
Other End Arrival Time          2.856
+ Hold                          0.015
+ Phase Shift                   0.000
+ Uncertainty                   0.400
= Required Time                 3.272
  Arrival Time                  1.232
  Slack Time                   -2.040
     Clock Rise Edge                 0.000
     + Clock Network Latency (Prop)  0.918
     = Beginpoint Arrival Time       0.918
     +------------------------------------------------------------------------+ 
     |    Instance    |     Arc     |    Cell    | Delay | Arrival | Required | 
     |                |             |            |       |  Time   |   Time   | 
     |----------------+-------------+------------+-------+---------+----------| 
     | o_imm32_reg[4] | CK ^        |            |       |   0.918 |    2.958 | 
     | o_imm32_reg[4] | CK ^ -> Q v | DFFQX2LVT  | 0.178 |   1.096 |    3.136 | 
     | p0609A__6877   | A0 v -> Y ^ | AOI21XLLVT | 0.070 |   1.166 |    3.206 | 
     | p0492A__1786   | B0 ^ -> Y v | OAI21XLLVT | 0.065 |   1.232 |    3.272 | 
     | o_imm32_reg[4] | D v         | DFFQX2LVT  | 0.000 |   1.232 |    3.272 | 
     +------------------------------------------------------------------------+ 
Path 185: VIOLATED Hold Check with Pin saved_current_instruction_address_
reg[28]/CK 
Endpoint:   saved_current_instruction_address_reg[28]/D (v) checked with  
leading edge of 'CLK'
Beginpoint: saved_current_instruction_address_reg[28]/Q (v) triggered by  
leading edge of 'CLK'
Path Groups: {reg2reg}
Analysis View: best
Other End Arrival Time          2.860
+ Hold                          0.016
+ Phase Shift                   0.000
+ Uncertainty                   0.400
= Required Time                 3.277
  Arrival Time                  1.237
  Slack Time                   -2.040
     Clock Rise Edge                 0.000
     + Clock Network Latency (Prop)  0.922
     = Beginpoint Arrival Time       0.922
     +--------------------------------------------------------------------------------------------------+ 
     |                 Instance                  |     Arc     |   Cell    | Delay | Arrival | Required | 
     |                                           |             |           |       |  Time   |   Time   | 
     |-------------------------------------------+-------------+-----------+-------+---------+----------| 
     | saved_current_instruction_address_reg[28] | CK ^        |           |       |   0.922 |    2.962 | 
     | saved_current_instruction_address_reg[28] | CK ^ -> Q v | DFFQXLLVT | 0.161 |   1.083 |    3.123 | 
     | p0555A70332__9906                         | B v -> Y v  | MX2X1     | 0.154 |   1.237 |    3.277 | 
     | saved_current_instruction_address_reg[28] | D v         | DFFQXLLVT | 0.000 |   1.237 |    3.277 | 
     +--------------------------------------------------------------------------------------------------+ 
Path 186: VIOLATED Hold Check with Pin saved_current_instruction_address_reg[3]/
CK 
Endpoint:   saved_current_instruction_address_reg[3]/D (v) checked with  
leading edge of 'CLK'
Beginpoint: saved_current_instruction_address_reg[3]/Q (v) triggered by  
leading edge of 'CLK'
Path Groups: {reg2reg}
Analysis View: best
Other End Arrival Time          2.859
+ Hold                          0.018
+ Phase Shift                   0.000
+ Uncertainty                   0.400
= Required Time                 3.277
  Arrival Time                  1.237
  Slack Time                   -2.039
     Clock Rise Edge                 0.000
     + Clock Network Latency (Prop)  0.921
     = Beginpoint Arrival Time       0.921
     +-------------------------------------------------------------------------------------------------+ 
     |                 Instance                 |     Arc     |   Cell    | Delay | Arrival | Required | 
     |                                          |             |           |       |  Time   |   Time   | 
     |------------------------------------------+-------------+-----------+-------+---------+----------| 
     | saved_current_instruction_address_reg[3] | CK ^        |           |       |   0.921 |    2.960 | 
     | saved_current_instruction_address_reg[3] | CK ^ -> Q v | DFFQXLLVT | 0.163 |   1.084 |    3.124 | 
     | p0555A70299__5953                        | B v -> Y v  | MX2X1     | 0.153 |   1.237 |    3.277 | 
     | saved_current_instruction_address_reg[3] | D v         | DFFQXLLVT | 0.000 |   1.237 |    3.277 | 
     +-------------------------------------------------------------------------------------------------+ 
Path 187: VIOLATED Hold Check with Pin pre_fetch_instruction_reg[30]/CK 
Endpoint:   pre_fetch_instruction_reg[30]/D (v) checked with  leading edge of 
'CLK'
Beginpoint: pre_fetch_instruction_reg[30]/Q (v) triggered by  leading edge of 
'CLK'
Path Groups: {reg2reg}
Analysis View: best
Other End Arrival Time          2.858
+ Hold                          0.015
+ Phase Shift                   0.000
+ Uncertainty                   0.400
= Required Time                 3.273
  Arrival Time                  1.234
  Slack Time                   -2.039
     Clock Rise Edge                 0.000
     + Clock Network Latency (Prop)  0.919
     = Beginpoint Arrival Time       0.919
     +--------------------------------------------------------------------------------------+ 
     |           Instance            |     Arc     |   Cell    | Delay | Arrival | Required | 
     |                               |             |           |       |  Time   |   Time   | 
     |-------------------------------+-------------+-----------+-------+---------+----------| 
     | pre_fetch_instruction_reg[30] | CK ^        |           |       |   0.919 |    2.959 | 
     | pre_fetch_instruction_reg[30] | CK ^ -> Q v | DFFQXLLVT | 0.162 |   1.081 |    3.120 | 
     | p0856A71166__6877             | A v -> Y v  | MX2X1     | 0.153 |   1.234 |    3.273 | 
     | pre_fetch_instruction_reg[30] | D v         | DFFQXLLVT | 0.000 |   1.234 |    3.273 | 
     +--------------------------------------------------------------------------------------+ 
Path 188: VIOLATED Hold Check with Pin o_status_bits_firq_mask_wen_reg/CK 
Endpoint:   o_status_bits_firq_mask_wen_reg/D (v) checked with  leading edge of 
'CLK'
Beginpoint: o_status_bits_firq_mask_wen_reg/Q (v) triggered by  leading edge of 
'CLK'
Path Groups: {reg2reg}
Analysis View: best
Other End Arrival Time          2.859
+ Hold                          0.029
+ Phase Shift                   0.000
+ Uncertainty                   0.400
= Required Time                 3.288
  Arrival Time                  1.249
  Slack Time                   -2.039
     Clock Rise Edge                 0.000
     + Clock Network Latency (Prop)  0.921
     = Beginpoint Arrival Time       0.921
     +-----------------------------------------------------------------------------------------+ 
     |            Instance             |     Arc     |    Cell    | Delay | Arrival | Required | 
     |                                 |             |            |       |  Time   |   Time   | 
     |---------------------------------+-------------+------------+-------+---------+----------| 
     | o_status_bits_firq_mask_wen_reg | CK ^        |            |       |   0.921 |    2.960 | 
     | o_status_bits_firq_mask_wen_reg | CK ^ -> Q v | DFFHQX1LVT | 0.170 |   1.091 |    3.130 | 
     | p0675A__7114                    | A0 v -> Y v | AO21XLLVT  | 0.088 |   1.179 |    3.218 | 
     | g134528                         | B0 v -> Y v | AO21XLLVT  | 0.070 |   1.249 |    3.288 | 
     | o_status_bits_firq_mask_wen_reg | D v         | DFFHQX1LVT | 0.000 |   1.249 |    3.288 | 
     +-----------------------------------------------------------------------------------------+ 
Path 189: VIOLATED Hold Check with Pin saved_current_instruction_address_
reg[29]/CK 
Endpoint:   saved_current_instruction_address_reg[29]/D (v) checked with  
leading edge of 'CLK'
Beginpoint: saved_current_instruction_address_reg[29]/Q (v) triggered by  
leading edge of 'CLK'
Path Groups: {reg2reg}
Analysis View: best
Other End Arrival Time          2.860
+ Hold                          0.018
+ Phase Shift                   0.000
+ Uncertainty                   0.400
= Required Time                 3.279
  Arrival Time                  1.240
  Slack Time                   -2.039
     Clock Rise Edge                 0.000
     + Clock Network Latency (Prop)  0.922
     = Beginpoint Arrival Time       0.922
     +--------------------------------------------------------------------------------------------------+ 
     |                 Instance                  |     Arc     |   Cell    | Delay | Arrival | Required | 
     |                                           |             |           |       |  Time   |   Time   | 
     |-------------------------------------------+-------------+-----------+-------+---------+----------| 
     | saved_current_instruction_address_reg[29] | CK ^        |           |       |   0.922 |    2.960 | 
     | saved_current_instruction_address_reg[29] | CK ^ -> Q v | DFFQXLLVT | 0.164 |   1.086 |    3.125 | 
     | p0555A70333__1857                         | B v -> Y v  | MX2X1     | 0.154 |   1.240 |    3.279 | 
     | saved_current_instruction_address_reg[29] | D v         | DFFQXLLVT | 0.000 |   1.240 |    3.279 | 
     +--------------------------------------------------------------------------------------------------+ 
Path 190: VIOLATED Hold Check with Pin o_status_bits_sel_reg[0]/CK 
Endpoint:   o_status_bits_sel_reg[0]/D (v) checked with  leading edge of 'CLK'
Beginpoint: o_status_bits_sel_reg[0]/Q (v) triggered by  leading edge of 'CLK'
Path Groups: {reg2reg}
Analysis View: best
Other End Arrival Time          2.859
+ Hold                          0.028
+ Phase Shift                   0.000
+ Uncertainty                   0.400
= Required Time                 3.287
  Arrival Time                  1.249
  Slack Time                   -2.038
     Clock Rise Edge                 0.000
     + Clock Network Latency (Prop)  0.921
     = Beginpoint Arrival Time       0.921
     +----------------------------------------------------------------------------------+ 
     |         Instance         |     Arc     |    Cell    | Delay | Arrival | Required | 
     |                          |             |            |       |  Time   |   Time   | 
     |--------------------------+-------------+------------+-------+---------+----------| 
     | o_status_bits_sel_reg[0] | CK ^        |            |       |   0.921 |    2.958 | 
     | o_status_bits_sel_reg[0] | CK ^ -> Q v | DFFHQX1LVT | 0.172 |   1.093 |    3.131 | 
     | g134619                  | A0 v -> Y v | AO21XLLVT  | 0.085 |   1.178 |    3.216 | 
     | g134529                  | B0 v -> Y v | AO21XLLVT  | 0.071 |   1.249 |    3.287 | 
     | o_status_bits_sel_reg[0] | D v         | DFFHQX1LVT | 0.000 |   1.249 |    3.287 | 
     +----------------------------------------------------------------------------------+ 
Path 191: VIOLATED Hold Check with Pin o_reg_bank_wen_reg[11]/CK 
Endpoint:   o_reg_bank_wen_reg[11]/D (v) checked with  leading edge of 'CLK'
Beginpoint: o_reg_bank_wen_reg[11]/Q (v) triggered by  leading edge of 'CLK'
Path Groups: {reg2reg}
Analysis View: best
Other End Arrival Time          2.860
+ Hold                          0.021
+ Phase Shift                   0.000
+ Uncertainty                   0.400
= Required Time                 3.282
  Arrival Time                  1.245
  Slack Time                   -2.037
     Clock Rise Edge                 0.000
     + Clock Network Latency (Prop)  0.922
     = Beginpoint Arrival Time       0.922
     +--------------------------------------------------------------------------------+ 
     |        Instance        |     Arc     |    Cell    | Delay | Arrival | Required | 
     |                        |             |            |       |  Time   |   Time   | 
     |------------------------+-------------+------------+-------+---------+----------| 
     | o_reg_bank_wen_reg[11] | CK ^        |            |       |   0.922 |    2.959 | 
     | o_reg_bank_wen_reg[11] | CK ^ -> Q v | DFFHQX1LVT | 0.196 |   1.118 |    3.154 | 
     | p1382A72190            | A v -> Y ^  | NAND2XLLVT | 0.063 |   1.181 |    3.218 | 
     | p0439A70176__1474      | B0 ^ -> Y v | OAI21XLLVT | 0.064 |   1.245 |    3.282 | 
     | o_reg_bank_wen_reg[11] | D v         | DFFHQX1LVT | 0.000 |   1.245 |    3.282 | 
     +--------------------------------------------------------------------------------+ 
Path 192: VIOLATED Hold Check with Pin o_imm32_reg[25]/CK 
Endpoint:   o_imm32_reg[25]/D (v) checked with  leading edge of 'CLK'
Beginpoint: o_imm32_reg[25]/Q (v) triggered by  leading edge of 'CLK'
Path Groups: {reg2reg}
Analysis View: best
Other End Arrival Time          2.861
+ Hold                          0.019
+ Phase Shift                   0.000
+ Uncertainty                   0.400
= Required Time                 3.280
  Arrival Time                  1.243
  Slack Time                   -2.037
     Clock Rise Edge                 0.000
     + Clock Network Latency (Prop)  0.922
     = Beginpoint Arrival Time       0.922
     +---------------------------------------------------------------------------+ 
     |     Instance      |     Arc     |    Cell    | Delay | Arrival | Required | 
     |                   |             |            |       |  Time   |   Time   | 
     |-------------------+-------------+------------+-------+---------+----------| 
     | o_imm32_reg[25]   | CK ^        |            |       |   0.922 |    2.959 | 
     | o_imm32_reg[25]   | CK ^ -> Q v | DFFHQX1LVT | 0.182 |   1.104 |    3.141 | 
     | p0762A70712__2250 | A0 v -> Y ^ | AOI21XLLVT | 0.068 |   1.172 |    3.209 | 
     | p0626A__2900      | B0 ^ -> Y v | OAI21XLLVT | 0.071 |   1.243 |    3.280 | 
     | o_imm32_reg[25]   | D v         | DFFHQX1LVT | 0.000 |   1.243 |    3.280 | 
     +---------------------------------------------------------------------------+ 
Path 193: VIOLATED Hold Check with Pin o_imm32_reg[24]/CK 
Endpoint:   o_imm32_reg[24]/D (v) checked with  leading edge of 'CLK'
Beginpoint: o_imm32_reg[24]/Q (v) triggered by  leading edge of 'CLK'
Path Groups: {reg2reg}
Analysis View: best
Other End Arrival Time          2.856
+ Hold                          0.019
+ Phase Shift                   0.000
+ Uncertainty                   0.400
= Required Time                 3.275
  Arrival Time                  1.239
  Slack Time                   -2.036
     Clock Rise Edge                 0.000
     + Clock Network Latency (Prop)  0.918
     = Beginpoint Arrival Time       0.918
     +---------------------------------------------------------------------------+ 
     |     Instance      |     Arc     |    Cell    | Delay | Arrival | Required | 
     |                   |             |            |       |  Time   |   Time   | 
     |-------------------+-------------+------------+-------+---------+----------| 
     | o_imm32_reg[24]   | CK ^        |            |       |   0.918 |    2.954 | 
     | o_imm32_reg[24]   | CK ^ -> Q v | DFFHQX1LVT | 0.181 |   1.099 |    3.135 | 
     | p0771A70725__5953 | A0 v -> Y ^ | AOI21XLLVT | 0.071 |   1.170 |    3.206 | 
     | p0607A__1474      | B0 ^ -> Y v | OAI21XLLVT | 0.069 |   1.239 |    3.275 | 
     | o_imm32_reg[24]   | D v         | DFFHQX1LVT | 0.000 |   1.239 |    3.275 | 
     +---------------------------------------------------------------------------+ 
Path 194: VIOLATED Hold Check with Pin status_bits_mode_r_reg[0]/CK 
Endpoint:   status_bits_mode_r_reg[0]/D (v) checked with  leading edge of 'CLK'
Beginpoint: status_bits_mode_r_reg[0]/Q (v) triggered by  leading edge of 'CLK'
Path Groups: {reg2reg}
Analysis View: best
Other End Arrival Time          2.859
+ Hold                          0.028
+ Phase Shift                   0.000
+ Uncertainty                   0.400
= Required Time                 3.287
  Arrival Time                  1.251
  Slack Time                   -2.036
     Clock Rise Edge                 0.000
     + Clock Network Latency (Prop)  0.921
     = Beginpoint Arrival Time       0.921
     +-----------------------------------------------------------------------------------+ 
     |         Instance          |     Arc     |    Cell    | Delay | Arrival | Required | 
     |                           |             |            |       |  Time   |   Time   | 
     |---------------------------+-------------+------------+-------+---------+----------| 
     | status_bits_mode_r_reg[0] | CK ^        |            |       |   0.921 |    2.957 | 
     | status_bits_mode_r_reg[0] | CK ^ -> Q v | DFFHQX1LVT | 0.177 |   1.098 |    3.134 | 
     | p0568A__110941            | A v -> Y v  | MX2X1      | 0.153 |   1.251 |    3.287 | 
     | status_bits_mode_r_reg[0] | D v         | DFFHQX1LVT | 0.000 |   1.251 |    3.287 | 
     +-----------------------------------------------------------------------------------+ 
Path 195: VIOLATED Hold Check with Pin pc_wen_r_reg/CK 
Endpoint:   pc_wen_r_reg/D (v) checked with  leading edge of 'CLK'
Beginpoint: pc_wen_r_reg/Q (v) triggered by  leading edge of 'CLK'
Path Groups: {reg2reg}
Analysis View: best
Other End Arrival Time          2.860
+ Hold                          0.026
+ Phase Shift                   0.000
+ Uncertainty                   0.400
= Required Time                 3.286
  Arrival Time                  1.250
  Slack Time                   -2.036
     Clock Rise Edge                 0.000
     + Clock Network Latency (Prop)  0.922
     = Beginpoint Arrival Time       0.922
     +----------------------------------------------------------------------+ 
     |   Instance   |     Arc     |    Cell    | Delay | Arrival | Required | 
     |              |             |            |       |  Time   |   Time   | 
     |--------------+-------------+------------+-------+---------+----------| 
     | pc_wen_r_reg | CK ^        |            |       |   0.922 |    2.958 | 
     | pc_wen_r_reg | CK ^ -> Q v | DFFHQX1LVT | 0.174 |   1.096 |    3.131 | 
     | p0602A__3772 | A v -> Y v  | MX2X1      | 0.155 |   1.250 |    3.286 | 
     | pc_wen_r_reg | D v         | DFFHQX1LVT | 0.000 |   1.250 |    3.286 | 
     +----------------------------------------------------------------------+ 
Path 196: VIOLATED Hold Check with Pin saved_current_instruction_address_reg[5]/
CK 
Endpoint:   saved_current_instruction_address_reg[5]/D (v) checked with  
leading edge of 'CLK'
Beginpoint: saved_current_instruction_address_reg[5]/Q (v) triggered by  
leading edge of 'CLK'
Path Groups: {reg2reg}
Analysis View: best
Other End Arrival Time          2.859
+ Hold                          0.019
+ Phase Shift                   0.000
+ Uncertainty                   0.400
= Required Time                 3.278
  Arrival Time                  1.243
  Slack Time                   -2.036
     Clock Rise Edge                 0.000
     + Clock Network Latency (Prop)  0.921
     = Beginpoint Arrival Time       0.921
     +-------------------------------------------------------------------------------------------------+ 
     |                 Instance                 |     Arc     |   Cell    | Delay | Arrival | Required | 
     |                                          |             |           |       |  Time   |   Time   | 
     |------------------------------------------+-------------+-----------+-------+---------+----------| 
     | saved_current_instruction_address_reg[5] | CK ^        |           |       |   0.921 |    2.956 | 
     | saved_current_instruction_address_reg[5] | CK ^ -> Q v | DFFQXLLVT | 0.168 |   1.089 |    3.124 | 
     | p0555A70294__8757                        | B v -> Y v  | MX2X1     | 0.154 |   1.243 |    3.278 | 
     | saved_current_instruction_address_reg[5] | D v         | DFFQXLLVT | 0.000 |   1.243 |    3.278 | 
     +-------------------------------------------------------------------------------------------------+ 
Path 197: VIOLATED Hold Check with Pin o_read_data_reg[31]/CK 
Endpoint:   o_read_data_reg[31]/D (v) checked with  leading edge of 'CLK'
Beginpoint: o_read_data_reg[31]/Q (v) triggered by  leading edge of 'CLK'
Path Groups: {reg2reg}
Analysis View: best
Other End Arrival Time          2.858
+ Hold                          0.028
+ Phase Shift                   0.000
+ Uncertainty                   0.400
= Required Time                 3.286
  Arrival Time                  1.250
  Slack Time                   -2.035
     Clock Rise Edge                 0.000
     + Clock Network Latency (Prop)  0.919
     = Beginpoint Arrival Time       0.919
     +-----------------------------------------------------------------------------+ 
     |      Instance       |     Arc     |    Cell    | Delay | Arrival | Required | 
     |                     |             |            |       |  Time   |   Time   | 
     |---------------------+-------------+------------+-------+---------+----------| 
     | o_read_data_reg[31] | CK ^        |            |       |   0.919 |    2.955 | 
     | o_read_data_reg[31] | CK ^ -> Q v | DFFHQX1LVT | 0.177 |   1.096 |    3.132 | 
     | p1396A72148         | B v -> Y v  | MX2X1      | 0.154 |   1.250 |    3.286 | 
     | o_read_data_reg[31] | D v         | DFFHQX1LVT | 0.000 |   1.250 |    3.286 | 
     +-----------------------------------------------------------------------------+ 
Path 198: VIOLATED Hold Check with Pin o_imm32_reg[21]/CK 
Endpoint:   o_imm32_reg[21]/D (v) checked with  leading edge of 'CLK'
Beginpoint: o_imm32_reg[21]/Q (v) triggered by  leading edge of 'CLK'
Path Groups: {reg2reg}
Analysis View: best
Other End Arrival Time          2.861
+ Hold                          0.014
+ Phase Shift                   0.000
+ Uncertainty                   0.400
= Required Time                 3.275
  Arrival Time                  1.239
  Slack Time                   -2.035
     Clock Rise Edge                 0.000
     + Clock Network Latency (Prop)  0.922
     = Beginpoint Arrival Time       0.922
     +--------------------------------------------------------------------------+ 
     |    Instance     |     Arc     |    Cell     | Delay | Arrival | Required | 
     |                 |             |             |       |  Time   |   Time   | 
     |-----------------+-------------+-------------+-------+---------+----------| 
     | o_imm32_reg[21] | CK ^        |             |       |   0.922 |    2.957 | 
     | o_imm32_reg[21] | CK ^ -> Q v | DFFHQX1LVT  | 0.177 |   1.099 |    3.134 | 
     | p0614A__110299  | A0 v -> Y ^ | AOI21XLLVT  | 0.067 |   1.166 |    3.201 | 
     | g134530         | B ^ -> Y v  | NAND2BXLLVT | 0.073 |   1.239 |    3.275 | 
     | o_imm32_reg[21] | D v         | DFFHQX1LVT  | 0.000 |   1.239 |    3.275 | 
     +--------------------------------------------------------------------------+ 
Path 199: VIOLATED Hold Check with Pin o_barrel_shift_function_reg[0]/CK 
Endpoint:   o_barrel_shift_function_reg[0]/D (v) checked with  leading edge of 
'CLK'
Beginpoint: o_barrel_shift_function_reg[0]/Q (v) triggered by  leading edge of 
'CLK'
Path Groups: {reg2reg}
Analysis View: best
Other End Arrival Time          2.859
+ Hold                          0.030
+ Phase Shift                   0.000
+ Uncertainty                   0.400
= Required Time                 3.289
  Arrival Time                  1.254
  Slack Time                   -2.035
     Clock Rise Edge                 0.000
     + Clock Network Latency (Prop)  0.920
     = Beginpoint Arrival Time       0.920
     +-------------------------------------------------------------------------------------------+ 
     |            Instance            |     Arc      |     Cell     | Delay | Arrival | Required | 
     |                                |              |              |       |  Time   |   Time   | 
     |--------------------------------+--------------+--------------+-------+---------+----------| 
     | o_barrel_shift_function_reg[0] | CK ^         |              |       |   0.920 |    2.955 | 
     | o_barrel_shift_function_reg[0] | CK ^ -> Q v  | DFFHQX1LVT   | 0.187 |   1.108 |    3.142 | 
     | p0760A70619__2250              | A0N v -> Y v | OAI2BB1X1LVT | 0.076 |   1.184 |    3.219 | 
     | p0672A__5953                   | A v -> Y v   | OR2XLLVT     | 0.070 |   1.254 |    3.289 | 
     | o_barrel_shift_function_reg[0] | D v          | DFFHQX1LVT   | 0.000 |   1.254 |    3.289 | 
     +-------------------------------------------------------------------------------------------+ 
Path 200: VIOLATED Hold Check with Pin condition_r_reg[0]/CK 
Endpoint:   condition_r_reg[0]/D (v) checked with  leading edge of 'CLK'
Beginpoint: condition_r_reg[0]/Q (v) triggered by  leading edge of 'CLK'
Path Groups: {reg2reg}
Analysis View: best
Other End Arrival Time          2.858
+ Hold                          0.019
+ Phase Shift                   0.000
+ Uncertainty                   0.400
= Required Time                 3.277
  Arrival Time                  1.243
  Slack Time                   -2.034
     Clock Rise Edge                 0.000
     + Clock Network Latency (Prop)  0.919
     = Beginpoint Arrival Time       0.919
     +----------------------------------------------------------------------------+ 
     |      Instance      |     Arc     |    Cell    | Delay | Arrival | Required | 
     |                    |             |            |       |  Time   |   Time   | 
     |--------------------+-------------+------------+-------+---------+----------| 
     | condition_r_reg[0] | CK ^        |            |       |   0.919 |    2.954 | 
     | condition_r_reg[0] | CK ^ -> Q v | DFFHQX1LVT | 0.195 |   1.114 |    3.149 | 
     | p1383A             | A v -> Y ^  | NAND2XLLVT | 0.063 |   1.178 |    3.212 | 
     | p0835A__7118       | B0 ^ -> Y v | OAI21XLLVT | 0.065 |   1.243 |    3.277 | 
     | condition_r_reg[0] | D v         | DFFHQX1LVT | 0.000 |   1.243 |    3.277 | 
     +----------------------------------------------------------------------------+ 
Path 201: VIOLATED Hold Check with Pin pre_fetch_instruction_address_reg[13]/CK 
Endpoint:   pre_fetch_instruction_address_reg[13]/D (v) checked with  leading 
edge of 'CLK'
Beginpoint: abt_address_reg_reg[13]/Q               (v) triggered by  leading 
edge of 'CLK'
Path Groups: {reg2reg}
Analysis View: best
Other End Arrival Time          2.859
+ Hold                          0.034
+ Phase Shift                   0.000
+ Uncertainty                   0.400
= Required Time                 3.293
  Arrival Time                  1.259
  Slack Time                   -2.034
     Clock Rise Edge                 0.000
     + Clock Network Latency (Prop)  0.919
     = Beginpoint Arrival Time       0.919
     +----------------------------------------------------------------------------------------------+ 
     |               Instance                |     Arc     |   Cell    | Delay | Arrival | Required | 
     |                                       |             |           |       |  Time   |   Time   | 
     |---------------------------------------+-------------+-----------+-------+---------+----------| 
     | abt_address_reg_reg[13]               | CK ^        |           |       |   0.919 |    2.954 | 
     | abt_address_reg_reg[13]               | CK ^ -> Q v | DFFQX2LVT | 0.182 |   1.101 |    3.136 | 
     | p0854A71140__5266                     | B v -> Y v  | MX2X1     | 0.157 |   1.259 |    3.293 | 
     | pre_fetch_instruction_address_reg[13] | D v         | DFFQXL    | 0.000 |   1.259 |    3.293 | 
     +----------------------------------------------------------------------------------------------+ 
Path 202: VIOLATED Hold Check with Pin saved_current_instruction_reg[0]/CK 
Endpoint:   saved_current_instruction_reg[0]/D (v) checked with  leading edge 
of 'CLK'
Beginpoint: saved_current_instruction_reg[0]/Q (v) triggered by  leading edge 
of 'CLK'
Path Groups: {reg2reg}
Analysis View: best
Other End Arrival Time          2.859
+ Hold                          0.017
+ Phase Shift                   0.000
+ Uncertainty                   0.400
= Required Time                 3.276
  Arrival Time                  1.243
  Slack Time                   -2.033
     Clock Rise Edge                 0.000
     + Clock Network Latency (Prop)  0.921
     = Beginpoint Arrival Time       0.921
     +-----------------------------------------------------------------------------------------+ 
     |             Instance             |     Arc     |   Cell    | Delay | Arrival | Required | 
     |                                  |             |           |       |  Time   |   Time   | 
     |----------------------------------+-------------+-----------+-------+---------+----------| 
     | saved_current_instruction_reg[0] | CK ^        |           |       |   0.921 |    2.954 | 
     | saved_current_instruction_reg[0] | CK ^ -> Q v | DFFQXLLVT | 0.166 |   1.087 |    3.120 | 
     | p0555A70356__7675                | B v -> Y v  | MX2X1     | 0.156 |   1.243 |    3.276 | 
     | saved_current_instruction_reg[0] | D v         | DFFQXLLVT | 0.000 |   1.243 |    3.276 | 
     +-----------------------------------------------------------------------------------------+ 
Path 203: VIOLATED Hold Check with Pin saved_current_instruction_address_
reg[19]/CK 
Endpoint:   saved_current_instruction_address_reg[19]/D (v) checked with  
leading edge of 'CLK'
Beginpoint: saved_current_instruction_address_reg[19]/Q (v) triggered by  
leading edge of 'CLK'
Path Groups: {reg2reg}
Analysis View: best
Other End Arrival Time          2.859
+ Hold                          0.019
+ Phase Shift                   0.000
+ Uncertainty                   0.400
= Required Time                 3.279
  Arrival Time                  1.246
  Slack Time                   -2.032
     Clock Rise Edge                 0.000
     + Clock Network Latency (Prop)  0.921
     = Beginpoint Arrival Time       0.921
     +--------------------------------------------------------------------------------------------------+ 
     |                 Instance                  |     Arc     |   Cell    | Delay | Arrival | Required | 
     |                                           |             |           |       |  Time   |   Time   | 
     |-------------------------------------------+-------------+-----------+-------+---------+----------| 
     | saved_current_instruction_address_reg[19] | CK ^        |           |       |   0.921 |    2.953 | 
     | saved_current_instruction_address_reg[19] | CK ^ -> Q v | DFFQXLLVT | 0.170 |   1.091 |    3.123 | 
     | p0555A70323__2900                         | B v -> Y v  | MX2X1     | 0.156 |   1.246 |    3.279 | 
     | saved_current_instruction_address_reg[19] | D v         | DFFQXLLVT | 0.000 |   1.246 |    3.279 | 
     +--------------------------------------------------------------------------------------------------+ 
Path 204: VIOLATED Hold Check with Pin o_reg_bank_wen_reg[7]/CK 
Endpoint:   o_reg_bank_wen_reg[7]/D (v) checked with  leading edge of 'CLK'
Beginpoint: o_reg_bank_wen_reg[7]/Q (v) triggered by  leading edge of 'CLK'
Path Groups: {reg2reg}
Analysis View: best
Other End Arrival Time          2.860
+ Hold                          0.031
+ Phase Shift                   0.000
+ Uncertainty                   0.400
= Required Time                 3.291
  Arrival Time                  1.259
  Slack Time                   -2.032
     Clock Rise Edge                 0.000
     + Clock Network Latency (Prop)  0.922
     = Beginpoint Arrival Time       0.922
     +-------------------------------------------------------------------------------+ 
     |       Instance        |     Arc     |    Cell    | Delay | Arrival | Required | 
     |                       |             |            |       |  Time   |   Time   | 
     |-----------------------+-------------+------------+-------+---------+----------| 
     | o_reg_bank_wen_reg[7] | CK ^        |            |       |   0.922 |    2.954 | 
     | o_reg_bank_wen_reg[7] | CK ^ -> Q v | DFFHQX1    | 0.241 |   1.163 |    3.195 | 
     | p1381A72194           | A v -> Y ^  | NAND2XLLVT | 0.034 |   1.197 |    3.229 | 
     | p0433A70159__5703     | B0 ^ -> Y v | OAI21XLLVT | 0.062 |   1.259 |    3.291 | 
     | o_reg_bank_wen_reg[7] | D v         | DFFHQX1    | 0.000 |   1.259 |    3.291 | 
     +-------------------------------------------------------------------------------+ 
Path 205: VIOLATED Hold Check with Pin saved_current_instruction_reg[13]/CK 
Endpoint:   saved_current_instruction_reg[13]/D (v) checked with  leading edge 
of 'CLK'
Beginpoint: saved_current_instruction_reg[13]/Q (v) triggered by  leading edge 
of 'CLK'
Path Groups: {reg2reg}
Analysis View: best
Other End Arrival Time          2.856
+ Hold                          0.021
+ Phase Shift                   0.000
+ Uncertainty                   0.400
= Required Time                 3.277
  Arrival Time                  1.245
  Slack Time                   -2.031
     Clock Rise Edge                 0.000
     + Clock Network Latency (Prop)  0.918
     = Beginpoint Arrival Time       0.918
     +-------------------------------------------------------------------------------------------+ 
     |             Instance              |     Arc     |    Cell    | Delay | Arrival | Required | 
     |                                   |             |            |       |  Time   |   Time   | 
     |-----------------------------------+-------------+------------+-------+---------+----------| 
     | saved_current_instruction_reg[13] | CK ^        |            |       |   0.918 |    2.949 | 
     | saved_current_instruction_reg[13] | CK ^ -> Q v | DFFQXL     | 0.227 |   1.145 |    3.176 | 
     | p0566A70363__9906                 | A v -> Y ^  | NAND2XLLVT | 0.038 |   1.183 |    3.214 | 
     | p0453A__1786                      | B0 ^ -> Y v | OAI21XLLVT | 0.062 |   1.245 |    3.277 | 
     | saved_current_instruction_reg[13] | D v         | DFFQXL     | 0.000 |   1.245 |    3.277 | 
     +-------------------------------------------------------------------------------------------+ 
Path 206: VIOLATED Hold Check with Pin o_imm32_reg[6]/CK 
Endpoint:   o_imm32_reg[6]/D (v) checked with  leading edge of 'CLK'
Beginpoint: o_imm32_reg[6]/Q (v) triggered by  leading edge of 'CLK'
Path Groups: {reg2reg}
Analysis View: best
Other End Arrival Time          2.856
+ Hold                          0.021
+ Phase Shift                   0.000
+ Uncertainty                   0.400
= Required Time                 3.277
  Arrival Time                  1.247
  Slack Time                   -2.031
     Clock Rise Edge                 0.000
     + Clock Network Latency (Prop)  0.918
     = Beginpoint Arrival Time       0.918
     +---------------------------------------------------------------------------+ 
     |     Instance      |     Arc     |    Cell    | Delay | Arrival | Required | 
     |                   |             |            |       |  Time   |   Time   | 
     |-------------------+-------------+------------+-------+---------+----------| 
     | o_imm32_reg[6]    | CK ^        |            |       |   0.918 |    2.949 | 
     | o_imm32_reg[6]    | CK ^ -> Q v | DFFHQX1LVT | 0.183 |   1.101 |    3.131 | 
     | p0698A70474__6083 | A0 v -> Y ^ | AOI21XLLVT | 0.077 |   1.178 |    3.208 | 
     | p0505A__2703      | B0 ^ -> Y v | OAI21XLLVT | 0.069 |   1.247 |    3.277 | 
     | o_imm32_reg[6]    | D v         | DFFHQX1LVT | 0.000 |   1.247 |    3.277 | 
     +---------------------------------------------------------------------------+ 
Path 207: VIOLATED Hold Check with Pin saved_current_instruction_iabt_status_
reg[6]/CK 
Endpoint:   saved_current_instruction_iabt_status_reg[6]/D (v) checked with  
leading edge of 'CLK'
Beginpoint: saved_current_instruction_iabt_status_reg[6]/Q (v) triggered by  
leading edge of 'CLK'
Path Groups: {reg2reg}
Analysis View: best
Other End Arrival Time          2.860
+ Hold                          0.018
+ Phase Shift                   0.000
+ Uncertainty                   0.400
= Required Time                 3.278
  Arrival Time                  1.249
  Slack Time                   -2.030
     Clock Rise Edge                 0.000
     + Clock Network Latency (Prop)  0.921
     = Beginpoint Arrival Time       0.921
     +-----------------------------------------------------------------------------------------------------+ 
     |                   Instance                   |     Arc     |   Cell    | Delay | Arrival | Required | 
     |                                              |             |           |       |  Time   |   Time   | 
     |----------------------------------------------+-------------+-----------+-------+---------+----------| 
     | saved_current_instruction_iabt_status_reg[6] | CK ^        |           |       |   0.921 |    2.951 | 
     | saved_current_instruction_iabt_status_reg[6] | CK ^ -> Q v | DFFQXLLVT | 0.170 |   1.091 |    3.121 | 
     | p0555A70319__2703                            | B v -> Y v  | MX2X1     | 0.158 |   1.249 |    3.278 | 
     | saved_current_instruction_iabt_status_reg[6] | D v         | DFFQXLLVT | 0.000 |   1.249 |    3.278 | 
     +-----------------------------------------------------------------------------------------------------+ 
Path 208: VIOLATED Hold Check with Pin o_rn_sel_reg[2]/CK 
Endpoint:   o_rn_sel_reg[2]/D (v) checked with  leading edge of 'CLK'
Beginpoint: o_rn_sel_reg[2]/Q (v) triggered by  leading edge of 'CLK'
Path Groups: {reg2reg}
Analysis View: best
Other End Arrival Time          2.857
+ Hold                          0.025
+ Phase Shift                   0.000
+ Uncertainty                   0.400
= Required Time                 3.282
  Arrival Time                  1.252
  Slack Time                   -2.029
     Clock Rise Edge                 0.000
     + Clock Network Latency (Prop)  0.919
     = Beginpoint Arrival Time       0.919
     +-----------------------------------------------------------------------------+ 
     |      Instance       |     Arc     |    Cell    | Delay | Arrival | Required | 
     |                     |             |            |       |  Time   |   Time   | 
     |---------------------+-------------+------------+-------+---------+----------| 
     | o_rn_sel_reg[2]     | CK ^        |            |       |   0.919 |    2.948 | 
     | o_rn_sel_reg[2]     | CK ^ -> Q v | DFFHQX1LVT | 0.176 |   1.095 |    3.124 | 
     | p0869A70735__110961 | A v -> Y v  | MX2X1      | 0.158 |   1.252 |    3.282 | 
     | o_rn_sel_reg[2]     | D v         | DFFHQX1LVT | 0.000 |   1.252 |    3.282 | 
     +-----------------------------------------------------------------------------+ 
Path 209: VIOLATED Hold Check with Pin o_byte_enable_sel_reg/CK 
Endpoint:   o_byte_enable_sel_reg/D (v) checked with  leading edge of 'CLK'
Beginpoint: o_byte_enable_sel_reg/Q (v) triggered by  leading edge of 'CLK'
Path Groups: {reg2reg}
Analysis View: best
Other End Arrival Time          2.859
+ Hold                          0.017
+ Phase Shift                   0.000
+ Uncertainty                   0.400
= Required Time                 3.276
  Arrival Time                  1.247
  Slack Time                   -2.029
     Clock Rise Edge                 0.000
     + Clock Network Latency (Prop)  0.921
     = Beginpoint Arrival Time       0.921
     +-------------------------------------------------------------------------------+ 
     |       Instance        |     Arc     |    Cell    | Delay | Arrival | Required | 
     |                       |             |            |       |  Time   |   Time   | 
     |-----------------------+-------------+------------+-------+---------+----------| 
     | o_byte_enable_sel_reg | CK ^        |            |       |   0.921 |    2.950 | 
     | o_byte_enable_sel_reg | CK ^ -> Q v | DFFHQX1LVT | 0.178 |   1.099 |    3.128 | 
     | p0971A__2900          | A0 v -> Y ^ | AOI21XLLVT | 0.069 |   1.168 |    3.197 | 
     | p0812A__1309          | B0 ^ -> Y v | OAI21XLLVT | 0.079 |   1.247 |    3.276 | 
     | o_byte_enable_sel_reg | D v         | DFFHQX1LVT | 0.000 |   1.247 |    3.276 | 
     +-------------------------------------------------------------------------------+ 
Path 210: VIOLATED Hold Check with Pin o_reg_bank_wen_reg[12]/CK 
Endpoint:   o_reg_bank_wen_reg[12]/D (v) checked with  leading edge of 'CLK'
Beginpoint: o_reg_bank_wen_reg[12]/Q (v) triggered by  leading edge of 'CLK'
Path Groups: {reg2reg}
Analysis View: best
Other End Arrival Time          2.860
+ Hold                          0.032
+ Phase Shift                   0.000
+ Uncertainty                   0.400
= Required Time                 3.292
  Arrival Time                  1.265
  Slack Time                   -2.028
     Clock Rise Edge                 0.000
     + Clock Network Latency (Prop)  0.922
     = Beginpoint Arrival Time       0.922
     +--------------------------------------------------------------------------------+ 
     |        Instance        |     Arc     |    Cell    | Delay | Arrival | Required | 
     |                        |             |            |       |  Time   |   Time   | 
     |------------------------+-------------+------------+-------+---------+----------| 
     | o_reg_bank_wen_reg[12] | CK ^        |            |       |   0.922 |    2.950 | 
     | o_reg_bank_wen_reg[12] | CK ^ -> Q v | DFFHQX1    | 0.245 |   1.167 |    3.195 | 
     | p1381A72186            | A v -> Y ^  | NAND2XLLVT | 0.038 |   1.205 |    3.233 | 
     | p0433A70172__8757      | B0 ^ -> Y v | OAI21XLLVT | 0.060 |   1.265 |    3.292 | 
     | o_reg_bank_wen_reg[12] | D v         | DFFHQX1    | 0.000 |   1.265 |    3.292 | 
     +--------------------------------------------------------------------------------+ 
Path 211: VIOLATED Hold Check with Pin pre_fetch_instruction_address_reg[23]/CK 
Endpoint:   pre_fetch_instruction_address_reg[23]/D (v) checked with  leading 
edge of 'CLK'
Beginpoint: abt_address_reg_reg[23]/Q               (v) triggered by  leading 
edge of 'CLK'
Path Groups: {reg2reg}
Analysis View: best
Other End Arrival Time          2.859
+ Hold                          0.034
+ Phase Shift                   0.000
+ Uncertainty                   0.400
= Required Time                 3.293
  Arrival Time                  1.268
  Slack Time                   -2.026
     Clock Rise Edge                 0.000
     + Clock Network Latency (Prop)  0.919
     = Beginpoint Arrival Time       0.919
     +----------------------------------------------------------------------------------------------+ 
     |               Instance                |     Arc     |   Cell    | Delay | Arrival | Required | 
     |                                       |             |           |       |  Time   |   Time   | 
     |---------------------------------------+-------------+-----------+-------+---------+----------| 
     | abt_address_reg_reg[23]               | CK ^        |           |       |   0.919 |    2.945 | 
     | abt_address_reg_reg[23]               | CK ^ -> Q v | DFFQX2LVT | 0.188 |   1.108 |    3.133 | 
     | p0854A71128__2683                     | B v -> Y v  | MX2X1     | 0.160 |   1.268 |    3.293 | 
     | pre_fetch_instruction_address_reg[23] | D v         | DFFQXL    | 0.000 |   1.268 |    3.293 | 
     +----------------------------------------------------------------------------------------------+ 
Path 212: VIOLATED Hold Check with Pin saved_current_instruction_address_
reg[25]/CK 
Endpoint:   saved_current_instruction_address_reg[25]/D (v) checked with  
leading edge of 'CLK'
Beginpoint: saved_current_instruction_address_reg[25]/Q (v) triggered by  
leading edge of 'CLK'
Path Groups: {reg2reg}
Analysis View: best
Other End Arrival Time          2.860
+ Hold                          0.020
+ Phase Shift                   0.000
+ Uncertainty                   0.400
= Required Time                 3.280
  Arrival Time                  1.256
  Slack Time                   -2.025
     Clock Rise Edge                 0.000
     + Clock Network Latency (Prop)  0.922
     = Beginpoint Arrival Time       0.922
     +--------------------------------------------------------------------------------------------------+ 
     |                 Instance                  |     Arc     |   Cell    | Delay | Arrival | Required | 
     |                                           |             |           |       |  Time   |   Time   | 
     |-------------------------------------------+-------------+-----------+-------+---------+----------| 
     | saved_current_instruction_address_reg[25] | CK ^        |           |       |   0.922 |    2.946 | 
     | saved_current_instruction_address_reg[25] | CK ^ -> Q v | DFFQXLLVT | 0.175 |   1.097 |    3.121 | 
     | p0555A70329__6877                         | B v -> Y v  | MX2X1     | 0.159 |   1.256 |    3.280 | 
     | saved_current_instruction_address_reg[25] | D v         | DFFQXLLVT | 0.000 |   1.256 |    3.280 | 
     +--------------------------------------------------------------------------------------------------+ 
Path 213: VIOLATED Hold Check with Pin o_read_data_reg[22]/CK 
Endpoint:   o_read_data_reg[22]/D (v) checked with  leading edge of 'CLK'
Beginpoint: o_read_data_reg[22]/Q (v) triggered by  leading edge of 'CLK'
Path Groups: {reg2reg}
Analysis View: best
Other End Arrival Time          2.858
+ Hold                          0.027
+ Phase Shift                   0.000
+ Uncertainty                   0.400
= Required Time                 3.284
  Arrival Time                  1.260
  Slack Time                   -2.024
     Clock Rise Edge                 0.000
     + Clock Network Latency (Prop)  0.919
     = Beginpoint Arrival Time       0.919
     +-----------------------------------------------------------------------------+ 
     |      Instance       |     Arc     |    Cell    | Delay | Arrival | Required | 
     |                     |             |            |       |  Time   |   Time   | 
     |---------------------+-------------+------------+-------+---------+----------| 
     | o_read_data_reg[22] | CK ^        |            |       |   0.919 |    2.944 | 
     | o_read_data_reg[22] | CK ^ -> Q v | DFFHQX1LVT | 0.181 |   1.100 |    3.125 | 
     | p1396A72146         | B v -> Y v  | MX2X1      | 0.160 |   1.260 |    3.284 | 
     | o_read_data_reg[22] | D v         | DFFHQX1LVT | 0.000 |   1.260 |    3.284 | 
     +-----------------------------------------------------------------------------+ 
Path 214: VIOLATED Hold Check with Pin pre_fetch_instruction_reg[20]/CK 
Endpoint:   pre_fetch_instruction_reg[20]/D (v) checked with  leading edge of 
'CLK'
Beginpoint: o_read_data_reg[20]/Q           (v) triggered by  leading edge of 
'CLK'
Path Groups: {reg2reg}
Analysis View: best
Other End Arrival Time          2.859
+ Hold                          0.018
+ Phase Shift                   0.000
+ Uncertainty                   0.400
= Required Time                 3.277
  Arrival Time                  1.254
  Slack Time                   -2.023
     Clock Rise Edge                 0.000
     + Clock Network Latency (Prop)  0.919
     = Beginpoint Arrival Time       0.919
     +--------------------------------------------------------------------------------------+ 
     |           Instance            |     Arc     |   Cell    | Delay | Arrival | Required | 
     |                               |             |           |       |  Time   |   Time   | 
     |-------------------------------+-------------+-----------+-------+---------+----------| 
     | o_read_data_reg[20]           | CK ^        |           |       |   0.919 |    2.943 | 
     | o_read_data_reg[20]           | CK ^ -> Q v | DFFQX2LVT | 0.180 |   1.099 |    3.123 | 
     | p0854A71160__4296             | B v -> Y v  | MX2X1     | 0.155 |   1.254 |    3.277 | 
     | pre_fetch_instruction_reg[20] | D v         | DFFQXLLVT | 0.000 |   1.254 |    3.277 | 
     +--------------------------------------------------------------------------------------+ 
Path 215: VIOLATED Hold Check with Pin saved_current_instruction_address_
reg[30]/CK 
Endpoint:   saved_current_instruction_address_reg[30]/D (v) checked with  
leading edge of 'CLK'
Beginpoint: saved_current_instruction_address_reg[30]/Q (v) triggered by  
leading edge of 'CLK'
Path Groups: {reg2reg}
Analysis View: best
Other End Arrival Time          2.860
+ Hold                          0.014
+ Phase Shift                   0.000
+ Uncertainty                   0.400
= Required Time                 3.274
  Arrival Time                  1.251
  Slack Time                   -2.023
     Clock Rise Edge                 0.000
     + Clock Network Latency (Prop)  0.922
     = Beginpoint Arrival Time       0.922
     +--------------------------------------------------------------------------------------------------+ 
     |                 Instance                  |     Arc     |   Cell    | Delay | Arrival | Required | 
     |                                           |             |           |       |  Time   |   Time   | 
     |-------------------------------------------+-------------+-----------+-------+---------+----------| 
     | saved_current_instruction_address_reg[30] | CK ^        |           |       |   0.922 |    2.944 | 
     | saved_current_instruction_address_reg[30] | CK ^ -> Q v | DFFQXLLVT | 0.166 |   1.088 |    3.111 | 
     | p0555A70334__7344                         | B v -> Y v  | MX2X1     | 0.163 |   1.251 |    3.274 | 
     | saved_current_instruction_address_reg[30] | D v         | DFFQXLLVT | 0.000 |   1.251 |    3.274 | 
     +--------------------------------------------------------------------------------------------------+ 
Path 216: VIOLATED Hold Check with Pin o_imm32_reg[8]/CK 
Endpoint:   o_imm32_reg[8]/D (v) checked with  leading edge of 'CLK'
Beginpoint: o_imm32_reg[8]/Q (v) triggered by  leading edge of 'CLK'
Path Groups: {reg2reg}
Analysis View: best
Other End Arrival Time          2.859
+ Hold                          0.028
+ Phase Shift                   0.000
+ Uncertainty                   0.400
= Required Time                 3.287
  Arrival Time                  1.264
  Slack Time                   -2.023
     Clock Rise Edge                 0.000
     + Clock Network Latency (Prop)  0.920
     = Beginpoint Arrival Time       0.920
     +------------------------------------------------------------------------+ 
     |    Instance    |     Arc     |    Cell    | Delay | Arrival | Required | 
     |                |             |            |       |  Time   |   Time   | 
     |----------------+-------------+------------+-------+---------+----------| 
     | o_imm32_reg[8] | CK ^        |            |       |   0.920 |    2.943 | 
     | o_imm32_reg[8] | CK ^ -> Q v | DFFHQX1LVT | 0.160 |   1.081 |    3.103 | 
     | p0570A__4296   | A0 v -> Y ^ | AOI21XLLVT | 0.056 |   1.137 |    3.160 | 
     | p0588A__2683   | B0 ^ -> Y ^ | OA21X1LVT  | 0.099 |   1.236 |    3.259 | 
     | Fp0637A        | A ^ -> Y v  | INVXLLVT   | 0.028 |   1.264 |    3.287 | 
     | o_imm32_reg[8] | D v         | DFFHQX1LVT | 0.000 |   1.264 |    3.287 | 
     +------------------------------------------------------------------------+ 
Path 217: VIOLATED Hold Check with Pin saved_current_instruction_address_
reg[31]/CK 
Endpoint:   saved_current_instruction_address_reg[31]/D (v) checked with  
leading edge of 'CLK'
Beginpoint: saved_current_instruction_address_reg[31]/Q (v) triggered by  
leading edge of 'CLK'
Path Groups: {reg2reg}
Analysis View: best
Other End Arrival Time          2.860
+ Hold                          0.013
+ Phase Shift                   0.000
+ Uncertainty                   0.400
= Required Time                 3.273
  Arrival Time                  1.252
  Slack Time                   -2.021
     Clock Rise Edge                 0.000
     + Clock Network Latency (Prop)  0.921
     = Beginpoint Arrival Time       0.921
     +--------------------------------------------------------------------------------------------------+ 
     |                 Instance                  |     Arc     |   Cell    | Delay | Arrival | Required | 
     |                                           |             |           |       |  Time   |   Time   | 
     |-------------------------------------------+-------------+-----------+-------+---------+----------| 
     | saved_current_instruction_address_reg[31] | CK ^        |           |       |   0.921 |    2.943 | 
     | saved_current_instruction_address_reg[31] | CK ^ -> Q v | DFFQXLLVT | 0.166 |   1.088 |    3.109 | 
     | p0555A70335__128218                       | B v -> Y v  | MX2X1     | 0.164 |   1.252 |    3.273 | 
     | saved_current_instruction_address_reg[31] | D v         | DFFQXLLVT | 0.000 |   1.252 |    3.273 | 
     +--------------------------------------------------------------------------------------------------+ 
Path 218: VIOLATED Hold Check with Pin o_barrel_shift_amount_sel_reg[0]/CK 
Endpoint:   o_barrel_shift_amount_sel_reg[0]/D (v) checked with  leading edge 
of 'CLK'
Beginpoint: o_barrel_shift_amount_sel_reg[0]/Q (v) triggered by  leading edge 
of 'CLK'
Path Groups: {reg2reg}
Analysis View: best
Other End Arrival Time          2.859
+ Hold                          0.026
+ Phase Shift                   0.000
+ Uncertainty                   0.400
= Required Time                 3.285
  Arrival Time                  1.264
  Slack Time                   -2.021
     Clock Rise Edge                 0.000
     + Clock Network Latency (Prop)  0.920
     = Beginpoint Arrival Time       0.920
     +------------------------------------------------------------------------------------------+ 
     |             Instance             |     Arc     |    Cell    | Delay | Arrival | Required | 
     |                                  |             |            |       |  Time   |   Time   | 
     |----------------------------------+-------------+------------+-------+---------+----------| 
     | o_barrel_shift_amount_sel_reg[0] | CK ^        |            |       |   0.920 |    2.941 | 
     | o_barrel_shift_amount_sel_reg[0] | CK ^ -> Q v | DFFHQX1LVT | 0.182 |   1.103 |    3.124 | 
     | p0669A__8780                     | A v -> Y v  | MX2X1      | 0.161 |   1.264 |    3.285 | 
     | o_barrel_shift_amount_sel_reg[0] | D v         | DFFHQX1LVT | 0.000 |   1.264 |    3.285 | 
     +------------------------------------------------------------------------------------------+ 
Path 219: VIOLATED Hold Check with Pin o_read_data_reg[21]/CK 
Endpoint:   o_read_data_reg[21]/D (v) checked with  leading edge of 'CLK'
Beginpoint: o_read_data_reg[21]/Q (v) triggered by  leading edge of 'CLK'
Path Groups: {reg2reg}
Analysis View: best
Other End Arrival Time          2.857
+ Hold                          0.020
+ Phase Shift                   0.000
+ Uncertainty                   0.400
= Required Time                 3.277
  Arrival Time                  1.256
  Slack Time                   -2.021
     Clock Rise Edge                 0.000
     + Clock Network Latency (Prop)  0.919
     = Beginpoint Arrival Time       0.919
     +----------------------------------------------------------------------------+ 
     |      Instance       |     Arc     |   Cell    | Delay | Arrival | Required | 
     |                     |             |           |       |  Time   |   Time   | 
     |---------------------+-------------+-----------+-------+---------+----------| 
     | o_read_data_reg[21] | CK ^        |           |       |   0.919 |    2.940 | 
     | o_read_data_reg[21] | CK ^ -> Q v | DFFQX2LVT | 0.182 |   1.100 |    3.121 | 
     | p1396A72150         | B v -> Y v  | MX2X1     | 0.156 |   1.256 |    3.277 | 
     | o_read_data_reg[21] | D v         | DFFQX2LVT | 0.000 |   1.256 |    3.277 | 
     +----------------------------------------------------------------------------+ 
Path 220: VIOLATED Hold Check with Pin o_reg_bank_wsel_reg[1]/CK 
Endpoint:   o_reg_bank_wsel_reg[1]/D (v) checked with  leading edge of 'CLK'
Beginpoint: o_reg_bank_wsel_reg[1]/Q (v) triggered by  leading edge of 'CLK'
Path Groups: {reg2reg}
Analysis View: best
Other End Arrival Time          2.860
+ Hold                          0.029
+ Phase Shift                   0.000
+ Uncertainty                   0.400
= Required Time                 3.289
  Arrival Time                  1.269
  Slack Time                   -2.020
     Clock Rise Edge                 0.000
     + Clock Network Latency (Prop)  0.922
     = Beginpoint Arrival Time       0.922
     +--------------------------------------------------------------------------------+ 
     |        Instance        |     Arc     |    Cell    | Delay | Arrival | Required | 
     |                        |             |            |       |  Time   |   Time   | 
     |------------------------+-------------+------------+-------+---------+----------| 
     | o_reg_bank_wsel_reg[1] | CK ^        |            |       |   0.922 |    2.942 | 
     | o_reg_bank_wsel_reg[1] | CK ^ -> Q v | DFFHQX1LVT | 0.187 |   1.109 |    3.129 | 
     | p0475A__110921         | A v -> Y v  | MX2X1      | 0.160 |   1.269 |    3.289 | 
     | o_reg_bank_wsel_reg[1] | D v         | DFFHQX1LVT | 0.000 |   1.269 |    3.289 | 
     +--------------------------------------------------------------------------------+ 
Path 221: VIOLATED Hold Check with Pin pre_fetch_instruction_address_reg[24]/CK 
Endpoint:   pre_fetch_instruction_address_reg[24]/D (v) checked with  leading 
edge of 'CLK'
Beginpoint: abt_address_reg_reg[24]/Q               (v) triggered by  leading 
edge of 'CLK'
Path Groups: {reg2reg}
Analysis View: best
Other End Arrival Time          2.859
+ Hold                          0.033
+ Phase Shift                   0.000
+ Uncertainty                   0.400
= Required Time                 3.292
  Arrival Time                  1.273
  Slack Time                   -2.020
     Clock Rise Edge                 0.000
     + Clock Network Latency (Prop)  0.921
     = Beginpoint Arrival Time       0.921
     +----------------------------------------------------------------------------------------------+ 
     |               Instance                |     Arc     |   Cell    | Delay | Arrival | Required | 
     |                                       |             |           |       |  Time   |   Time   | 
     |---------------------------------------+-------------+-----------+-------+---------+----------| 
     | abt_address_reg_reg[24]               | CK ^        |           |       |   0.921 |    2.941 | 
     | abt_address_reg_reg[24]               | CK ^ -> Q v | DFFQX2LVT | 0.190 |   1.111 |    3.131 | 
     | p0854A71139__140233                   | B v -> Y v  | MX2X1     | 0.162 |   1.273 |    3.292 | 
     | pre_fetch_instruction_address_reg[24] | D v         | DFFQXL    | 0.000 |   1.273 |    3.292 | 
     +----------------------------------------------------------------------------------------------+ 
Path 222: VIOLATED Hold Check with Pin abt_address_reg_reg[8]/CK 
Endpoint:   abt_address_reg_reg[8]/D (v) checked with  leading edge of 'CLK'
Beginpoint: abt_address_reg_reg[8]/Q (v) triggered by  leading edge of 'CLK'
Path Groups: {reg2reg}
Analysis View: best
Other End Arrival Time          2.858
+ Hold                          0.019
+ Phase Shift                   0.000
+ Uncertainty                   0.400
= Required Time                 3.277
  Arrival Time                  1.258
  Slack Time                   -2.019
     Clock Rise Edge                 0.000
     + Clock Network Latency (Prop)  0.919
     = Beginpoint Arrival Time       0.919
     +-------------------------------------------------------------------------------+ 
     |        Instance        |     Arc     |   Cell    | Delay | Arrival | Required | 
     |                        |             |           |       |  Time   |   Time   | 
     |------------------------+-------------+-----------+-------+---------+----------| 
     | abt_address_reg_reg[8] | CK ^        |           |       |   0.919 |    2.938 | 
     | abt_address_reg_reg[8] | CK ^ -> Q v | DFFQX2LVT | 0.181 |   1.100 |    3.120 | 
     | p1396A72100            | B v -> Y v  | MX2X1     | 0.157 |   1.258 |    3.277 | 
     | abt_address_reg_reg[8] | D v         | DFFQX2LVT | 0.000 |   1.258 |    3.277 | 
     +-------------------------------------------------------------------------------+ 
Path 223: VIOLATED Hold Check with Pin pre_fetch_instruction_reg[21]/CK 
Endpoint:   pre_fetch_instruction_reg[21]/D (v) checked with  leading edge of 
'CLK'
Beginpoint: o_read_data_reg[21]/Q           (v) triggered by  leading edge of 
'CLK'
Path Groups: {reg2reg}
Analysis View: best
Other End Arrival Time          2.857
+ Hold                          0.018
+ Phase Shift                   0.000
+ Uncertainty                   0.400
= Required Time                 3.275
  Arrival Time                  1.256
  Slack Time                   -2.019
     Clock Rise Edge                 0.000
     + Clock Network Latency (Prop)  0.919
     = Beginpoint Arrival Time       0.919
     +--------------------------------------------------------------------------------------+ 
     |           Instance            |     Arc     |   Cell    | Delay | Arrival | Required | 
     |                               |             |           |       |  Time   |   Time   | 
     |-------------------------------+-------------+-----------+-------+---------+----------| 
     | o_read_data_reg[21]           | CK ^        |           |       |   0.919 |    2.938 | 
     | o_read_data_reg[21]           | CK ^ -> Q v | DFFQX2LVT | 0.182 |   1.100 |    3.119 | 
     | p0854A71168__2391             | B v -> Y v  | MX2X1     | 0.155 |   1.256 |    3.275 | 
     | pre_fetch_instruction_reg[21] | D v         | DFFQXLLVT | 0.000 |   1.256 |    3.275 | 
     +--------------------------------------------------------------------------------------+ 
Path 224: VIOLATED Hold Check with Pin o_read_data_reg[7]/CK 
Endpoint:   o_read_data_reg[7]/D (v) checked with  leading edge of 'CLK'
Beginpoint: o_read_data_reg[7]/Q (v) triggered by  leading edge of 'CLK'
Path Groups: {reg2reg}
Analysis View: best
Other End Arrival Time          2.859
+ Hold                          0.027
+ Phase Shift                   0.000
+ Uncertainty                   0.400
= Required Time                 3.286
  Arrival Time                  1.268
  Slack Time                   -2.018
     Clock Rise Edge                 0.000
     + Clock Network Latency (Prop)  0.921
     = Beginpoint Arrival Time       0.921
     +----------------------------------------------------------------------------+ 
     |      Instance      |     Arc     |    Cell    | Delay | Arrival | Required | 
     |                    |             |            |       |  Time   |   Time   | 
     |--------------------+-------------+------------+-------+---------+----------| 
     | o_read_data_reg[7] | CK ^        |            |       |   0.921 |    2.939 | 
     | o_read_data_reg[7] | CK ^ -> Q v | DFFHQX1LVT | 0.184 |   1.105 |    3.123 | 
     | p1396A75431        | B v -> Y v  | MX2X1      | 0.163 |   1.268 |    3.286 | 
     | o_read_data_reg[7] | D v         | DFFHQX1LVT | 0.000 |   1.268 |    3.286 | 
     +----------------------------------------------------------------------------+ 
Path 225: VIOLATED Hold Check with Pin o_read_data_reg[18]/CK 
Endpoint:   o_read_data_reg[18]/D (v) checked with  leading edge of 'CLK'
Beginpoint: o_read_data_reg[18]/Q (v) triggered by  leading edge of 'CLK'
Path Groups: {reg2reg}
Analysis View: best
Other End Arrival Time          2.858
+ Hold                          0.027
+ Phase Shift                   0.000
+ Uncertainty                   0.400
= Required Time                 3.285
  Arrival Time                  1.267
  Slack Time                   -2.018
     Clock Rise Edge                 0.000
     + Clock Network Latency (Prop)  0.919
     = Beginpoint Arrival Time       0.919
     +-----------------------------------------------------------------------------+ 
     |      Instance       |     Arc     |    Cell    | Delay | Arrival | Required | 
     |                     |             |            |       |  Time   |   Time   | 
     |---------------------+-------------+------------+-------+---------+----------| 
     | o_read_data_reg[18] | CK ^        |            |       |   0.919 |    2.937 | 
     | o_read_data_reg[18] | CK ^ -> Q v | DFFHQX1LVT | 0.185 |   1.104 |    3.122 | 
     | p1396A72168         | B v -> Y v  | MX2X1      | 0.162 |   1.267 |    3.285 | 
     | o_read_data_reg[18] | D v         | DFFHQX1LVT | 0.000 |   1.267 |    3.285 | 
     +-----------------------------------------------------------------------------+ 
Path 226: VIOLATED Hold Check with Pin o_read_data_reg[20]/CK 
Endpoint:   o_read_data_reg[20]/D (v) checked with  leading edge of 'CLK'
Beginpoint: o_read_data_reg[20]/Q (v) triggered by  leading edge of 'CLK'
Path Groups: {reg2reg}
Analysis View: best
Other End Arrival Time          2.858
+ Hold                          0.018
+ Phase Shift                   0.000
+ Uncertainty                   0.400
= Required Time                 3.276
  Arrival Time                  1.258
  Slack Time                   -2.018
     Clock Rise Edge                 0.000
     + Clock Network Latency (Prop)  0.919
     = Beginpoint Arrival Time       0.919
     +----------------------------------------------------------------------------+ 
     |      Instance       |     Arc     |   Cell    | Delay | Arrival | Required | 
     |                     |             |           |       |  Time   |   Time   | 
     |---------------------+-------------+-----------+-------+---------+----------| 
     | o_read_data_reg[20] | CK ^        |           |       |   0.919 |    2.937 | 
     | o_read_data_reg[20] | CK ^ -> Q v | DFFQX2LVT | 0.180 |   1.099 |    3.117 | 
     | p1396A72099         | B v -> Y v  | MX2X1     | 0.159 |   1.258 |    3.276 | 
     | o_read_data_reg[20] | D v         | DFFQX2LVT | 0.000 |   1.258 |    3.276 | 
     +----------------------------------------------------------------------------+ 
Path 227: VIOLATED Hold Check with Pin mtrans_r15_reg/CK 
Endpoint:   mtrans_r15_reg/D (v) checked with  leading edge of 'CLK'
Beginpoint: mtrans_r15_reg/Q (v) triggered by  leading edge of 'CLK'
Path Groups: {reg2reg}
Analysis View: best
Other End Arrival Time          2.861
+ Hold                          0.018
+ Phase Shift                   0.000
+ Uncertainty                   0.400
= Required Time                 3.278
  Arrival Time                  1.261
  Slack Time                   -2.018
     Clock Rise Edge                 0.000
     + Clock Network Latency (Prop)  0.922
     = Beginpoint Arrival Time       0.922
     +-----------------------------------------------------------------------+ 
     |    Instance    |     Arc     |   Cell    | Delay | Arrival | Required | 
     |                |             |           |       |  Time   |   Time   | 
     |----------------+-------------+-----------+-------+---------+----------| 
     | mtrans_r15_reg | CK ^        |           |       |   0.922 |    2.940 | 
     | mtrans_r15_reg | CK ^ -> Q v | DFFQXLLVT | 0.176 |   1.098 |    3.116 | 
     | p0636A         | A v -> Y v  | MX2X1     | 0.162 |   1.261 |    3.278 | 
     | mtrans_r15_reg | D v         | DFFQXLLVT | 0.000 |   1.261 |    3.278 | 
     +-----------------------------------------------------------------------+ 
Path 228: VIOLATED Hold Check with Pin saved_current_instruction_address_
reg[27]/CK 
Endpoint:   saved_current_instruction_address_reg[27]/D (v) checked with  
leading edge of 'CLK'
Beginpoint: saved_current_instruction_address_reg[27]/Q (v) triggered by  
leading edge of 'CLK'
Path Groups: {reg2reg}
Analysis View: best
Other End Arrival Time          2.860
+ Hold                          0.018
+ Phase Shift                   0.000
+ Uncertainty                   0.400
= Required Time                 3.278
  Arrival Time                  1.260
  Slack Time                   -2.018
     Clock Rise Edge                 0.000
     + Clock Network Latency (Prop)  0.922
     = Beginpoint Arrival Time       0.922
     +--------------------------------------------------------------------------------------------------+ 
     |                 Instance                  |     Arc     |   Cell    | Delay | Arrival | Required | 
     |                                           |             |           |       |  Time   |   Time   | 
     |-------------------------------------------+-------------+-----------+-------+---------+----------| 
     | saved_current_instruction_address_reg[27] | CK ^        |           |       |   0.922 |    2.939 | 
     | saved_current_instruction_address_reg[27] | CK ^ -> Q v | DFFQXLLVT | 0.175 |   1.097 |    3.114 | 
     | p0555A70331__3772                         | B v -> Y v  | MX2X1     | 0.163 |   1.260 |    3.278 | 
     | saved_current_instruction_address_reg[27] | D v         | DFFQXLLVT | 0.000 |   1.260 |    3.278 | 
     +--------------------------------------------------------------------------------------------------+ 
Path 229: VIOLATED Hold Check with Pin abt_address_reg_reg[14]/CK 
Endpoint:   abt_address_reg_reg[14]/D (v) checked with  leading edge of 'CLK'
Beginpoint: abt_address_reg_reg[14]/Q (v) triggered by  leading edge of 'CLK'
Path Groups: {reg2reg}
Analysis View: best
Other End Arrival Time          2.858
+ Hold                          0.021
+ Phase Shift                   0.000
+ Uncertainty                   0.400
= Required Time                 3.279
  Arrival Time                  1.261
  Slack Time                   -2.017
     Clock Rise Edge                 0.000
     + Clock Network Latency (Prop)  0.919
     = Beginpoint Arrival Time       0.919
     +--------------------------------------------------------------------------------+ 
     |        Instance         |     Arc     |   Cell    | Delay | Arrival | Required | 
     |                         |             |           |       |  Time   |   Time   | 
     |-------------------------+-------------+-----------+-------+---------+----------| 
     | abt_address_reg_reg[14] | CK ^        |           |       |   0.919 |    2.937 | 
     | abt_address_reg_reg[14] | CK ^ -> Q v | DFFQX2LVT | 0.185 |   1.104 |    3.122 | 
     | p1396A72121             | B v -> Y v  | MX2X1     | 0.157 |   1.261 |    3.279 | 
     | abt_address_reg_reg[14] | D v         | DFFQX2LVT | 0.000 |   1.261 |    3.279 | 
     +--------------------------------------------------------------------------------+ 
Path 230: VIOLATED Hold Check with Pin abt_address_reg_reg[11]/CK 
Endpoint:   abt_address_reg_reg[11]/D (v) checked with  leading edge of 'CLK'
Beginpoint: abt_address_reg_reg[11]/Q (v) triggered by  leading edge of 'CLK'
Path Groups: {reg2reg}
Analysis View: best
Other End Arrival Time          2.858
+ Hold                          0.027
+ Phase Shift                   0.000
+ Uncertainty                   0.400
= Required Time                 3.285
  Arrival Time                  1.268
  Slack Time                   -2.017
     Clock Rise Edge                 0.000
     + Clock Network Latency (Prop)  0.919
     = Beginpoint Arrival Time       0.919
     +---------------------------------------------------------------------------------+ 
     |        Instance         |     Arc     |    Cell    | Delay | Arrival | Required | 
     |                         |             |            |       |  Time   |   Time   | 
     |-------------------------+-------------+------------+-------+---------+----------| 
     | abt_address_reg_reg[11] | CK ^        |            |       |   0.919 |    2.936 | 
     | abt_address_reg_reg[11] | CK ^ -> Q v | DFFHQX1LVT | 0.186 |   1.105 |    3.122 | 
     | p1396A72113             | B v -> Y v  | MX2X1      | 0.163 |   1.268 |    3.285 | 
     | abt_address_reg_reg[11] | D v         | DFFHQX1LVT | 0.000 |   1.268 |    3.285 | 
     +---------------------------------------------------------------------------------+ 
Path 231: VIOLATED Hold Check with Pin abt_address_reg_reg[9]/CK 
Endpoint:   abt_address_reg_reg[9]/D (v) checked with  leading edge of 'CLK'
Beginpoint: abt_address_reg_reg[9]/Q (v) triggered by  leading edge of 'CLK'
Path Groups: {reg2reg}
Analysis View: best
Other End Arrival Time          2.858
+ Hold                          0.019
+ Phase Shift                   0.000
+ Uncertainty                   0.400
= Required Time                 3.277
  Arrival Time                  1.260
  Slack Time                   -2.017
     Clock Rise Edge                 0.000
     + Clock Network Latency (Prop)  0.919
     = Beginpoint Arrival Time       0.919
     +-------------------------------------------------------------------------------+ 
     |        Instance        |     Arc     |   Cell    | Delay | Arrival | Required | 
     |                        |             |           |       |  Time   |   Time   | 
     |------------------------+-------------+-----------+-------+---------+----------| 
     | abt_address_reg_reg[9] | CK ^        |           |       |   0.919 |    2.936 | 
     | abt_address_reg_reg[9] | CK ^ -> Q v | DFFQX2LVT | 0.182 |   1.101 |    3.118 | 
     | p1396A132478           | B v -> Y v  | MX2X1     | 0.159 |   1.260 |    3.277 | 
     | abt_address_reg_reg[9] | D v         | DFFQX2LVT | 0.000 |   1.260 |    3.277 | 
     +-------------------------------------------------------------------------------+ 
Path 232: VIOLATED Hold Check with Pin abt_address_reg_reg[13]/CK 
Endpoint:   abt_address_reg_reg[13]/D (v) checked with  leading edge of 'CLK'
Beginpoint: abt_address_reg_reg[13]/Q (v) triggered by  leading edge of 'CLK'
Path Groups: {reg2reg}
Analysis View: best
Other End Arrival Time          2.858
+ Hold                          0.020
+ Phase Shift                   0.000
+ Uncertainty                   0.400
= Required Time                 3.277
  Arrival Time                  1.261
  Slack Time                   -2.016
     Clock Rise Edge                 0.000
     + Clock Network Latency (Prop)  0.919
     = Beginpoint Arrival Time       0.919
     +--------------------------------------------------------------------------------+ 
     |        Instance         |     Arc     |   Cell    | Delay | Arrival | Required | 
     |                         |             |           |       |  Time   |   Time   | 
     |-------------------------+-------------+-----------+-------+---------+----------| 
     | abt_address_reg_reg[13] | CK ^        |           |       |   0.919 |    2.936 | 
     | abt_address_reg_reg[13] | CK ^ -> Q v | DFFQX2LVT | 0.182 |   1.101 |    3.118 | 
     | p1396A72173             | B v -> Y v  | MX2X1     | 0.160 |   1.261 |    3.277 | 
     | abt_address_reg_reg[13] | D v         | DFFQX2LVT | 0.000 |   1.261 |    3.277 | 
     +--------------------------------------------------------------------------------+ 
Path 233: VIOLATED Hold Check with Pin o_read_data_reg[3]/CK 
Endpoint:   o_read_data_reg[3]/D (v) checked with  leading edge of 'CLK'
Beginpoint: o_read_data_reg[3]/Q (v) triggered by  leading edge of 'CLK'
Path Groups: {reg2reg}
Analysis View: best
Other End Arrival Time          2.857
+ Hold                          0.020
+ Phase Shift                   0.000
+ Uncertainty                   0.400
= Required Time                 3.278
  Arrival Time                  1.262
  Slack Time                   -2.016
     Clock Rise Edge                 0.000
     + Clock Network Latency (Prop)  0.919
     = Beginpoint Arrival Time       0.919
     +---------------------------------------------------------------------------+ 
     |      Instance      |     Arc     |   Cell    | Delay | Arrival | Required | 
     |                    |             |           |       |  Time   |   Time   | 
     |--------------------+-------------+-----------+-------+---------+----------| 
     | o_read_data_reg[3] | CK ^        |           |       |   0.919 |    2.935 | 
     | o_read_data_reg[3] | CK ^ -> Q v | DFFQX4LVT | 0.190 |   1.109 |    3.125 | 
     | p1396A72140        | B v -> Y v  | MX2X1     | 0.153 |   1.262 |    3.278 | 
     | o_read_data_reg[3] | D v         | DFFQX4LVT | 0.000 |   1.262 |    3.278 | 
     +---------------------------------------------------------------------------+ 
Path 234: VIOLATED Hold Check with Pin condition_r_reg[3]/CK 
Endpoint:   condition_r_reg[3]/D            (v) checked with  leading edge of 
'CLK'
Beginpoint: pre_fetch_instruction_reg[31]/Q (v) triggered by  leading edge of 
'CLK'
Path Groups: {reg2reg}
Analysis View: best
Other End Arrival Time          2.858
+ Hold                          0.022
+ Phase Shift                   0.000
+ Uncertainty                   0.400
= Required Time                 3.280
  Arrival Time                  1.265
  Slack Time                   -2.014
     Clock Rise Edge                 0.000
     + Clock Network Latency (Prop)  0.919
     = Beginpoint Arrival Time       0.919
     +---------------------------------------------------------------------------------------+ 
     |           Instance            |     Arc     |    Cell    | Delay | Arrival | Required | 
     |                               |             |            |       |  Time   |   Time   | 
     |-------------------------------+-------------+------------+-------+---------+----------| 
     | pre_fetch_instruction_reg[31] | CK ^        |            |       |   0.919 |    2.933 | 
     | pre_fetch_instruction_reg[31] | CK ^ -> Q v | DFFQXLLVT  | 0.162 |   1.080 |    3.095 | 
     | g134658                       | A1 v -> Y v | AO22XLLVT  | 0.099 |   1.180 |    3.194 | 
     | drc_bufs76640                 | A v -> Y ^  | INVXLLVT   | 0.022 |   1.202 |    3.216 | 
     | p0835A70732__2900             | A0 ^ -> Y v | OAI21XLLVT | 0.063 |   1.265 |    3.280 | 
     | condition_r_reg[3]            | D v         | DFFHQX1LVT | 0.000 |   1.265 |    3.280 | 
     +---------------------------------------------------------------------------------------+ 
Path 235: VIOLATED Hold Check with Pin o_reg_write_sel_reg[2]/CK 
Endpoint:   o_reg_write_sel_reg[2]/D (v) checked with  leading edge of 'CLK'
Beginpoint: o_reg_write_sel_reg[2]/Q (v) triggered by  leading edge of 'CLK'
Path Groups: {reg2reg}
Analysis View: best
Other End Arrival Time          2.859
+ Hold                          0.017
+ Phase Shift                   0.000
+ Uncertainty                   0.400
= Required Time                 3.276
  Arrival Time                  1.263
  Slack Time                   -2.013
     Clock Rise Edge                 0.000
     + Clock Network Latency (Prop)  0.921
     = Beginpoint Arrival Time       0.921
     +--------------------------------------------------------------------------------+ 
     |        Instance        |     Arc     |    Cell    | Delay | Arrival | Required | 
     |                        |             |            |       |  Time   |   Time   | 
     |------------------------+-------------+------------+-------+---------+----------| 
     | o_reg_write_sel_reg[2] | CK ^        |            |       |   0.921 |    2.934 | 
     | o_reg_write_sel_reg[2] | CK ^ -> Q v | DFFHQX1LVT | 0.175 |   1.096 |    3.109 | 
     | p0947A71065__5266      | A0 v -> Y ^ | AOI21XLLVT | 0.078 |   1.174 |    3.187 | 
     | p0859A__2683           | B0 ^ -> Y v | OAI21XLLVT | 0.089 |   1.263 |    3.276 | 
     | o_reg_write_sel_reg[2] | D v         | DFFHQX1LVT | 0.000 |   1.263 |    3.276 | 
     +--------------------------------------------------------------------------------+ 
Path 236: VIOLATED Hold Check with Pin abt_address_reg_reg[26]/CK 
Endpoint:   abt_address_reg_reg[26]/D (v) checked with  leading edge of 'CLK'
Beginpoint: abt_address_reg_reg[26]/Q (v) triggered by  leading edge of 'CLK'
Path Groups: {reg2reg}
Analysis View: best
Other End Arrival Time          2.859
+ Hold                          0.020
+ Phase Shift                   0.000
+ Uncertainty                   0.400
= Required Time                 3.279
  Arrival Time                  1.266
  Slack Time                   -2.013
     Clock Rise Edge                 0.000
     + Clock Network Latency (Prop)  0.921
     = Beginpoint Arrival Time       0.921
     +--------------------------------------------------------------------------------+ 
     |        Instance         |     Arc     |   Cell    | Delay | Arrival | Required | 
     |                         |             |           |       |  Time   |   Time   | 
     |-------------------------+-------------+-----------+-------+---------+----------| 
     | abt_address_reg_reg[26] | CK ^        |           |       |   0.921 |    2.934 | 
     | abt_address_reg_reg[26] | CK ^ -> Q v | DFFQX2LVT | 0.184 |   1.105 |    3.118 | 
     | p1396A72098             | B v -> Y v  | MX2X1     | 0.161 |   1.266 |    3.279 | 
     | abt_address_reg_reg[26] | D v         | DFFQX2LVT | 0.000 |   1.266 |    3.279 | 
     +--------------------------------------------------------------------------------+ 
Path 237: VIOLATED Hold Check with Pin abt_address_reg_reg[20]/CK 
Endpoint:   abt_address_reg_reg[20]/D (v) checked with  leading edge of 'CLK'
Beginpoint: abt_address_reg_reg[20]/Q (v) triggered by  leading edge of 'CLK'
Path Groups: {reg2reg}
Analysis View: best
Other End Arrival Time          2.858
+ Hold                          0.020
+ Phase Shift                   0.000
+ Uncertainty                   0.400
= Required Time                 3.278
  Arrival Time                  1.266
  Slack Time                   -2.012
     Clock Rise Edge                 0.000
     + Clock Network Latency (Prop)  0.919
     = Beginpoint Arrival Time       0.919
     +--------------------------------------------------------------------------------+ 
     |        Instance         |     Arc     |   Cell    | Delay | Arrival | Required | 
     |                         |             |           |       |  Time   |   Time   | 
     |-------------------------+-------------+-----------+-------+---------+----------| 
     | abt_address_reg_reg[20] | CK ^        |           |       |   0.919 |    2.931 | 
     | abt_address_reg_reg[20] | CK ^ -> Q v | DFFQX2LVT | 0.185 |   1.105 |    3.117 | 
     | p1396A72125             | B v -> Y v  | MX2X1     | 0.161 |   1.266 |    3.278 | 
     | abt_address_reg_reg[20] | D v         | DFFQX2LVT | 0.000 |   1.266 |    3.278 | 
     +--------------------------------------------------------------------------------+ 
Path 238: VIOLATED Hold Check with Pin abt_address_reg_reg[19]/CK 
Endpoint:   abt_address_reg_reg[19]/D (v) checked with  leading edge of 'CLK'
Beginpoint: abt_address_reg_reg[19]/Q (v) triggered by  leading edge of 'CLK'
Path Groups: {reg2reg}
Analysis View: best
Other End Arrival Time          2.858
+ Hold                          0.020
+ Phase Shift                   0.000
+ Uncertainty                   0.400
= Required Time                 3.278
  Arrival Time                  1.266
  Slack Time                   -2.012
     Clock Rise Edge                 0.000
     + Clock Network Latency (Prop)  0.919
     = Beginpoint Arrival Time       0.919
     +--------------------------------------------------------------------------------+ 
     |        Instance         |     Arc     |   Cell    | Delay | Arrival | Required | 
     |                         |             |           |       |  Time   |   Time   | 
     |-------------------------+-------------+-----------+-------+---------+----------| 
     | abt_address_reg_reg[19] | CK ^        |           |       |   0.919 |    2.931 | 
     | abt_address_reg_reg[19] | CK ^ -> Q v | DFFQX2LVT | 0.188 |   1.107 |    3.119 | 
     | p1396A132538            | B v -> Y v  | MX2X1     | 0.159 |   1.266 |    3.278 | 
     | abt_address_reg_reg[19] | D v         | DFFQX2LVT | 0.000 |   1.266 |    3.278 | 
     +--------------------------------------------------------------------------------+ 
Path 239: VIOLATED Hold Check with Pin pre_fetch_instruction_reg[24]/CK 
Endpoint:   pre_fetch_instruction_reg[24]/D (v) checked with  leading edge of 
'CLK'
Beginpoint: o_read_data_reg[24]/Q           (v) triggered by  leading edge of 
'CLK'
Path Groups: {reg2reg}
Analysis View: best
Other End Arrival Time          2.859
+ Hold                          0.017
+ Phase Shift                   0.000
+ Uncertainty                   0.400
= Required Time                 3.276
  Arrival Time                  1.264
  Slack Time                   -2.011
     Clock Rise Edge                 0.000
     + Clock Network Latency (Prop)  0.919
     = Beginpoint Arrival Time       0.919
     +--------------------------------------------------------------------------------------+ 
     |           Instance            |     Arc     |   Cell    | Delay | Arrival | Required | 
     |                               |             |           |       |  Time   |   Time   | 
     |-------------------------------+-------------+-----------+-------+---------+----------| 
     | o_read_data_reg[24]           | CK ^        |           |       |   0.919 |    2.930 | 
     | o_read_data_reg[24]           | CK ^ -> Q v | DFFQX2LVT | 0.184 |   1.103 |    3.115 | 
     | p0854A71163__4547             | B v -> Y v  | MX2X1     | 0.161 |   1.264 |    3.276 | 
     | pre_fetch_instruction_reg[24] | D v         | DFFQXLLVT | 0.000 |   1.264 |    3.276 | 
     +--------------------------------------------------------------------------------------+ 
Path 240: VIOLATED Hold Check with Pin o_read_data_reg[24]/CK 
Endpoint:   o_read_data_reg[24]/D (v) checked with  leading edge of 'CLK'
Beginpoint: o_read_data_reg[24]/Q (v) triggered by  leading edge of 'CLK'
Path Groups: {reg2reg}
Analysis View: best
Other End Arrival Time          2.857
+ Hold                          0.018
+ Phase Shift                   0.000
+ Uncertainty                   0.400
= Required Time                 3.276
  Arrival Time                  1.264
  Slack Time                   -2.011
     Clock Rise Edge                 0.000
     + Clock Network Latency (Prop)  0.919
     = Beginpoint Arrival Time       0.919
     +----------------------------------------------------------------------------+ 
     |      Instance       |     Arc     |   Cell    | Delay | Arrival | Required | 
     |                     |             |           |       |  Time   |   Time   | 
     |---------------------+-------------+-----------+-------+---------+----------| 
     | o_read_data_reg[24] | CK ^        |           |       |   0.919 |    2.930 | 
     | o_read_data_reg[24] | CK ^ -> Q v | DFFQX2LVT | 0.184 |   1.103 |    3.114 | 
     | p1396A72155         | B v -> Y v  | MX2X1     | 0.161 |   1.264 |    3.276 | 
     | o_read_data_reg[24] | D v         | DFFQX2LVT | 0.000 |   1.264 |    3.276 | 
     +----------------------------------------------------------------------------+ 
Path 241: VIOLATED Hold Check with Pin o_barrel_shift_function_reg[1]/CK 
Endpoint:   o_barrel_shift_function_reg[1]/D (v) checked with  leading edge of 
'CLK'
Beginpoint: o_barrel_shift_function_reg[1]/Q (v) triggered by  leading edge of 
'CLK'
Path Groups: {reg2reg}
Analysis View: best
Other End Arrival Time          2.859
+ Hold                          0.026
+ Phase Shift                   0.000
+ Uncertainty                   0.400
= Required Time                 3.284
  Arrival Time                  1.274
  Slack Time                   -2.011
     Clock Rise Edge                 0.000
     + Clock Network Latency (Prop)  0.920
     = Beginpoint Arrival Time       0.920
     +-------------------------------------------------------------------------------------------+ 
     |            Instance            |     Arc      |     Cell     | Delay | Arrival | Required | 
     |                                |              |              |       |  Time   |   Time   | 
     |--------------------------------+--------------+--------------+-------+---------+----------| 
     | o_barrel_shift_function_reg[1] | CK ^         |              |       |   0.920 |    2.931 | 
     | o_barrel_shift_function_reg[1] | CK ^ -> Q v  | DFFHQX1LVT   | 0.192 |   1.113 |    3.123 | 
     | p0760A__110300                 | A0N v -> Y v | OAI2BB1X1LVT | 0.082 |   1.194 |    3.205 | 
     | p0672A70462__5266              | A v -> Y v   | OR2XLLVT     | 0.079 |   1.274 |    3.284 | 
     | o_barrel_shift_function_reg[1] | D v          | DFFHQX1LVT   | 0.000 |   1.274 |    3.284 | 
     +-------------------------------------------------------------------------------------------+ 
Path 242: VIOLATED Hold Check with Pin abt_address_reg_reg[15]/CK 
Endpoint:   abt_address_reg_reg[15]/D (v) checked with  leading edge of 'CLK'
Beginpoint: abt_address_reg_reg[15]/Q (v) triggered by  leading edge of 'CLK'
Path Groups: {reg2reg}
Analysis View: best
Other End Arrival Time          2.858
+ Hold                          0.019
+ Phase Shift                   0.000
+ Uncertainty                   0.400
= Required Time                 3.277
  Arrival Time                  1.267
  Slack Time                   -2.010
     Clock Rise Edge                 0.000
     + Clock Network Latency (Prop)  0.919
     = Beginpoint Arrival Time       0.919
     +--------------------------------------------------------------------------------+ 
     |        Instance         |     Arc     |   Cell    | Delay | Arrival | Required | 
     |                         |             |           |       |  Time   |   Time   | 
     |-------------------------+-------------+-----------+-------+---------+----------| 
     | abt_address_reg_reg[15] | CK ^        |           |       |   0.919 |    2.929 | 
     | abt_address_reg_reg[15] | CK ^ -> Q v | DFFQX2LVT | 0.187 |   1.106 |    3.116 | 
     | p1396A72122             | B v -> Y v  | MX2X1     | 0.161 |   1.267 |    3.277 | 
     | abt_address_reg_reg[15] | D v         | DFFQX2LVT | 0.000 |   1.267 |    3.277 | 
     +--------------------------------------------------------------------------------+ 
Path 243: VIOLATED Hold Check with Pin o_rn_sel_reg[1]/CK 
Endpoint:   o_rn_sel_reg[1]/D (v) checked with  leading edge of 'CLK'
Beginpoint: o_rn_sel_reg[1]/Q (v) triggered by  leading edge of 'CLK'
Path Groups: {reg2reg}
Analysis View: best
Other End Arrival Time          2.857
+ Hold                          0.019
+ Phase Shift                   0.000
+ Uncertainty                   0.400
= Required Time                 3.276
  Arrival Time                  1.266
  Slack Time                   -2.010
     Clock Rise Edge                 0.000
     + Clock Network Latency (Prop)  0.919
     = Beginpoint Arrival Time       0.919
     +-----------------------------------------------------------------------------+ 
     |      Instance       |     Arc     |    Cell    | Delay | Arrival | Required | 
     |                     |             |            |       |  Time   |   Time   | 
     |---------------------+-------------+------------+-------+---------+----------| 
     | o_rn_sel_reg[1]     | CK ^        |            |       |   0.919 |    2.929 | 
     | o_rn_sel_reg[1]     | CK ^ -> Q v | DFFHQX1LVT | 0.178 |   1.096 |    3.106 | 
     | p0869A70734__110978 | A v -> Y v  | MX2X1      | 0.170 |   1.266 |    3.276 | 
     | o_rn_sel_reg[1]     | D v         | DFFHQX1LVT | 0.000 |   1.266 |    3.276 | 
     +-----------------------------------------------------------------------------+ 
Path 244: VIOLATED Hold Check with Pin o_read_data_reg[4]/CK 
Endpoint:   o_read_data_reg[4]/D (v) checked with  leading edge of 'CLK'
Beginpoint: o_read_data_reg[4]/Q (v) triggered by  leading edge of 'CLK'
Path Groups: {reg2reg}
Analysis View: best
Other End Arrival Time          2.858
+ Hold                          0.020
+ Phase Shift                   0.000
+ Uncertainty                   0.400
= Required Time                 3.278
  Arrival Time                  1.269
  Slack Time                   -2.010
     Clock Rise Edge                 0.000
     + Clock Network Latency (Prop)  0.920
     = Beginpoint Arrival Time       0.920
     +---------------------------------------------------------------------------+ 
     |      Instance      |     Arc     |   Cell    | Delay | Arrival | Required | 
     |                    |             |           |       |  Time   |   Time   | 
     |--------------------+-------------+-----------+-------+---------+----------| 
     | o_read_data_reg[4] | CK ^        |           |       |   0.920 |    2.929 | 
     | o_read_data_reg[4] | CK ^ -> Q v | DFFQX2LVT | 0.196 |   1.115 |    3.125 | 
     | g134630            | A v -> Y v  | MX2X1     | 0.153 |   1.269 |    3.278 | 
     | o_read_data_reg[4] | D v         | DFFQX2LVT | 0.000 |   1.269 |    3.278 | 
     +---------------------------------------------------------------------------+ 
Path 245: VIOLATED Hold Check with Pin abt_address_reg_reg[23]/CK 
Endpoint:   abt_address_reg_reg[23]/D (v) checked with  leading edge of 'CLK'
Beginpoint: abt_address_reg_reg[23]/Q (v) triggered by  leading edge of 'CLK'
Path Groups: {reg2reg}
Analysis View: best
Other End Arrival Time          2.858
+ Hold                          0.020
+ Phase Shift                   0.000
+ Uncertainty                   0.400
= Required Time                 3.278
  Arrival Time                  1.270
  Slack Time                   -2.008
     Clock Rise Edge                 0.000
     + Clock Network Latency (Prop)  0.919
     = Beginpoint Arrival Time       0.919
     +--------------------------------------------------------------------------------+ 
     |        Instance         |     Arc     |   Cell    | Delay | Arrival | Required | 
     |                         |             |           |       |  Time   |   Time   | 
     |-------------------------+-------------+-----------+-------+---------+----------| 
     | abt_address_reg_reg[23] | CK ^        |           |       |   0.919 |    2.928 | 
     | abt_address_reg_reg[23] | CK ^ -> Q v | DFFQX2LVT | 0.188 |   1.108 |    3.116 | 
     | p1396A72172             | B v -> Y v  | MX2X1     | 0.162 |   1.270 |    3.278 | 
     | abt_address_reg_reg[23] | D v         | DFFQX2LVT | 0.000 |   1.270 |    3.278 | 
     +--------------------------------------------------------------------------------+ 
Path 246: VIOLATED Hold Check with Pin o_read_data_reg[13]/CK 
Endpoint:   o_read_data_reg[13]/D (v) checked with  leading edge of 'CLK'
Beginpoint: o_read_data_reg[13]/Q (v) triggered by  leading edge of 'CLK'
Path Groups: {reg2reg}
Analysis View: best
Other End Arrival Time          2.858
+ Hold                          0.021
+ Phase Shift                   0.000
+ Uncertainty                   0.400
= Required Time                 3.278
  Arrival Time                  1.270
  Slack Time                   -2.008
     Clock Rise Edge                 0.000
     + Clock Network Latency (Prop)  0.919
     = Beginpoint Arrival Time       0.919
     +----------------------------------------------------------------------------+ 
     |      Instance       |     Arc     |   Cell    | Delay | Arrival | Required | 
     |                     |             |           |       |  Time   |   Time   | 
     |---------------------+-------------+-----------+-------+---------+----------| 
     | o_read_data_reg[13] | CK ^        |           |       |   0.919 |    2.927 | 
     | o_read_data_reg[13] | CK ^ -> Q v | DFFQX2LVT | 0.189 |   1.108 |    3.116 | 
     | p1396A128250        | B v -> Y v  | MX2X1     | 0.162 |   1.270 |    3.278 | 
     | o_read_data_reg[13] | D v         | DFFQX2LVT | 0.000 |   1.270 |    3.278 | 
     +----------------------------------------------------------------------------+ 
Path 247: VIOLATED Hold Check with Pin abt_address_reg_reg[18]/CK 
Endpoint:   abt_address_reg_reg[18]/D (v) checked with  leading edge of 'CLK'
Beginpoint: abt_address_reg_reg[18]/Q (v) triggered by  leading edge of 'CLK'
Path Groups: {reg2reg}
Analysis View: best
Other End Arrival Time          2.858
+ Hold                          0.020
+ Phase Shift                   0.000
+ Uncertainty                   0.400
= Required Time                 3.278
  Arrival Time                  1.270
  Slack Time                   -2.008
     Clock Rise Edge                 0.000
     + Clock Network Latency (Prop)  0.919
     = Beginpoint Arrival Time       0.919
     +--------------------------------------------------------------------------------+ 
     |        Instance         |     Arc     |   Cell    | Delay | Arrival | Required | 
     |                         |             |           |       |  Time   |   Time   | 
     |-------------------------+-------------+-----------+-------+---------+----------| 
     | abt_address_reg_reg[18] | CK ^        |           |       |   0.919 |    2.927 | 
     | abt_address_reg_reg[18] | CK ^ -> Q v | DFFQX2LVT | 0.192 |   1.112 |    3.120 | 
     | p1396A72161             | B v -> Y v  | MX2X1     | 0.158 |   1.270 |    3.278 | 
     | abt_address_reg_reg[18] | D v         | DFFQX2LVT | 0.000 |   1.270 |    3.278 | 
     +--------------------------------------------------------------------------------+ 
Path 248: VIOLATED Hold Check with Pin pre_fetch_instruction_reg[3]/CK 
Endpoint:   pre_fetch_instruction_reg[3]/D (v) checked with  leading edge of 
'CLK'
Beginpoint: o_read_data_reg[3]/Q           (v) triggered by  leading edge of 
'CLK'
Path Groups: {reg2reg}
Analysis View: best
Other End Arrival Time          2.856
+ Hold                          0.015
+ Phase Shift                   0.000
+ Uncertainty                   0.400
= Required Time                 3.272
  Arrival Time                  1.264
  Slack Time                   -2.008
     Clock Rise Edge                 0.000
     + Clock Network Latency (Prop)  0.919
     = Beginpoint Arrival Time       0.919
     +-------------------------------------------------------------------------------------+ 
     |           Instance           |     Arc     |   Cell    | Delay | Arrival | Required | 
     |                              |             |           |       |  Time   |   Time   | 
     |------------------------------+-------------+-----------+-------+---------+----------| 
     | o_read_data_reg[3]           | CK ^        |           |       |   0.919 |    2.927 | 
     | o_read_data_reg[3]           | CK ^ -> Q v | DFFQX4LVT | 0.190 |   1.109 |    3.117 | 
     | p0854A71172__1786            | B v -> Y v  | MX2X1     | 0.155 |   1.264 |    3.272 | 
     | pre_fetch_instruction_reg[3] | D v         | DFFQXLLVT | 0.000 |   1.264 |    3.272 | 
     +-------------------------------------------------------------------------------------+ 
Path 249: VIOLATED Hold Check with Pin abt_address_reg_reg[4]/CK 
Endpoint:   abt_address_reg_reg[4]/D (v) checked with  leading edge of 'CLK'
Beginpoint: abt_address_reg_reg[4]/Q (v) triggered by  leading edge of 'CLK'
Path Groups: {reg2reg}
Analysis View: best
Other End Arrival Time          2.858
+ Hold                          0.019
+ Phase Shift                   0.000
+ Uncertainty                   0.400
= Required Time                 3.277
  Arrival Time                  1.269
  Slack Time                   -2.008
     Clock Rise Edge                 0.000
     + Clock Network Latency (Prop)  0.919
     = Beginpoint Arrival Time       0.919
     +-------------------------------------------------------------------------------+ 
     |        Instance        |     Arc     |   Cell    | Delay | Arrival | Required | 
     |                        |             |           |       |  Time   |   Time   | 
     |------------------------+-------------+-----------+-------+---------+----------| 
     | abt_address_reg_reg[4] | CK ^        |           |       |   0.919 |    2.927 | 
     | abt_address_reg_reg[4] | CK ^ -> Q v | DFFQX2LVT | 0.191 |   1.111 |    3.119 | 
     | p1396A72141            | B v -> Y v  | MX2X1     | 0.158 |   1.269 |    3.277 | 
     | abt_address_reg_reg[4] | D v         | DFFQX2LVT | 0.000 |   1.269 |    3.277 | 
     +-------------------------------------------------------------------------------+ 
Path 250: VIOLATED Hold Check with Pin o_rn_sel_reg[3]/CK 
Endpoint:   o_rn_sel_reg[3]/D (v) checked with  leading edge of 'CLK'
Beginpoint: o_rn_sel_reg[3]/Q (v) triggered by  leading edge of 'CLK'
Path Groups: {reg2reg}
Analysis View: best
Other End Arrival Time          2.857
+ Hold                          0.025
+ Phase Shift                   0.000
+ Uncertainty                   0.400
= Required Time                 3.282
  Arrival Time                  1.275
  Slack Time                   -2.007
     Clock Rise Edge                 0.000
     + Clock Network Latency (Prop)  0.919
     = Beginpoint Arrival Time       0.919
     +--------------------------------------------------------------------------------+ 
     |       Instance       |     Arc     |     Cell     | Delay | Arrival | Required | 
     |                      |             |              |       |  Time   |   Time   | 
     |----------------------+-------------+--------------+-------+---------+----------| 
     | o_rn_sel_reg[3]      | CK ^        |              |       |   0.919 |    2.926 | 
     | o_rn_sel_reg[3]      | CK ^ -> Q v | DFFHQX1LVT   | 0.162 |   1.081 |    3.088 | 
     | FE_OFC684_o_rn_sel_3 | A v -> Y v  | CLKBUFX12LVT | 0.057 |   1.138 |    3.145 | 
     | p0869A__110958       | A v -> Y v  | MX2X1        | 0.137 |   1.275 |    3.282 | 
     | o_rn_sel_reg[3]      | D v         | DFFHQX1LVT   | 0.000 |   1.275 |    3.282 | 
     +--------------------------------------------------------------------------------+ 
Path 251: VIOLATED Hold Check with Pin o_use_carry_in_reg/CK 
Endpoint:   o_use_carry_in_reg/D (v) checked with  leading edge of 'CLK'
Beginpoint: o_use_carry_in_reg/Q (v) triggered by  leading edge of 'CLK'
Path Groups: {reg2reg}
Analysis View: best
Other End Arrival Time          2.859
+ Hold                          0.028
+ Phase Shift                   0.000
+ Uncertainty                   0.400
= Required Time                 3.287
  Arrival Time                  1.280
  Slack Time                   -2.007
     Clock Rise Edge                 0.000
     + Clock Network Latency (Prop)  0.920
     = Beginpoint Arrival Time       0.920
     +-------------------------------------------------------------------------------+ 
     |      Instance      |     Arc      |     Cell     | Delay | Arrival | Required | 
     |                    |              |              |       |  Time   |   Time   | 
     |--------------------+--------------+--------------+-------+---------+----------| 
     | o_use_carry_in_reg | CK ^         |              |       |   0.920 |    2.928 | 
     | o_use_carry_in_reg | CK ^ -> Q v  | DFFHQX1LVT   | 0.199 |   1.119 |    3.126 | 
     | p0539A__6083       | A0N v -> Y v | OAI2BB1X1LVT | 0.086 |   1.205 |    3.212 | 
     | g134525            | B0 v -> Y v  | AO21XLLVT    | 0.075 |   1.280 |    3.287 | 
     | o_use_carry_in_reg | D v          | DFFHQX1LVT   | 0.000 |   1.280 |    3.287 | 
     +-------------------------------------------------------------------------------+ 
Path 252: VIOLATED Hold Check with Pin o_read_data_reg[29]/CK 
Endpoint:   o_read_data_reg[29]/D (v) checked with  leading edge of 'CLK'
Beginpoint: o_read_data_reg[29]/Q (v) triggered by  leading edge of 'CLK'
Path Groups: {reg2reg}
Analysis View: best
Other End Arrival Time          2.858
+ Hold                          0.027
+ Phase Shift                   0.000
+ Uncertainty                   0.400
= Required Time                 3.285
  Arrival Time                  1.278
  Slack Time                   -2.007
     Clock Rise Edge                 0.000
     + Clock Network Latency (Prop)  0.919
     = Beginpoint Arrival Time       0.919
     +-----------------------------------------------------------------------------+ 
     |      Instance       |     Arc     |    Cell    | Delay | Arrival | Required | 
     |                     |             |            |       |  Time   |   Time   | 
     |---------------------+-------------+------------+-------+---------+----------| 
     | o_read_data_reg[29] | CK ^        |            |       |   0.919 |    2.926 | 
     | o_read_data_reg[29] | CK ^ -> Q v | DFFHQX1LVT | 0.190 |   1.110 |    3.117 | 
     | p1396A72171         | B v -> Y v  | MX2X1      | 0.168 |   1.278 |    3.285 | 
     | o_read_data_reg[29] | D v         | DFFHQX1LVT | 0.000 |   1.278 |    3.285 | 
     +-----------------------------------------------------------------------------+ 
Path 253: VIOLATED Hold Check with Pin o_read_data_reg[26]/CK 
Endpoint:   o_read_data_reg[26]/D (v) checked with  leading edge of 'CLK'
Beginpoint: o_read_data_reg[26]/Q (v) triggered by  leading edge of 'CLK'
Path Groups: {reg2reg}
Analysis View: best
Other End Arrival Time          2.858
+ Hold                          0.018
+ Phase Shift                   0.000
+ Uncertainty                   0.400
= Required Time                 3.276
  Arrival Time                  1.269
  Slack Time                   -2.007
     Clock Rise Edge                 0.000
     + Clock Network Latency (Prop)  0.919
     = Beginpoint Arrival Time       0.919
     +----------------------------------------------------------------------------+ 
     |      Instance       |     Arc     |   Cell    | Delay | Arrival | Required | 
     |                     |             |           |       |  Time   |   Time   | 
     |---------------------+-------------+-----------+-------+---------+----------| 
     | o_read_data_reg[26] | CK ^        |           |       |   0.919 |    2.926 | 
     | o_read_data_reg[26] | CK ^ -> Q v | DFFQX2LVT | 0.191 |   1.110 |    3.117 | 
     | p1396A72132         | B v -> Y v  | MX2X1     | 0.158 |   1.269 |    3.276 | 
     | o_read_data_reg[26] | D v         | DFFQX2LVT | 0.000 |   1.269 |    3.276 | 
     +----------------------------------------------------------------------------+ 
Path 254: VIOLATED Hold Check with Pin abt_address_reg_reg[5]/CK 
Endpoint:   abt_address_reg_reg[5]/D (v) checked with  leading edge of 'CLK'
Beginpoint: abt_address_reg_reg[5]/Q (v) triggered by  leading edge of 'CLK'
Path Groups: {reg2reg}
Analysis View: best
Other End Arrival Time          2.858
+ Hold                          0.019
+ Phase Shift                   0.000
+ Uncertainty                   0.400
= Required Time                 3.277
  Arrival Time                  1.270
  Slack Time                   -2.007
     Clock Rise Edge                 0.000
     + Clock Network Latency (Prop)  0.919
     = Beginpoint Arrival Time       0.919
     +-------------------------------------------------------------------------------+ 
     |        Instance        |     Arc     |   Cell    | Delay | Arrival | Required | 
     |                        |             |           |       |  Time   |   Time   | 
     |------------------------+-------------+-----------+-------+---------+----------| 
     | abt_address_reg_reg[5] | CK ^        |           |       |   0.919 |    2.926 | 
     | abt_address_reg_reg[5] | CK ^ -> Q v | DFFQX2LVT | 0.190 |   1.109 |    3.116 | 
     | p1396A72118            | B v -> Y v  | MX2X1     | 0.161 |   1.270 |    3.277 | 
     | abt_address_reg_reg[5] | D v         | DFFQX2LVT | 0.000 |   1.270 |    3.277 | 
     +-------------------------------------------------------------------------------+ 
Path 255: VIOLATED Hold Check with Pin pre_fetch_instruction_reg[13]/CK 
Endpoint:   pre_fetch_instruction_reg[13]/D (v) checked with  leading edge of 
'CLK'
Beginpoint: o_read_data_reg[13]/Q           (v) triggered by  leading edge of 
'CLK'
Path Groups: {reg2reg}
Analysis View: best
Other End Arrival Time          2.859
+ Hold                          0.019
+ Phase Shift                   0.000
+ Uncertainty                   0.400
= Required Time                 3.278
  Arrival Time                  1.272
  Slack Time                   -2.006
     Clock Rise Edge                 0.000
     + Clock Network Latency (Prop)  0.919
     = Beginpoint Arrival Time       0.919
     +--------------------------------------------------------------------------------------+ 
     |           Instance            |     Arc     |   Cell    | Delay | Arrival | Required | 
     |                               |             |           |       |  Time   |   Time   | 
     |-------------------------------+-------------+-----------+-------+---------+----------| 
     | o_read_data_reg[13]           | CK ^        |           |       |   0.919 |    2.925 | 
     | o_read_data_reg[13]           | CK ^ -> Q v | DFFQX2LVT | 0.189 |   1.108 |    3.114 | 
     | p0854A71153__75469            | B v -> Y v  | MX2X1     | 0.164 |   1.272 |    3.278 | 
     | pre_fetch_instruction_reg[13] | D v         | DFFQXLLVT | 0.000 |   1.272 |    3.278 | 
     +--------------------------------------------------------------------------------------+ 
Path 256: VIOLATED Hold Check with Pin abt_address_reg_reg[30]/CK 
Endpoint:   abt_address_reg_reg[30]/D (v) checked with  leading edge of 'CLK'
Beginpoint: abt_address_reg_reg[30]/Q (v) triggered by  leading edge of 'CLK'
Path Groups: {reg2reg}
Analysis View: best
Other End Arrival Time          2.859
+ Hold                          0.019
+ Phase Shift                   0.000
+ Uncertainty                   0.400
= Required Time                 3.278
  Arrival Time                  1.273
  Slack Time                   -2.005
     Clock Rise Edge                 0.000
     + Clock Network Latency (Prop)  0.921
     = Beginpoint Arrival Time       0.921
     +--------------------------------------------------------------------------------+ 
     |        Instance         |     Arc     |   Cell    | Delay | Arrival | Required | 
     |                         |             |           |       |  Time   |   Time   | 
     |-------------------------+-------------+-----------+-------+---------+----------| 
     | abt_address_reg_reg[30] | CK ^        |           |       |   0.921 |    2.926 | 
     | abt_address_reg_reg[30] | CK ^ -> Q v | DFFQX2LVT | 0.190 |   1.111 |    3.116 | 
     | p1396A132498            | B v -> Y v  | MX2X1     | 0.163 |   1.273 |    3.278 | 
     | abt_address_reg_reg[30] | D v         | DFFQX2LVT | 0.000 |   1.273 |    3.278 | 
     +--------------------------------------------------------------------------------+ 
Path 257: VIOLATED Hold Check with Pin o_rn_sel_reg[0]/CK 
Endpoint:   o_rn_sel_reg[0]/D (v) checked with  leading edge of 'CLK'
Beginpoint: o_rn_sel_reg[0]/Q (v) triggered by  leading edge of 'CLK'
Path Groups: {reg2reg}
Analysis View: best
Other End Arrival Time          2.857
+ Hold                          0.024
+ Phase Shift                   0.000
+ Uncertainty                   0.400
= Required Time                 3.281
  Arrival Time                  1.276
  Slack Time                   -2.005
     Clock Rise Edge                 0.000
     + Clock Network Latency (Prop)  0.919
     = Beginpoint Arrival Time       0.919
     +--------------------------------------------------------------------------------+ 
     |       Instance       |     Arc     |     Cell     | Delay | Arrival | Required | 
     |                      |             |              |       |  Time   |   Time   | 
     |----------------------+-------------+--------------+-------+---------+----------| 
     | o_rn_sel_reg[0]      | CK ^        |              |       |   0.919 |    2.924 | 
     | o_rn_sel_reg[0]      | CK ^ -> Q v | DFFHQX1LVT   | 0.161 |   1.080 |    3.085 | 
     | FE_OFC687_o_rn_sel_0 | A v -> Y v  | CLKBUFX12LVT | 0.056 |   1.136 |    3.142 | 
     | p0869A70733__110981  | A v -> Y v  | MX2X1        | 0.139 |   1.276 |    3.281 | 
     | o_rn_sel_reg[0]      | D v         | DFFHQX1LVT   | 0.000 |   1.276 |    3.281 | 
     +--------------------------------------------------------------------------------+ 
Path 258: VIOLATED Hold Check with Pin abt_address_reg_reg[17]/CK 
Endpoint:   abt_address_reg_reg[17]/D (v) checked with  leading edge of 'CLK'
Beginpoint: abt_address_reg_reg[17]/Q (v) triggered by  leading edge of 'CLK'
Path Groups: {reg2reg}
Analysis View: best
Other End Arrival Time          2.858
+ Hold                          0.021
+ Phase Shift                   0.000
+ Uncertainty                   0.400
= Required Time                 3.279
  Arrival Time                  1.275
  Slack Time                   -2.005
     Clock Rise Edge                 0.000
     + Clock Network Latency (Prop)  0.919
     = Beginpoint Arrival Time       0.919
     +--------------------------------------------------------------------------------+ 
     |        Instance         |     Arc     |   Cell    | Delay | Arrival | Required | 
     |                         |             |           |       |  Time   |   Time   | 
     |-------------------------+-------------+-----------+-------+---------+----------| 
     | abt_address_reg_reg[17] | CK ^        |           |       |   0.919 |    2.924 | 
     | abt_address_reg_reg[17] | CK ^ -> Q v | DFFQX2LVT | 0.195 |   1.115 |    3.119 | 
     | p1396A132558            | B v -> Y v  | MX2X1     | 0.160 |   1.275 |    3.279 | 
     | abt_address_reg_reg[17] | D v         | DFFQX2LVT | 0.000 |   1.275 |    3.279 | 
     +--------------------------------------------------------------------------------+ 
Path 259: VIOLATED Hold Check with Pin o_read_data_reg[19]/CK 
Endpoint:   o_read_data_reg[19]/D (v) checked with  leading edge of 'CLK'
Beginpoint: o_read_data_reg[19]/Q (v) triggered by  leading edge of 'CLK'
Path Groups: {reg2reg}
Analysis View: best
Other End Arrival Time          2.858
+ Hold                          0.028
+ Phase Shift                   0.000
+ Uncertainty                   0.400
= Required Time                 3.286
  Arrival Time                  1.282
  Slack Time                   -2.005
     Clock Rise Edge                 0.000
     + Clock Network Latency (Prop)  0.919
     = Beginpoint Arrival Time       0.919
     +-----------------------------------------------------------------------------+ 
     |      Instance       |     Arc     |    Cell    | Delay | Arrival | Required | 
     |                     |             |            |       |  Time   |   Time   | 
     |---------------------+-------------+------------+-------+---------+----------| 
     | o_read_data_reg[19] | CK ^        |            |       |   0.919 |    2.924 | 
     | o_read_data_reg[19] | CK ^ -> Q v | DFFHQX1LVT | 0.194 |   1.113 |    3.118 | 
     | p1396A72149         | B v -> Y v  | MX2X1      | 0.168 |   1.282 |    3.286 | 
     | o_read_data_reg[19] | D v         | DFFHQX1LVT | 0.000 |   1.282 |    3.286 | 
     +-----------------------------------------------------------------------------+ 
Path 260: VIOLATED Hold Check with Pin o_read_data_reg[12]/CK 
Endpoint:   o_read_data_reg[12]/D (v) checked with  leading edge of 'CLK'
Beginpoint: o_read_data_reg[12]/Q (v) triggered by  leading edge of 'CLK'
Path Groups: {reg2reg}
Analysis View: best
Other End Arrival Time          2.858
+ Hold                          0.021
+ Phase Shift                   0.000
+ Uncertainty                   0.400
= Required Time                 3.279
  Arrival Time                  1.275
  Slack Time                   -2.004
     Clock Rise Edge                 0.000
     + Clock Network Latency (Prop)  0.919
     = Beginpoint Arrival Time       0.919
     +----------------------------------------------------------------------------+ 
     |      Instance       |     Arc     |   Cell    | Delay | Arrival | Required | 
     |                     |             |           |       |  Time   |   Time   | 
     |---------------------+-------------+-----------+-------+---------+----------| 
     | o_read_data_reg[12] | CK ^        |           |       |   0.919 |    2.923 | 
     | o_read_data_reg[12] | CK ^ -> Q v | DFFQX2LVT | 0.192 |   1.111 |    3.115 | 
     | p1396A75463         | B v -> Y v  | MX2X1     | 0.163 |   1.275 |    3.279 | 
     | o_read_data_reg[12] | D v         | DFFQX2LVT | 0.000 |   1.275 |    3.279 | 
     +----------------------------------------------------------------------------+ 
Path 261: VIOLATED Hold Check with Pin abt_address_reg_reg[16]/CK 
Endpoint:   abt_address_reg_reg[16]/D (v) checked with  leading edge of 'CLK'
Beginpoint: abt_address_reg_reg[16]/Q (v) triggered by  leading edge of 'CLK'
Path Groups: {reg2reg}
Analysis View: best
Other End Arrival Time          2.858
+ Hold                          0.018
+ Phase Shift                   0.000
+ Uncertainty                   0.400
= Required Time                 3.276
  Arrival Time                  1.272
  Slack Time                   -2.004
     Clock Rise Edge                 0.000
     + Clock Network Latency (Prop)  0.919
     = Beginpoint Arrival Time       0.919
     +--------------------------------------------------------------------------------+ 
     |        Instance         |     Arc     |   Cell    | Delay | Arrival | Required | 
     |                         |             |           |       |  Time   |   Time   | 
     |-------------------------+-------------+-----------+-------+---------+----------| 
     | abt_address_reg_reg[16] | CK ^        |           |       |   0.919 |    2.923 | 
     | abt_address_reg_reg[16] | CK ^ -> Q v | DFFQX2LVT | 0.188 |   1.108 |    3.111 | 
     | p1396A72164             | B v -> Y v  | MX2X1     | 0.165 |   1.272 |    3.276 | 
     | abt_address_reg_reg[16] | D v         | DFFQX2LVT | 0.000 |   1.272 |    3.276 | 
     +--------------------------------------------------------------------------------+ 
Path 262: VIOLATED Hold Check with Pin o_write_data_wen_reg/CK 
Endpoint:   o_write_data_wen_reg/D (v) checked with  leading edge of 'CLK'
Beginpoint: o_write_data_wen_reg/Q (v) triggered by  leading edge of 'CLK'
Path Groups: {reg2reg}
Analysis View: best
Other End Arrival Time          2.859
+ Hold                          0.025
+ Phase Shift                   0.000
+ Uncertainty                   0.400
= Required Time                 3.285
  Arrival Time                  1.281
  Slack Time                   -2.003
     Clock Rise Edge                 0.000
     + Clock Network Latency (Prop)  0.921
     = Beginpoint Arrival Time       0.921
     +-------------------------------------------------------------------------------------------------+ 
     |               Instance                |     Arc     |     Cell     | Delay | Arrival | Required | 
     |                                       |             |              |       |  Time   |   Time   | 
     |---------------------------------------+-------------+--------------+-------+---------+----------| 
     | o_write_data_wen_reg                  | CK ^        |              |       |   0.921 |    2.924 | 
     | o_write_data_wen_reg                  | CK ^ -> Q v | DFFHQX1LVT   | 0.154 |   1.075 |    3.079 | 
     | FE_OFC1098_FE_OFN662_o_write_data_wen | A v -> Y v  | BUFX2LVT     | 0.072 |   1.148 |    3.151 | 
     | g134603                               | B v -> Y ^  | MXI2XLLVT    | 0.072 |   1.220 |    3.223 | 
     | g134642                               | B0 ^ -> Y v | OAI2BB1X1LVT | 0.061 |   1.281 |    3.285 | 
     | o_write_data_wen_reg                  | D v         | DFFHQX1LVT   | 0.000 |   1.281 |    3.285 | 
     +-------------------------------------------------------------------------------------------------+ 
Path 263: VIOLATED Hold Check with Pin abt_address_reg_reg[24]/CK 
Endpoint:   abt_address_reg_reg[24]/D (v) checked with  leading edge of 'CLK'
Beginpoint: abt_address_reg_reg[24]/Q (v) triggered by  leading edge of 'CLK'
Path Groups: {reg2reg}
Analysis View: best
Other End Arrival Time          2.859
+ Hold                          0.020
+ Phase Shift                   0.000
+ Uncertainty                   0.400
= Required Time                 3.279
  Arrival Time                  1.276
  Slack Time                   -2.003
     Clock Rise Edge                 0.000
     + Clock Network Latency (Prop)  0.921
     = Beginpoint Arrival Time       0.921
     +--------------------------------------------------------------------------------+ 
     |        Instance         |     Arc     |   Cell    | Delay | Arrival | Required | 
     |                         |             |           |       |  Time   |   Time   | 
     |-------------------------+-------------+-----------+-------+---------+----------| 
     | abt_address_reg_reg[24] | CK ^        |           |       |   0.921 |    2.924 | 
     | abt_address_reg_reg[24] | CK ^ -> Q v | DFFQX2LVT | 0.190 |   1.111 |    3.114 | 
     | p1396A72096             | B v -> Y v  | MX2X1     | 0.165 |   1.276 |    3.279 | 
     | abt_address_reg_reg[24] | D v         | DFFQX2LVT | 0.000 |   1.276 |    3.279 | 
     +--------------------------------------------------------------------------------+ 
Path 264: VIOLATED Hold Check with Pin pre_fetch_instruction_reg[12]/CK 
Endpoint:   pre_fetch_instruction_reg[12]/D (v) checked with  leading edge of 
'CLK'
Beginpoint: o_read_data_reg[12]/Q           (v) triggered by  leading edge of 
'CLK'
Path Groups: {reg2reg}
Analysis View: best
Other End Arrival Time          2.859
+ Hold                          0.019
+ Phase Shift                   0.000
+ Uncertainty                   0.400
= Required Time                 3.278
  Arrival Time                  1.275
  Slack Time                   -2.003
     Clock Rise Edge                 0.000
     + Clock Network Latency (Prop)  0.919
     = Beginpoint Arrival Time       0.919
     +--------------------------------------------------------------------------------------+ 
     |           Instance            |     Arc     |   Cell    | Delay | Arrival | Required | 
     |                               |             |           |       |  Time   |   Time   | 
     |-------------------------------+-------------+-----------+-------+---------+----------| 
     | o_read_data_reg[12]           | CK ^        |           |       |   0.919 |    2.923 | 
     | o_read_data_reg[12]           | CK ^ -> Q v | DFFQX2LVT | 0.192 |   1.111 |    3.114 | 
     | p0854A71152__75465            | B v -> Y v  | MX2X1     | 0.163 |   1.275 |    3.278 | 
     | pre_fetch_instruction_reg[12] | D v         | DFFQXLLVT | 0.000 |   1.275 |    3.278 | 
     +--------------------------------------------------------------------------------------+ 
Path 265: VIOLATED Hold Check with Pin abt_address_reg_reg[2]/CK 
Endpoint:   abt_address_reg_reg[2]/D (v) checked with  leading edge of 'CLK'
Beginpoint: abt_address_reg_reg[2]/Q (v) triggered by  leading edge of 'CLK'
Path Groups: {reg2reg}
Analysis View: best
Other End Arrival Time          2.858
+ Hold                          0.017
+ Phase Shift                   0.000
+ Uncertainty                   0.400
= Required Time                 3.275
  Arrival Time                  1.273
  Slack Time                   -2.002
     Clock Rise Edge                 0.000
     + Clock Network Latency (Prop)  0.919
     = Beginpoint Arrival Time       0.919
     +-------------------------------------------------------------------------------+ 
     |        Instance        |     Arc     |   Cell    | Delay | Arrival | Required | 
     |                        |             |           |       |  Time   |   Time   | 
     |------------------------+-------------+-----------+-------+---------+----------| 
     | abt_address_reg_reg[2] | CK ^        |           |       |   0.919 |    2.921 | 
     | abt_address_reg_reg[2] | CK ^ -> Q v | DFFQX2LVT | 0.189 |   1.108 |    3.110 | 
     | p1396A72116            | B v -> Y v  | MX2X1     | 0.165 |   1.273 |    3.275 | 
     | abt_address_reg_reg[2] | D v         | DFFQX2LVT | 0.000 |   1.273 |    3.275 | 
     +-------------------------------------------------------------------------------+ 
Path 266: VIOLATED Hold Check with Pin abt_address_reg_reg[3]/CK 
Endpoint:   abt_address_reg_reg[3]/D (v) checked with  leading edge of 'CLK'
Beginpoint: abt_address_reg_reg[3]/Q (v) triggered by  leading edge of 'CLK'
Path Groups: {reg2reg}
Analysis View: best
Other End Arrival Time          2.858
+ Hold                          0.017
+ Phase Shift                   0.000
+ Uncertainty                   0.400
= Required Time                 3.275
  Arrival Time                  1.273
  Slack Time                   -2.002
     Clock Rise Edge                 0.000
     + Clock Network Latency (Prop)  0.919
     = Beginpoint Arrival Time       0.919
     +-------------------------------------------------------------------------------+ 
     |        Instance        |     Arc     |   Cell    | Delay | Arrival | Required | 
     |                        |             |           |       |  Time   |   Time   | 
     |------------------------+-------------+-----------+-------+---------+----------| 
     | abt_address_reg_reg[3] | CK ^        |           |       |   0.919 |    2.921 | 
     | abt_address_reg_reg[3] | CK ^ -> Q v | DFFQX2LVT | 0.190 |   1.110 |    3.111 | 
     | p1396A72117            | B v -> Y v  | MX2X1     | 0.164 |   1.273 |    3.275 | 
     | abt_address_reg_reg[3] | D v         | DFFQX2LVT | 0.000 |   1.273 |    3.275 | 
     +-------------------------------------------------------------------------------+ 
Path 267: VIOLATED Hold Check with Pin o_status_bits_flags_wen_reg/CK 
Endpoint:   o_status_bits_flags_wen_reg/D (v) checked with  leading edge of 
'CLK'
Beginpoint: o_status_bits_flags_wen_reg/Q (v) triggered by  leading edge of 
'CLK'
Path Groups: {reg2reg}
Analysis View: best
Other End Arrival Time          2.859
+ Hold                          0.017
+ Phase Shift                   0.000
+ Uncertainty                   0.400
= Required Time                 3.276
  Arrival Time                  1.275
  Slack Time                   -2.002
     Clock Rise Edge                 0.000
     + Clock Network Latency (Prop)  0.921
     = Beginpoint Arrival Time       0.921
     +-------------------------------------------------------------------------------------+ 
     |          Instance           |     Arc     |    Cell    | Delay | Arrival | Required | 
     |                             |             |            |       |  Time   |   Time   | 
     |-----------------------------+-------------+------------+-------+---------+----------| 
     | o_status_bits_flags_wen_reg | CK ^        |            |       |   0.921 |    2.922 | 
     | o_status_bits_flags_wen_reg | CK ^ -> Q v | DFFHQX1LVT | 0.190 |   1.111 |    3.113 | 
     | p0821A__4296                | A0 v -> Y ^ | AOI21XLLVT | 0.083 |   1.194 |    3.196 | 
     | p0735A__9906                | B0 ^ -> Y v | OAI21XLLVT | 0.080 |   1.275 |    3.276 | 
     | o_status_bits_flags_wen_reg | D v         | DFFHQX1LVT | 0.000 |   1.275 |    3.276 | 
     +-------------------------------------------------------------------------------------+ 
Path 268: VIOLATED Hold Check with Pin o_barrel_shift_data_sel_reg[1]/CK 
Endpoint:   o_barrel_shift_data_sel_reg[1]/D (v) checked with  leading edge of 
'CLK'
Beginpoint: o_barrel_shift_data_sel_reg[1]/Q (v) triggered by  leading edge of 
'CLK'
Path Groups: {reg2reg}
Analysis View: best
Other End Arrival Time          2.859
+ Hold                          0.016
+ Phase Shift                   0.000
+ Uncertainty                   0.400
= Required Time                 3.276
  Arrival Time                  1.276
  Slack Time                   -2.000
     Clock Rise Edge                 0.000
     + Clock Network Latency (Prop)  0.921
     = Beginpoint Arrival Time       0.921
     +----------------------------------------------------------------------------------------+ 
     |            Instance            |     Arc     |    Cell    | Delay | Arrival | Required | 
     |                                |             |            |       |  Time   |   Time   | 
     |--------------------------------+-------------+------------+-------+---------+----------| 
     | o_barrel_shift_data_sel_reg[1] | CK ^        |            |       |   0.921 |    2.921 | 
     | o_barrel_shift_data_sel_reg[1] | CK ^ -> Q v | DFFHQX1LVT | 0.180 |   1.101 |    3.101 | 
     | p1033A                         | A0 v -> Y ^ | AOI21XLLVT | 0.083 |   1.185 |    3.185 | 
     | p0756A__7344                   | B0 ^ -> Y v | OAI21XLLVT | 0.091 |   1.276 |    3.276 | 
     | o_barrel_shift_data_sel_reg[1] | D v         | DFFHQX1LVT | 0.000 |   1.276 |    3.276 | 
     +----------------------------------------------------------------------------------------+ 
Path 269: VIOLATED Hold Check with Pin iabt_reg_reg/CK 
Endpoint:   iabt_reg_reg/D (v) checked with  leading edge of 'CLK'
Beginpoint: iabt_reg_reg/Q (v) triggered by  leading edge of 'CLK'
Path Groups: {reg2reg}
Analysis View: best
Other End Arrival Time          2.858
+ Hold                          0.019
+ Phase Shift                   0.000
+ Uncertainty                   0.400
= Required Time                 3.277
  Arrival Time                  1.277
  Slack Time                   -2.000
     Clock Rise Edge                 0.000
     + Clock Network Latency (Prop)  0.919
     = Beginpoint Arrival Time       0.919
     +---------------------------------------------------------------------+ 
     |   Instance   |     Arc     |   Cell    | Delay | Arrival | Required | 
     |              |             |           |       |  Time   |   Time   | 
     |--------------+-------------+-----------+-------+---------+----------| 
     | iabt_reg_reg | CK ^        |           |       |   0.919 |    2.919 | 
     | iabt_reg_reg | CK ^ -> Q v | DFFQXLLVT | 0.188 |   1.107 |    3.106 | 
     | p1398A132540 | B v -> Y v  | MX2X1     | 0.170 |   1.277 |    3.277 | 
     | iabt_reg_reg | D v         | DFFQXLLVT | 0.000 |   1.277 |    3.277 | 
     +---------------------------------------------------------------------+ 
Path 270: VIOLATED Hold Check with Pin pre_fetch_instruction_reg[25]/CK 
Endpoint:   pre_fetch_instruction_reg[25]/D (v) checked with  leading edge of 
'CLK'
Beginpoint: o_read_data_reg[25]/Q           (v) triggered by  leading edge of 
'CLK'
Path Groups: {reg2reg}
Analysis View: best
Other End Arrival Time          2.859
+ Hold                          0.018
+ Phase Shift                   0.000
+ Uncertainty                   0.400
= Required Time                 3.277
  Arrival Time                  1.277
  Slack Time                   -2.000
     Clock Rise Edge                 0.000
     + Clock Network Latency (Prop)  0.919
     = Beginpoint Arrival Time       0.919
     +--------------------------------------------------------------------------------------+ 
     |           Instance            |     Arc     |   Cell    | Delay | Arrival | Required | 
     |                               |             |           |       |  Time   |   Time   | 
     |-------------------------------+-------------+-----------+-------+---------+----------| 
     | o_read_data_reg[25]           | CK ^        |           |       |   0.919 |    2.919 | 
     | o_read_data_reg[25]           | CK ^ -> Q v | DFFQX2LVT | 0.192 |   1.111 |    3.111 | 
     | p0854A71105__75561            | B v -> Y v  | MX2X1     | 0.166 |   1.277 |    3.277 | 
     | pre_fetch_instruction_reg[25] | D v         | DFFQXLLVT | 0.000 |   1.277 |    3.277 | 
     +--------------------------------------------------------------------------------------+ 
Path 271: VIOLATED Hold Check with Pin pre_fetch_instruction_reg[14]/CK 
Endpoint:   pre_fetch_instruction_reg[14]/D (v) checked with  leading edge of 
'CLK'
Beginpoint: o_read_data_reg[14]/Q           (v) triggered by  leading edge of 
'CLK'
Path Groups: {reg2reg}
Analysis View: best
Other End Arrival Time          2.861
+ Hold                          0.019
+ Phase Shift                   0.000
+ Uncertainty                   0.400
= Required Time                 3.280
  Arrival Time                  1.280
  Slack Time                   -1.999
     Clock Rise Edge                 0.000
     + Clock Network Latency (Prop)  0.919
     = Beginpoint Arrival Time       0.919
     +--------------------------------------------------------------------------------------+ 
     |           Instance            |     Arc     |   Cell    | Delay | Arrival | Required | 
     |                               |             |           |       |  Time   |   Time   | 
     |-------------------------------+-------------+-----------+-------+---------+----------| 
     | o_read_data_reg[14]           | CK ^        |           |       |   0.919 |    2.918 | 
     | o_read_data_reg[14]           | CK ^ -> Q v | DFFQX2LVT | 0.194 |   1.113 |    3.112 | 
     | p0854A71154__2250             | B v -> Y v  | MX2X1     | 0.167 |   1.280 |    3.280 | 
     | pre_fetch_instruction_reg[14] | D v         | DFFQXLLVT | 0.000 |   1.280 |    3.280 | 
     +--------------------------------------------------------------------------------------+ 
Path 272: VIOLATED Hold Check with Pin abt_address_reg_reg[12]/CK 
Endpoint:   abt_address_reg_reg[12]/D (v) checked with  leading edge of 'CLK'
Beginpoint: abt_address_reg_reg[12]/Q (v) triggered by  leading edge of 'CLK'
Path Groups: {reg2reg}
Analysis View: best
Other End Arrival Time          2.858
+ Hold                          0.017
+ Phase Shift                   0.000
+ Uncertainty                   0.400
= Required Time                 3.275
  Arrival Time                  1.276
  Slack Time                   -1.999
     Clock Rise Edge                 0.000
     + Clock Network Latency (Prop)  0.919
     = Beginpoint Arrival Time       0.919
     +--------------------------------------------------------------------------------+ 
     |        Instance         |     Arc     |   Cell    | Delay | Arrival | Required | 
     |                         |             |           |       |  Time   |   Time   | 
     |-------------------------+-------------+-----------+-------+---------+----------| 
     | abt_address_reg_reg[12] | CK ^        |           |       |   0.919 |    2.918 | 
     | abt_address_reg_reg[12] | CK ^ -> Q v | DFFQX2LVT | 0.192 |   1.112 |    3.111 | 
     | p1396A72142             | B v -> Y v  | MX2X1     | 0.164 |   1.276 |    3.275 | 
     | abt_address_reg_reg[12] | D v         | DFFQX2LVT | 0.000 |   1.276 |    3.275 | 
     +--------------------------------------------------------------------------------+ 
Path 273: VIOLATED Hold Check with Pin pre_fetch_instruction_reg[10]/CK 
Endpoint:   pre_fetch_instruction_reg[10]/D (v) checked with  leading edge of 
'CLK'
Beginpoint: o_read_data_reg[10]/Q           (v) triggered by  leading edge of 
'CLK'
Path Groups: {reg2reg}
Analysis View: best
Other End Arrival Time          2.860
+ Hold                          0.019
+ Phase Shift                   0.000
+ Uncertainty                   0.400
= Required Time                 3.280
  Arrival Time                  1.281
  Slack Time                   -1.999
     Clock Rise Edge                 0.000
     + Clock Network Latency (Prop)  0.919
     = Beginpoint Arrival Time       0.919
     +--------------------------------------------------------------------------------------+ 
     |           Instance            |     Arc     |   Cell    | Delay | Arrival | Required | 
     |                               |             |           |       |  Time   |   Time   | 
     |-------------------------------+-------------+-----------+-------+---------+----------| 
     | o_read_data_reg[10]           | CK ^        |           |       |   0.919 |    2.918 | 
     | o_read_data_reg[10]           | CK ^ -> Q v | DFFQX2LVT | 0.197 |   1.116 |    3.115 | 
     | p0854A71169__75443            | B v -> Y v  | MX2X1     | 0.164 |   1.281 |    3.280 | 
     | pre_fetch_instruction_reg[10] | D v         | DFFQXLLVT | 0.000 |   1.281 |    3.280 | 
     +--------------------------------------------------------------------------------------+ 
Path 274: VIOLATED Hold Check with Pin o_read_data_reg[25]/CK 
Endpoint:   o_read_data_reg[25]/D (v) checked with  leading edge of 'CLK'
Beginpoint: o_read_data_reg[25]/Q (v) triggered by  leading edge of 'CLK'
Path Groups: {reg2reg}
Analysis View: best
Other End Arrival Time          2.857
+ Hold                          0.019
+ Phase Shift                   0.000
+ Uncertainty                   0.400
= Required Time                 3.276
  Arrival Time                  1.278
  Slack Time                   -1.998
     Clock Rise Edge                 0.000
     + Clock Network Latency (Prop)  0.919
     = Beginpoint Arrival Time       0.919
     +----------------------------------------------------------------------------+ 
     |      Instance       |     Arc     |   Cell    | Delay | Arrival | Required | 
     |                     |             |           |       |  Time   |   Time   | 
     |---------------------+-------------+-----------+-------+---------+----------| 
     | o_read_data_reg[25] | CK ^        |           |       |   0.919 |    2.917 | 
     | o_read_data_reg[25] | CK ^ -> Q v | DFFQX2LVT | 0.192 |   1.111 |    3.109 | 
     | p1396A75559         | B v -> Y v  | MX2X1     | 0.167 |   1.278 |    3.276 | 
     | o_read_data_reg[25] | D v         | DFFQX2LVT | 0.000 |   1.278 |    3.276 | 
     +----------------------------------------------------------------------------+ 
Path 275: VIOLATED Hold Check with Pin o_imm32_reg[29]/CK 
Endpoint:   o_imm32_reg[29]/D (^) checked with  leading edge of 'CLK'
Beginpoint: o_imm32_reg[29]/Q (^) triggered by  leading edge of 'CLK'
Path Groups: {reg2reg}
Analysis View: best
Other End Arrival Time          2.856
+ Hold                         -0.038
+ Phase Shift                   0.000
+ Uncertainty                   0.400
= Required Time                 3.219
  Arrival Time                  1.221
  Slack Time                   -1.997
     Clock Rise Edge                 0.000
     + Clock Network Latency (Prop)  0.918
     = Beginpoint Arrival Time       0.918
     +-----------------------------------------------------------------------------+ 
     |     Instance      |     Arc     |     Cell     | Delay | Arrival | Required | 
     |                   |             |              |       |  Time   |   Time   | 
     |-------------------+-------------+--------------+-------+---------+----------| 
     | o_imm32_reg[29]   | CK ^        |              |       |   0.918 |    2.916 | 
     | o_imm32_reg[29]   | CK ^ -> Q ^ | DFFHQX1LVT   | 0.147 |   1.065 |    3.063 | 
     | p0699A70704__2250 | A0 ^ -> Y v | AOI21XLLVT   | 0.072 |   1.137 |    3.134 | 
     | p0649A70509__1857 | B0 v -> Y v | OA21X1LVT    | 0.058 |   1.195 |    3.192 | 
     | p0652A__6877      | B0 v -> Y ^ | OAI2BB1X1LVT | 0.026 |   1.221 |    3.219 | 
     | o_imm32_reg[29]   | D ^         | DFFHQX1LVT   | 0.000 |   1.221 |    3.219 | 
     +-----------------------------------------------------------------------------+ 
Path 276: VIOLATED Hold Check with Pin o_read_data_reg[16]/CK 
Endpoint:   o_read_data_reg[16]/D (v) checked with  leading edge of 'CLK'
Beginpoint: o_read_data_reg[16]/Q (v) triggered by  leading edge of 'CLK'
Path Groups: {reg2reg}
Analysis View: best
Other End Arrival Time          2.858
+ Hold                          0.025
+ Phase Shift                   0.000
+ Uncertainty                   0.400
= Required Time                 3.283
  Arrival Time                  1.286
  Slack Time                   -1.997
     Clock Rise Edge                 0.000
     + Clock Network Latency (Prop)  0.919
     = Beginpoint Arrival Time       0.919
     +-----------------------------------------------------------------------------+ 
     |      Instance       |     Arc     |    Cell    | Delay | Arrival | Required | 
     |                     |             |            |       |  Time   |   Time   | 
     |---------------------+-------------+------------+-------+---------+----------| 
     | o_read_data_reg[16] | CK ^        |            |       |   0.919 |    2.917 | 
     | o_read_data_reg[16] | CK ^ -> Q v | DFFHQX1LVT | 0.193 |   1.113 |    3.110 | 
     | p1396A132560        | B v -> Y v  | MX2X1      | 0.173 |   1.286 |    3.283 | 
     | o_read_data_reg[16] | D v         | DFFHQX1LVT | 0.000 |   1.286 |    3.283 | 
     +-----------------------------------------------------------------------------+ 
Path 277: VIOLATED Hold Check with Pin o_read_data_reg[14]/CK 
Endpoint:   o_read_data_reg[14]/D (v) checked with  leading edge of 'CLK'
Beginpoint: o_read_data_reg[14]/Q (v) triggered by  leading edge of 'CLK'
Path Groups: {reg2reg}
Analysis View: best
Other End Arrival Time          2.858
+ Hold                          0.020
+ Phase Shift                   0.000
+ Uncertainty                   0.400
= Required Time                 3.277
  Arrival Time                  1.280
  Slack Time                   -1.997
     Clock Rise Edge                 0.000
     + Clock Network Latency (Prop)  0.919
     = Beginpoint Arrival Time       0.919
     +----------------------------------------------------------------------------+ 
     |      Instance       |     Arc     |   Cell    | Delay | Arrival | Required | 
     |                     |             |           |       |  Time   |   Time   | 
     |---------------------+-------------+-----------+-------+---------+----------| 
     | o_read_data_reg[14] | CK ^        |           |       |   0.919 |    2.916 | 
     | o_read_data_reg[14] | CK ^ -> Q v | DFFQX2LVT | 0.194 |   1.113 |    3.110 | 
     | p1396A72126         | B v -> Y v  | MX2X1     | 0.167 |   1.280 |    3.277 | 
     | o_read_data_reg[14] | D v         | DFFQX2LVT | 0.000 |   1.280 |    3.277 | 
     +----------------------------------------------------------------------------+ 
Path 278: VIOLATED Hold Check with Pin o_read_data_reg[0]/CK 
Endpoint:   o_read_data_reg[0]/D (v) checked with  leading edge of 'CLK'
Beginpoint: o_read_data_reg[0]/Q (v) triggered by  leading edge of 'CLK'
Path Groups: {reg2reg}
Analysis View: best
Other End Arrival Time          2.858
+ Hold                          0.019
+ Phase Shift                   0.000
+ Uncertainty                   0.400
= Required Time                 3.277
  Arrival Time                  1.280
  Slack Time                   -1.997
     Clock Rise Edge                 0.000
     + Clock Network Latency (Prop)  0.919
     = Beginpoint Arrival Time       0.919
     +---------------------------------------------------------------------------+ 
     |      Instance      |     Arc     |   Cell    | Delay | Arrival | Required | 
     |                    |             |           |       |  Time   |   Time   | 
     |--------------------+-------------+-----------+-------+---------+----------| 
     | o_read_data_reg[0] | CK ^        |           |       |   0.919 |    2.916 | 
     | o_read_data_reg[0] | CK ^ -> Q v | DFFQX2LVT | 0.193 |   1.112 |    3.109 | 
     | p1396A72127        | B v -> Y v  | MX2X1     | 0.168 |   1.280 |    3.277 | 
     | o_read_data_reg[0] | D v         | DFFQX2LVT | 0.000 |   1.280 |    3.277 | 
     +---------------------------------------------------------------------------+ 
Path 279: VIOLATED Hold Check with Pin abt_status_reg_reg[3]/CK 
Endpoint:   abt_status_reg_reg[3]/D (v) checked with  leading edge of 'CLK'
Beginpoint: abt_status_reg_reg[3]/Q (v) triggered by  leading edge of 'CLK'
Path Groups: {reg2reg}
Analysis View: best
Other End Arrival Time          2.858
+ Hold                          0.020
+ Phase Shift                   0.000
+ Uncertainty                   0.400
= Required Time                 3.278
  Arrival Time                  1.282
  Slack Time                   -1.997
     Clock Rise Edge                 0.000
     + Clock Network Latency (Prop)  0.919
     = Beginpoint Arrival Time       0.919
     +------------------------------------------------------------------------------+ 
     |       Instance        |     Arc     |   Cell    | Delay | Arrival | Required | 
     |                       |             |           |       |  Time   |   Time   | 
     |-----------------------+-------------+-----------+-------+---------+----------| 
     | abt_status_reg_reg[3] | CK ^        |           |       |   0.919 |    2.916 | 
     | abt_status_reg_reg[3] | CK ^ -> Q v | DFFQX2LVT | 0.196 |   1.116 |    3.112 | 
     | p1396A72151           | B v -> Y v  | MX2X1     | 0.166 |   1.282 |    3.278 | 
     | abt_status_reg_reg[3] | D v         | DFFQX2LVT | 0.000 |   1.282 |    3.278 | 
     +------------------------------------------------------------------------------+ 
Path 280: VIOLATED Hold Check with Pin abt_address_reg_reg[25]/CK 
Endpoint:   abt_address_reg_reg[25]/D (v) checked with  leading edge of 'CLK'
Beginpoint: abt_address_reg_reg[25]/Q (v) triggered by  leading edge of 'CLK'
Path Groups: {reg2reg}
Analysis View: best
Other End Arrival Time          2.858
+ Hold                          0.017
+ Phase Shift                   0.000
+ Uncertainty                   0.400
= Required Time                 3.275
  Arrival Time                  1.279
  Slack Time                   -1.996
     Clock Rise Edge                 0.000
     + Clock Network Latency (Prop)  0.919
     = Beginpoint Arrival Time       0.919
     +--------------------------------------------------------------------------------+ 
     |        Instance         |     Arc     |   Cell    | Delay | Arrival | Required | 
     |                         |             |           |       |  Time   |   Time   | 
     |-------------------------+-------------+-----------+-------+---------+----------| 
     | abt_address_reg_reg[25] | CK ^        |           |       |   0.919 |    2.915 | 
     | abt_address_reg_reg[25] | CK ^ -> Q v | DFFQX2LVT | 0.192 |   1.112 |    3.107 | 
     | g134626                 | A v -> Y v  | MX2X1     | 0.168 |   1.279 |    3.275 | 
     | abt_address_reg_reg[25] | D v         | DFFQX2LVT | 0.000 |   1.279 |    3.275 | 
     +--------------------------------------------------------------------------------+ 
Path 281: VIOLATED Hold Check with Pin abt_address_reg_reg[29]/CK 
Endpoint:   abt_address_reg_reg[29]/D (v) checked with  leading edge of 'CLK'
Beginpoint: abt_address_reg_reg[29]/Q (v) triggered by  leading edge of 'CLK'
Path Groups: {reg2reg}
Analysis View: best
Other End Arrival Time          2.859
+ Hold                          0.021
+ Phase Shift                   0.000
+ Uncertainty                   0.400
= Required Time                 3.280
  Arrival Time                  1.285
  Slack Time                   -1.996
     Clock Rise Edge                 0.000
     + Clock Network Latency (Prop)  0.921
     = Beginpoint Arrival Time       0.921
     +--------------------------------------------------------------------------------+ 
     |        Instance         |     Arc     |   Cell    | Delay | Arrival | Required | 
     |                         |             |           |       |  Time   |   Time   | 
     |-------------------------+-------------+-----------+-------+---------+----------| 
     | abt_address_reg_reg[29] | CK ^        |           |       |   0.921 |    2.916 | 
     | abt_address_reg_reg[29] | CK ^ -> Q v | DFFQX2LVT | 0.198 |   1.118 |    3.114 | 
     | p1396A72106             | B v -> Y v  | MX2X1     | 0.166 |   1.285 |    3.280 | 
     | abt_address_reg_reg[29] | D v         | DFFQX2LVT | 0.000 |   1.285 |    3.280 | 
     +--------------------------------------------------------------------------------+ 
Path 282: VIOLATED Hold Check with Pin pre_fetch_instruction_reg[15]/CK 
Endpoint:   pre_fetch_instruction_reg[15]/D (v) checked with  leading edge of 
'CLK'
Beginpoint: o_read_data_reg[15]/Q           (v) triggered by  leading edge of 
'CLK'
Path Groups: {reg2reg}
Analysis View: best
Other End Arrival Time          2.859
+ Hold                          0.018
+ Phase Shift                   0.000
+ Uncertainty                   0.400
= Required Time                 3.277
  Arrival Time                  1.281
  Slack Time                   -1.996
     Clock Rise Edge                 0.000
     + Clock Network Latency (Prop)  0.919
     = Beginpoint Arrival Time       0.919
     +--------------------------------------------------------------------------------------+ 
     |           Instance            |     Arc     |   Cell    | Delay | Arrival | Required | 
     |                               |             |           |       |  Time   |   Time   | 
     |-------------------------------+-------------+-----------+-------+---------+----------| 
     | o_read_data_reg[15]           | CK ^        |           |       |   0.919 |    2.914 | 
     | o_read_data_reg[15]           | CK ^ -> Q v | DFFQX2LVT | 0.196 |   1.115 |    3.110 | 
     | g161183                       | A v -> Y v  | MX2X1     | 0.166 |   1.281 |    3.277 | 
     | pre_fetch_instruction_reg[15] | D v         | DFFQXLLVT | 0.000 |   1.281 |    3.277 | 
     +--------------------------------------------------------------------------------------+ 
Path 283: VIOLATED Hold Check with Pin abt_address_reg_reg[21]/CK 
Endpoint:   abt_address_reg_reg[21]/D (v) checked with  leading edge of 'CLK'
Beginpoint: abt_address_reg_reg[21]/Q (v) triggered by  leading edge of 'CLK'
Path Groups: {reg2reg}
Analysis View: best
Other End Arrival Time          2.858
+ Hold                          0.018
+ Phase Shift                   0.000
+ Uncertainty                   0.400
= Required Time                 3.276
  Arrival Time                  1.281
  Slack Time                   -1.995
     Clock Rise Edge                 0.000
     + Clock Network Latency (Prop)  0.919
     = Beginpoint Arrival Time       0.919
     +--------------------------------------------------------------------------------+ 
     |        Instance         |     Arc     |   Cell    | Delay | Arrival | Required | 
     |                         |             |           |       |  Time   |   Time   | 
     |-------------------------+-------------+-----------+-------+---------+----------| 
     | abt_address_reg_reg[21] | CK ^        |           |       |   0.919 |    2.915 | 
     | abt_address_reg_reg[21] | CK ^ -> Q v | DFFQX2LVT | 0.191 |   1.111 |    3.106 | 
     | p1396A128252            | B v -> Y v  | MX2X1     | 0.170 |   1.281 |    3.276 | 
     | abt_address_reg_reg[21] | D v         | DFFQX2LVT | 0.000 |   1.281 |    3.276 | 
     +--------------------------------------------------------------------------------+ 
Path 284: VIOLATED Hold Check with Pin o_read_data_reg[10]/CK 
Endpoint:   o_read_data_reg[10]/D (v) checked with  leading edge of 'CLK'
Beginpoint: o_read_data_reg[10]/Q (v) triggered by  leading edge of 'CLK'
Path Groups: {reg2reg}
Analysis View: best
Other End Arrival Time          2.858
+ Hold                          0.020
+ Phase Shift                   0.000
+ Uncertainty                   0.400
= Required Time                 3.277
  Arrival Time                  1.282
  Slack Time                   -1.995
     Clock Rise Edge                 0.000
     + Clock Network Latency (Prop)  0.919
     = Beginpoint Arrival Time       0.919
     +----------------------------------------------------------------------------+ 
     |      Instance       |     Arc     |   Cell    | Delay | Arrival | Required | 
     |                     |             |           |       |  Time   |   Time   | 
     |---------------------+-------------+-----------+-------+---------+----------| 
     | o_read_data_reg[10] | CK ^        |           |       |   0.919 |    2.914 | 
     | o_read_data_reg[10] | CK ^ -> Q v | DFFQX2LVT | 0.197 |   1.116 |    3.112 | 
     | p1396A75441         | B v -> Y v  | MX2X1     | 0.166 |   1.282 |    3.277 | 
     | o_read_data_reg[10] | D v         | DFFQX2LVT | 0.000 |   1.282 |    3.277 | 
     +----------------------------------------------------------------------------+ 
Path 285: VIOLATED Hold Check with Pin o_read_data_reg[15]/CK 
Endpoint:   o_read_data_reg[15]/D (v) checked with  leading edge of 'CLK'
Beginpoint: o_read_data_reg[15]/Q (v) triggered by  leading edge of 'CLK'
Path Groups: {reg2reg}
Analysis View: best
Other End Arrival Time          2.857
+ Hold                          0.019
+ Phase Shift                   0.000
+ Uncertainty                   0.400
= Required Time                 3.276
  Arrival Time                  1.282
  Slack Time                   -1.994
     Clock Rise Edge                 0.000
     + Clock Network Latency (Prop)  0.919
     = Beginpoint Arrival Time       0.919
     +----------------------------------------------------------------------------+ 
     |      Instance       |     Arc     |   Cell    | Delay | Arrival | Required | 
     |                     |             |           |       |  Time   |   Time   | 
     |---------------------+-------------+-----------+-------+---------+----------| 
     | o_read_data_reg[15] | CK ^        |           |       |   0.919 |    2.913 | 
     | o_read_data_reg[15] | CK ^ -> Q v | DFFQX2LVT | 0.196 |   1.115 |    3.109 | 
     | g134629             | A v -> Y v  | MX2X1     | 0.167 |   1.282 |    3.276 | 
     | o_read_data_reg[15] | D v         | DFFQX2LVT | 0.000 |   1.282 |    3.276 | 
     +----------------------------------------------------------------------------+ 
Path 286: VIOLATED Hold Check with Pin o_reg_write_sel_reg[0]/CK 
Endpoint:   o_reg_write_sel_reg[0]/D (v) checked with  leading edge of 'CLK'
Beginpoint: o_reg_write_sel_reg[0]/Q (v) triggered by  leading edge of 'CLK'
Path Groups: {reg2reg}
Analysis View: best
Other End Arrival Time          2.859
+ Hold                          0.015
+ Phase Shift                   0.000
+ Uncertainty                   0.400
= Required Time                 3.274
  Arrival Time                  1.280
  Slack Time                   -1.994
     Clock Rise Edge                 0.000
     + Clock Network Latency (Prop)  0.921
     = Beginpoint Arrival Time       0.921
     +--------------------------------------------------------------------------------+ 
     |        Instance        |     Arc     |    Cell    | Delay | Arrival | Required | 
     |                        |             |            |       |  Time   |   Time   | 
     |------------------------+-------------+------------+-------+---------+----------| 
     | o_reg_write_sel_reg[0] | CK ^        |            |       |   0.921 |    2.915 | 
     | o_reg_write_sel_reg[0] | CK ^ -> Q v | DFFHQX1LVT | 0.191 |   1.111 |    3.106 | 
     | p0947A__1840           | A0 v -> Y ^ | AOI21XLLVT | 0.083 |   1.195 |    3.189 | 
     | p0698A__2900           | B0 ^ -> Y v | OAI21XLLVT | 0.085 |   1.280 |    3.274 | 
     | o_reg_write_sel_reg[0] | D v         | DFFHQX1LVT | 0.000 |   1.280 |    3.274 | 
     +--------------------------------------------------------------------------------+ 
Path 287: VIOLATED Hold Check with Pin abt_status_reg_reg[2]/CK 
Endpoint:   abt_status_reg_reg[2]/D (v) checked with  leading edge of 'CLK'
Beginpoint: abt_status_reg_reg[2]/Q (v) triggered by  leading edge of 'CLK'
Path Groups: {reg2reg}
Analysis View: best
Other End Arrival Time          2.858
+ Hold                          0.020
+ Phase Shift                   0.000
+ Uncertainty                   0.400
= Required Time                 3.278
  Arrival Time                  1.283
  Slack Time                   -1.994
     Clock Rise Edge                 0.000
     + Clock Network Latency (Prop)  0.919
     = Beginpoint Arrival Time       0.919
     +------------------------------------------------------------------------------+ 
     |       Instance        |     Arc     |   Cell    | Delay | Arrival | Required | 
     |                       |             |           |       |  Time   |   Time   | 
     |-----------------------+-------------+-----------+-------+---------+----------| 
     | abt_status_reg_reg[2] | CK ^        |           |       |   0.919 |    2.914 | 
     | abt_status_reg_reg[2] | CK ^ -> Q v | DFFQX2LVT | 0.196 |   1.116 |    3.110 | 
     | p1396A72176           | B v -> Y v  | MX2X1     | 0.168 |   1.283 |    3.278 | 
     | abt_status_reg_reg[2] | D v         | DFFQX2LVT | 0.000 |   1.283 |    3.278 | 
     +------------------------------------------------------------------------------+ 
Path 288: VIOLATED Hold Check with Pin o_read_data_reg[2]/CK 
Endpoint:   o_read_data_reg[2]/D (v) checked with  leading edge of 'CLK'
Beginpoint: o_read_data_reg[2]/Q (v) triggered by  leading edge of 'CLK'
Path Groups: {reg2reg}
Analysis View: best
Other End Arrival Time          2.857
+ Hold                          0.033
+ Phase Shift                   0.000
+ Uncertainty                   0.400
= Required Time                 3.290
  Arrival Time                  1.296
  Slack Time                   -1.994
     Clock Rise Edge                 0.000
     + Clock Network Latency (Prop)  0.919
     = Beginpoint Arrival Time       0.919
     +------------------------------------------------------------------------+ 
     |      Instance      |     Arc     |  Cell  | Delay | Arrival | Required | 
     |                    |             |        |       |  Time   |   Time   | 
     |--------------------+-------------+--------+-------+---------+----------| 
     | o_read_data_reg[2] | CK ^        |        |       |   0.919 |    2.913 | 
     | o_read_data_reg[2] | CK ^ -> Q v | DFFQXL | 0.230 |   1.149 |    3.143 | 
     | p1396A132598       | B v -> Y v  | MX2X1  | 0.147 |   1.296 |    3.290 | 
     | o_read_data_reg[2] | D v         | DFFQXL | 0.000 |   1.296 |    3.290 | 
     +------------------------------------------------------------------------+ 
Path 289: VIOLATED Hold Check with Pin o_alu_function_reg[5]/CK 
Endpoint:   o_alu_function_reg[5]/D (v) checked with  leading edge of 'CLK'
Beginpoint: o_alu_function_reg[5]/Q (v) triggered by  leading edge of 'CLK'
Path Groups: {reg2reg}
Analysis View: best
Other End Arrival Time          2.859
+ Hold                          0.020
+ Phase Shift                   0.000
+ Uncertainty                   0.400
= Required Time                 3.279
  Arrival Time                  1.285
  Slack Time                   -1.994
     Clock Rise Edge                 0.000
     + Clock Network Latency (Prop)  0.921
     = Beginpoint Arrival Time       0.921
     +-------------------------------------------------------------------------------+ 
     |       Instance        |     Arc     |    Cell    | Delay | Arrival | Required | 
     |                       |             |            |       |  Time   |   Time   | 
     |-----------------------+-------------+------------+-------+---------+----------| 
     | o_alu_function_reg[5] | CK ^        |            |       |   0.921 |    2.915 | 
     | o_alu_function_reg[5] | CK ^ -> Q v | DFFHQX1LVT | 0.197 |   1.118 |    3.112 | 
     | p0791A__1857          | A0 v -> Y ^ | AOI21XLLVT | 0.090 |   1.207 |    3.201 | 
     | p0773A__5703          | B0 ^ -> Y v | OAI21XLLVT | 0.078 |   1.285 |    3.279 | 
     | o_alu_function_reg[5] | D v         | DFFHQX1LVT | 0.000 |   1.285 |    3.279 | 
     +-------------------------------------------------------------------------------+ 
Path 290: VIOLATED Hold Check with Pin abt_status_reg_reg[0]/CK 
Endpoint:   abt_status_reg_reg[0]/D (v) checked with  leading edge of 'CLK'
Beginpoint: abt_status_reg_reg[0]/Q (v) triggered by  leading edge of 'CLK'
Path Groups: {reg2reg}
Analysis View: best
Other End Arrival Time          2.858
+ Hold                          0.020
+ Phase Shift                   0.000
+ Uncertainty                   0.400
= Required Time                 3.277
  Arrival Time                  1.284
  Slack Time                   -1.993
     Clock Rise Edge                 0.000
     + Clock Network Latency (Prop)  0.919
     = Beginpoint Arrival Time       0.919
     +------------------------------------------------------------------------------+ 
     |       Instance        |     Arc     |   Cell    | Delay | Arrival | Required | 
     |                       |             |           |       |  Time   |   Time   | 
     |-----------------------+-------------+-----------+-------+---------+----------| 
     | abt_status_reg_reg[0] | CK ^        |           |       |   0.919 |    2.912 | 
     | abt_status_reg_reg[0] | CK ^ -> Q v | DFFQX2LVT | 0.195 |   1.114 |    3.107 | 
     | p1396A72144           | B v -> Y v  | MX2X1     | 0.170 |   1.284 |    3.277 | 
     | abt_status_reg_reg[0] | D v         | DFFQX2LVT | 0.000 |   1.284 |    3.277 | 
     +------------------------------------------------------------------------------+ 
Path 291: VIOLATED Hold Check with Pin abt_status_reg_reg[1]/CK 
Endpoint:   abt_status_reg_reg[1]/D (v) checked with  leading edge of 'CLK'
Beginpoint: abt_status_reg_reg[1]/Q (v) triggered by  leading edge of 'CLK'
Path Groups: {reg2reg}
Analysis View: best
Other End Arrival Time          2.858
+ Hold                          0.020
+ Phase Shift                   0.000
+ Uncertainty                   0.400
= Required Time                 3.278
  Arrival Time                  1.285
  Slack Time                   -1.992
     Clock Rise Edge                 0.000
     + Clock Network Latency (Prop)  0.919
     = Beginpoint Arrival Time       0.919
     +------------------------------------------------------------------------------+ 
     |       Instance        |     Arc     |   Cell    | Delay | Arrival | Required | 
     |                       |             |           |       |  Time   |   Time   | 
     |-----------------------+-------------+-----------+-------+---------+----------| 
     | abt_status_reg_reg[1] | CK ^        |           |       |   0.919 |    2.912 | 
     | abt_status_reg_reg[1] | CK ^ -> Q v | DFFQX2LVT | 0.197 |   1.116 |    3.108 | 
     | p1396A72104           | B v -> Y v  | MX2X1     | 0.169 |   1.285 |    3.278 | 
     | abt_status_reg_reg[1] | D v         | DFFQX2LVT | 0.000 |   1.285 |    3.278 | 
     +------------------------------------------------------------------------------+ 
Path 292: VIOLATED Hold Check with Pin abt_address_reg_reg[28]/CK 
Endpoint:   abt_address_reg_reg[28]/D (v) checked with  leading edge of 'CLK'
Beginpoint: abt_address_reg_reg[28]/Q (v) triggered by  leading edge of 'CLK'
Path Groups: {reg2reg}
Analysis View: best
Other End Arrival Time          2.859
+ Hold                          0.019
+ Phase Shift                   0.000
+ Uncertainty                   0.400
= Required Time                 3.278
  Arrival Time                  1.288
  Slack Time                   -1.990
     Clock Rise Edge                 0.000
     + Clock Network Latency (Prop)  0.921
     = Beginpoint Arrival Time       0.921
     +--------------------------------------------------------------------------------+ 
     |        Instance         |     Arc     |   Cell    | Delay | Arrival | Required | 
     |                         |             |           |       |  Time   |   Time   | 
     |-------------------------+-------------+-----------+-------+---------+----------| 
     | abt_address_reg_reg[28] | CK ^        |           |       |   0.921 |    2.911 | 
     | abt_address_reg_reg[28] | CK ^ -> Q v | DFFQX2LVT | 0.196 |   1.117 |    3.107 | 
     | p1396A132578            | B v -> Y v  | MX2X1     | 0.171 |   1.288 |    3.278 | 
     | abt_address_reg_reg[28] | D v         | DFFQX2LVT | 0.000 |   1.288 |    3.278 | 
     +--------------------------------------------------------------------------------+ 
Path 293: VIOLATED Hold Check with Pin abt_status_reg_reg[7]/CK 
Endpoint:   abt_status_reg_reg[7]/D (v) checked with  leading edge of 'CLK'
Beginpoint: abt_status_reg_reg[7]/Q (v) triggered by  leading edge of 'CLK'
Path Groups: {reg2reg}
Analysis View: best
Other End Arrival Time          2.858
+ Hold                          0.018
+ Phase Shift                   0.000
+ Uncertainty                   0.400
= Required Time                 3.276
  Arrival Time                  1.287
  Slack Time                   -1.989
     Clock Rise Edge                 0.000
     + Clock Network Latency (Prop)  0.919
     = Beginpoint Arrival Time       0.919
     +------------------------------------------------------------------------------+ 
     |       Instance        |     Arc     |   Cell    | Delay | Arrival | Required | 
     |                       |             |           |       |  Time   |   Time   | 
     |-----------------------+-------------+-----------+-------+---------+----------| 
     | abt_status_reg_reg[7] | CK ^        |           |       |   0.919 |    2.909 | 
     | abt_status_reg_reg[7] | CK ^ -> Q v | DFFQX2LVT | 0.196 |   1.115 |    3.104 | 
     | p1396A72145           | B v -> Y v  | MX2X1     | 0.172 |   1.287 |    3.276 | 
     | abt_status_reg_reg[7] | D v         | DFFQX2LVT | 0.000 |   1.287 |    3.276 | 
     +------------------------------------------------------------------------------+ 
Path 294: VIOLATED Hold Check with Pin adex_reg_reg/CK 
Endpoint:   adex_reg_reg/D (v) checked with  leading edge of 'CLK'
Beginpoint: adex_reg_reg/Q (v) triggered by  leading edge of 'CLK'
Path Groups: {reg2reg}
Analysis View: best
Other End Arrival Time          2.858
+ Hold                          0.017
+ Phase Shift                   0.000
+ Uncertainty                   0.400
= Required Time                 3.275
  Arrival Time                  1.287
  Slack Time                   -1.989
     Clock Rise Edge                 0.000
     + Clock Network Latency (Prop)  0.919
     = Beginpoint Arrival Time       0.919
     +---------------------------------------------------------------------+ 
     |   Instance   |     Arc     |   Cell    | Delay | Arrival | Required | 
     |              |             |           |       |  Time   |   Time   | 
     |--------------+-------------+-----------+-------+---------+----------| 
     | adex_reg_reg | CK ^        |           |       |   0.919 |    2.908 | 
     | adex_reg_reg | CK ^ -> Q v | DFFQXLLVT | 0.191 |   1.110 |    3.099 | 
     | p1398A72115  | B v -> Y v  | MX2X1     | 0.176 |   1.287 |    3.275 | 
     | adex_reg_reg | D v         | DFFQXLLVT | 0.000 |   1.287 |    3.275 | 
     +---------------------------------------------------------------------+ 
Path 295: VIOLATED Hold Check with Pin saved_current_instruction_reg[19]/CK 
Endpoint:   saved_current_instruction_reg[19]/D (v) checked with  leading edge 
of 'CLK'
Beginpoint: saved_current_instruction_reg[19]/Q (v) triggered by  leading edge 
of 'CLK'
Path Groups: {reg2reg}
Analysis View: best
Other End Arrival Time          2.857
+ Hold                          0.029
+ Phase Shift                   0.000
+ Uncertainty                   0.400
= Required Time                 3.286
  Arrival Time                  1.298
  Slack Time                   -1.987
     Clock Rise Edge                 0.000
     + Clock Network Latency (Prop)  0.919
     = Beginpoint Arrival Time       0.919
     +---------------------------------------------------------------------------------------+ 
     |             Instance              |     Arc     |  Cell  | Delay | Arrival | Required | 
     |                                   |             |        |       |  Time   |   Time   | 
     |-----------------------------------+-------------+--------+-------+---------+----------| 
     | saved_current_instruction_reg[19] | CK ^        |        |       |   0.919 |    2.906 | 
     | saved_current_instruction_reg[19] | CK ^ -> Q v | DFFQXL | 0.228 |   1.147 |    3.134 | 
     | p0555A70346__8780                 | B v -> Y v  | MX2X1  | 0.151 |   1.298 |    3.286 | 
     | saved_current_instruction_reg[19] | D v         | DFFQXL | 0.000 |   1.298 |    3.286 | 
     +---------------------------------------------------------------------------------------+ 
Path 296: VIOLATED Hold Check with Pin o_read_data_reg[5]/CK 
Endpoint:   o_read_data_reg[5]/D (v) checked with  leading edge of 'CLK'
Beginpoint: o_read_data_reg[5]/Q (v) triggered by  leading edge of 'CLK'
Path Groups: {reg2reg}
Analysis View: best
Other End Arrival Time          2.857
+ Hold                          0.019
+ Phase Shift                   0.000
+ Uncertainty                   0.400
= Required Time                 3.276
  Arrival Time                  1.288
  Slack Time                   -1.987
     Clock Rise Edge                 0.000
     + Clock Network Latency (Prop)  0.919
     = Beginpoint Arrival Time       0.919
     +---------------------------------------------------------------------------+ 
     |      Instance      |     Arc     |   Cell    | Delay | Arrival | Required | 
     |                    |             |           |       |  Time   |   Time   | 
     |--------------------+-------------+-----------+-------+---------+----------| 
     | o_read_data_reg[5] | CK ^        |           |       |   0.919 |    2.906 | 
     | o_read_data_reg[5] | CK ^ -> Q v | DFFQX2LVT | 0.198 |   1.116 |    3.104 | 
     | p1396A72139        | B v -> Y v  | MX2X1     | 0.172 |   1.288 |    3.276 | 
     | o_read_data_reg[5] | D v         | DFFQX2LVT | 0.000 |   1.288 |    3.276 | 
     +---------------------------------------------------------------------------+ 
Path 297: VIOLATED Hold Check with Pin abt_status_reg_reg[6]/CK 
Endpoint:   abt_status_reg_reg[6]/D (v) checked with  leading edge of 'CLK'
Beginpoint: abt_status_reg_reg[6]/Q (v) triggered by  leading edge of 'CLK'
Path Groups: {reg2reg}
Analysis View: best
Other End Arrival Time          2.858
+ Hold                          0.017
+ Phase Shift                   0.000
+ Uncertainty                   0.400
= Required Time                 3.275
  Arrival Time                  1.289
  Slack Time                   -1.986
     Clock Rise Edge                 0.000
     + Clock Network Latency (Prop)  0.919
     = Beginpoint Arrival Time       0.919
     +------------------------------------------------------------------------------+ 
     |       Instance        |     Arc     |   Cell    | Delay | Arrival | Required | 
     |                       |             |           |       |  Time   |   Time   | 
     |-----------------------+-------------+-----------+-------+---------+----------| 
     | abt_status_reg_reg[6] | CK ^        |           |       |   0.919 |    2.905 | 
     | abt_status_reg_reg[6] | CK ^ -> Q v | DFFQX2LVT | 0.196 |   1.115 |    3.102 | 
     | p1396A72103           | B v -> Y v  | MX2X1     | 0.173 |   1.289 |    3.275 | 
     | abt_status_reg_reg[6] | D v         | DFFQX2LVT | 0.000 |   1.289 |    3.275 | 
     +------------------------------------------------------------------------------+ 
Path 298: VIOLATED Hold Check with Pin abt_status_reg_reg[5]/CK 
Endpoint:   abt_status_reg_reg[5]/D (v) checked with  leading edge of 'CLK'
Beginpoint: abt_status_reg_reg[5]/Q (v) triggered by  leading edge of 'CLK'
Path Groups: {reg2reg}
Analysis View: best
Other End Arrival Time          2.858
+ Hold                          0.019
+ Phase Shift                   0.000
+ Uncertainty                   0.400
= Required Time                 3.277
  Arrival Time                  1.290
  Slack Time                   -1.986
     Clock Rise Edge                 0.000
     + Clock Network Latency (Prop)  0.919
     = Beginpoint Arrival Time       0.919
     +------------------------------------------------------------------------------+ 
     |       Instance        |     Arc     |   Cell    | Delay | Arrival | Required | 
     |                       |             |           |       |  Time   |   Time   | 
     |-----------------------+-------------+-----------+-------+---------+----------| 
     | abt_status_reg_reg[5] | CK ^        |           |       |   0.919 |    2.905 | 
     | abt_status_reg_reg[5] | CK ^ -> Q v | DFFQX2LVT | 0.199 |   1.118 |    3.104 | 
     | p1396A72120           | B v -> Y v  | MX2X1     | 0.172 |   1.290 |    3.277 | 
     | abt_status_reg_reg[5] | D v         | DFFQX2LVT | 0.000 |   1.290 |    3.277 | 
     +------------------------------------------------------------------------------+ 
Path 299: VIOLATED Hold Check with Pin abt_address_reg_reg[6]/CK 
Endpoint:   abt_address_reg_reg[6]/D (v) checked with  leading edge of 'CLK'
Beginpoint: abt_address_reg_reg[6]/Q (v) triggered by  leading edge of 'CLK'
Path Groups: {reg2reg}
Analysis View: best
Other End Arrival Time          2.858
+ Hold                          0.028
+ Phase Shift                   0.000
+ Uncertainty                   0.400
= Required Time                 3.286
  Arrival Time                  1.300
  Slack Time                   -1.986
     Clock Rise Edge                 0.000
     + Clock Network Latency (Prop)  0.919
     = Beginpoint Arrival Time       0.919
     +--------------------------------------------------------------------------------+ 
     |        Instance        |     Arc     |    Cell    | Delay | Arrival | Required | 
     |                        |             |            |       |  Time   |   Time   | 
     |------------------------+-------------+------------+-------+---------+----------| 
     | abt_address_reg_reg[6] | CK ^        |            |       |   0.919 |    2.905 | 
     | abt_address_reg_reg[6] | CK ^ -> Q v | DFFHQX1LVT | 0.204 |   1.123 |    3.109 | 
     | p1396A72143            | B v -> Y v  | MX2X1      | 0.177 |   1.300 |    3.286 | 
     | abt_address_reg_reg[6] | D v         | DFFHQX1LVT | 0.000 |   1.300 |    3.286 | 
     +--------------------------------------------------------------------------------+ 
Path 300: VIOLATED Hold Check with Pin o_imm32_reg[10]/CK 
Endpoint:   o_imm32_reg[10]/D (^) checked with  leading edge of 'CLK'
Beginpoint: o_imm32_reg[10]/Q (^) triggered by  leading edge of 'CLK'
Path Groups: {reg2reg}
Analysis View: best
Other End Arrival Time          2.859
+ Hold                         -0.035
+ Phase Shift                   0.000
+ Uncertainty                   0.400
= Required Time                 3.224
  Arrival Time                  1.239
  Slack Time                   -1.985
     Clock Rise Edge                 0.000
     + Clock Network Latency (Prop)  0.920
     = Beginpoint Arrival Time       0.920
     +------------------------------------------------------------------------------+ 
     |      Instance      |     Arc     |     Cell     | Delay | Arrival | Required | 
     |                    |             |              |       |  Time   |   Time   | 
     |--------------------+-------------+--------------+-------+---------+----------| 
     | o_imm32_reg[10]    | CK ^        |              |       |   0.920 |    2.905 | 
     | o_imm32_reg[10]    | CK ^ -> Q ^ | DFFHQX1LVT   | 0.161 |   1.081 |    3.066 | 
     | p0760A70684__9682  | A0 ^ -> Y v | AOI21XLLVT   | 0.079 |   1.160 |    3.145 | 
     | p0757A70594__92625 | B0 v -> Y v | OA21X1LVT    | 0.055 |   1.215 |    3.200 | 
     | p0705A__8780       | B0 v -> Y ^ | OAI2BB1X1LVT | 0.024 |   1.239 |    3.224 | 
     | o_imm32_reg[10]    | D ^         | DFFHQX1LVT   | 0.000 |   1.239 |    3.224 | 
     +------------------------------------------------------------------------------+ 
Path 301: VIOLATED Hold Check with Pin abt_status_reg_reg[4]/CK 
Endpoint:   abt_status_reg_reg[4]/D (v) checked with  leading edge of 'CLK'
Beginpoint: abt_status_reg_reg[4]/Q (v) triggered by  leading edge of 'CLK'
Path Groups: {reg2reg}
Analysis View: best
Other End Arrival Time          2.858
+ Hold                          0.019
+ Phase Shift                   0.000
+ Uncertainty                   0.400
= Required Time                 3.277
  Arrival Time                  1.292
  Slack Time                   -1.985
     Clock Rise Edge                 0.000
     + Clock Network Latency (Prop)  0.919
     = Beginpoint Arrival Time       0.919
     +------------------------------------------------------------------------------+ 
     |       Instance        |     Arc     |   Cell    | Delay | Arrival | Required | 
     |                       |             |           |       |  Time   |   Time   | 
     |-----------------------+-------------+-----------+-------+---------+----------| 
     | abt_status_reg_reg[4] | CK ^        |           |       |   0.919 |    2.904 | 
     | abt_status_reg_reg[4] | CK ^ -> Q v | DFFQX2LVT | 0.197 |   1.116 |    3.101 | 
     | p1396A132580          | B v -> Y v  | MX2X1     | 0.176 |   1.292 |    3.277 | 
     | abt_status_reg_reg[4] | D v         | DFFQX2LVT | 0.000 |   1.292 |    3.277 | 
     +------------------------------------------------------------------------------+ 
Path 302: VIOLATED Hold Check with Pin o_read_data_reg[6]/CK 
Endpoint:   o_read_data_reg[6]/D (v) checked with  leading edge of 'CLK'
Beginpoint: o_read_data_reg[6]/Q (v) triggered by  leading edge of 'CLK'
Path Groups: {reg2reg}
Analysis View: best
Other End Arrival Time          2.858
+ Hold                          0.019
+ Phase Shift                   0.000
+ Uncertainty                   0.400
= Required Time                 3.277
  Arrival Time                  1.292
  Slack Time                   -1.984
     Clock Rise Edge                 0.000
     + Clock Network Latency (Prop)  0.919
     = Beginpoint Arrival Time       0.919
     +---------------------------------------------------------------------------+ 
     |      Instance      |     Arc     |   Cell    | Delay | Arrival | Required | 
     |                    |             |           |       |  Time   |   Time   | 
     |--------------------+-------------+-----------+-------+---------+----------| 
     | o_read_data_reg[6] | CK ^        |           |       |   0.919 |    2.904 | 
     | o_read_data_reg[6] | CK ^ -> Q v | DFFQX2LVT | 0.200 |   1.119 |    3.103 | 
     | p1396A72110        | B v -> Y v  | MX2X1     | 0.174 |   1.292 |    3.277 | 
     | o_read_data_reg[6] | D v         | DFFQX2LVT | 0.000 |   1.292 |    3.277 | 
     +---------------------------------------------------------------------------+ 
Path 303: VIOLATED Hold Check with Pin condition_r_reg[1]/CK 
Endpoint:   condition_r_reg[1]/D            (v) checked with  leading edge of 
'CLK'
Beginpoint: pre_fetch_instruction_reg[29]/Q (v) triggered by  leading edge of 
'CLK'
Path Groups: {reg2reg}
Analysis View: best
Other End Arrival Time          2.858
+ Hold                          0.018
+ Phase Shift                   0.000
+ Uncertainty                   0.400
= Required Time                 3.276
  Arrival Time                  1.291
  Slack Time                   -1.984
     Clock Rise Edge                 0.000
     + Clock Network Latency (Prop)  0.919
     = Beginpoint Arrival Time       0.919
     +---------------------------------------------------------------------------------------+ 
     |           Instance            |     Arc     |    Cell    | Delay | Arrival | Required | 
     |                               |             |            |       |  Time   |   Time   | 
     |-------------------------------+-------------+------------+-------+---------+----------| 
     | pre_fetch_instruction_reg[29] | CK ^        |            |       |   0.919 |    2.904 | 
     | pre_fetch_instruction_reg[29] | CK ^ -> Q v | DFFQXLLVT  | 0.163 |   1.082 |    3.066 | 
     | g134657                       | A1 v -> Y v | AO22XLLVT  | 0.102 |   1.184 |    3.168 | 
     | drc_bufs76634                 | A v -> Y ^  | INVXLLVT   | 0.031 |   1.215 |    3.199 | 
     | p0835A70730__8757             | A0 ^ -> Y v | OAI21XLLVT | 0.076 |   1.291 |    3.276 | 
     | condition_r_reg[1]            | D v         | DFFHQX1LVT | 0.000 |   1.291 |    3.276 | 
     +---------------------------------------------------------------------------------------+ 
Path 304: VIOLATED Hold Check with Pin pre_fetch_instruction_reg[6]/CK 
Endpoint:   pre_fetch_instruction_reg[6]/D (v) checked with  leading edge of 
'CLK'
Beginpoint: o_read_data_reg[6]/Q           (v) triggered by  leading edge of 
'CLK'
Path Groups: {reg2reg}
Analysis View: best
Other End Arrival Time          2.859
+ Hold                          0.018
+ Phase Shift                   0.000
+ Uncertainty                   0.400
= Required Time                 3.277
  Arrival Time                  1.293
  Slack Time                   -1.984
     Clock Rise Edge                 0.000
     + Clock Network Latency (Prop)  0.919
     = Beginpoint Arrival Time       0.919
     +-------------------------------------------------------------------------------------+ 
     |           Instance           |     Arc     |   Cell    | Delay | Arrival | Required | 
     |                              |             |           |       |  Time   |   Time   | 
     |------------------------------+-------------+-----------+-------+---------+----------| 
     | o_read_data_reg[6]           | CK ^        |           |       |   0.919 |    2.903 | 
     | o_read_data_reg[6]           | CK ^ -> Q v | DFFQX2LVT | 0.200 |   1.119 |    3.103 | 
     | p0854A71164__9682            | B v -> Y v  | MX2X1     | 0.174 |   1.293 |    3.277 | 
     | pre_fetch_instruction_reg[6] | D v         | DFFQXLLVT | 0.000 |   1.293 |    3.277 | 
     +-------------------------------------------------------------------------------------+ 
Path 305: VIOLATED Hold Check with Pin o_read_data_reg[23]/CK 
Endpoint:   o_read_data_reg[23]/D (v) checked with  leading edge of 'CLK'
Beginpoint: o_read_data_reg[23]/Q (v) triggered by  leading edge of 'CLK'
Path Groups: {reg2reg}
Analysis View: best
Other End Arrival Time          2.858
+ Hold                          0.025
+ Phase Shift                   0.000
+ Uncertainty                   0.400
= Required Time                 3.283
  Arrival Time                  1.299
  Slack Time                   -1.984
     Clock Rise Edge                 0.000
     + Clock Network Latency (Prop)  0.919
     = Beginpoint Arrival Time       0.919
     +-----------------------------------------------------------------------------+ 
     |      Instance       |     Arc     |    Cell    | Delay | Arrival | Required | 
     |                     |             |            |       |  Time   |   Time   | 
     |---------------------+-------------+------------+-------+---------+----------| 
     | o_read_data_reg[23] | CK ^        |            |       |   0.919 |    2.903 | 
     | o_read_data_reg[23] | CK ^ -> Q v | DFFHQX1LVT | 0.200 |   1.120 |    3.103 | 
     | p1396A75543         | B v -> Y v  | MX2X1      | 0.180 |   1.299 |    3.283 | 
     | o_read_data_reg[23] | D v         | DFFHQX1LVT | 0.000 |   1.299 |    3.283 | 
     +-----------------------------------------------------------------------------+ 
Path 306: VIOLATED Hold Check with Pin o_imm32_reg[28]/CK 
Endpoint:   o_imm32_reg[28]/D (^) checked with  leading edge of 'CLK'
Beginpoint: o_imm32_reg[28]/Q (^) triggered by  leading edge of 'CLK'
Path Groups: {reg2reg}
Analysis View: best
Other End Arrival Time          2.856
+ Hold                         -0.041
+ Phase Shift                   0.000
+ Uncertainty                   0.400
= Required Time                 3.216
  Arrival Time                  1.233
  Slack Time                   -1.982
     Clock Rise Edge                 0.000
     + Clock Network Latency (Prop)  0.918
     = Beginpoint Arrival Time       0.918
     +--------------------------------------------------------------------------------+ 
     |      Instance       |     Arc      |     Cell     | Delay | Arrival | Required | 
     |                     |              |              |       |  Time   |   Time   | 
     |---------------------+--------------+--------------+-------+---------+----------| 
     | o_imm32_reg[28]     | CK ^         |              |       |   0.918 |    2.901 | 
     | o_imm32_reg[28]     | CK ^ -> Q ^  | DFFHQX1LVT   | 0.163 |   1.081 |    3.063 | 
     | p0732A70705__110396 | A0N ^ -> Y ^ | OAI2BB1X1LVT | 0.099 |   1.179 |    3.162 | 
     | p0701A__7344        | B0 ^ -> Y v  | AOI21XLLVT   | 0.023 |   1.202 |    3.185 | 
     | p0692A__1309        | B0 v -> Y ^  | OAI21XLLVT   | 0.031 |   1.233 |    3.216 | 
     | o_imm32_reg[28]     | D ^          | DFFHQX1LVT   | 0.000 |   1.233 |    3.216 | 
     +--------------------------------------------------------------------------------+ 
Path 307: VIOLATED Hold Check with Pin pre_fetch_instruction_reg[23]/CK 
Endpoint:   pre_fetch_instruction_reg[23]/D (v) checked with  leading edge of 
'CLK'
Beginpoint: o_read_data_reg[23]/Q           (v) triggered by  leading edge of 
'CLK'
Path Groups: {reg2reg}
Analysis View: best
Other End Arrival Time          2.857
+ Hold                          0.018
+ Phase Shift                   0.000
+ Uncertainty                   0.400
= Required Time                 3.275
  Arrival Time                  1.293
  Slack Time                   -1.982
     Clock Rise Edge                 0.000
     + Clock Network Latency (Prop)  0.919
     = Beginpoint Arrival Time       0.919
     +---------------------------------------------------------------------------------------+ 
     |           Instance            |     Arc     |    Cell    | Delay | Arrival | Required | 
     |                               |             |            |       |  Time   |   Time   | 
     |-------------------------------+-------------+------------+-------+---------+----------| 
     | o_read_data_reg[23]           | CK ^        |            |       |   0.919 |    2.902 | 
     | o_read_data_reg[23]           | CK ^ -> Q v | DFFHQX1LVT | 0.200 |   1.120 |    3.102 | 
     | p0854A71162__75545            | B v -> Y v  | MX2X1      | 0.173 |   1.293 |    3.275 | 
     | pre_fetch_instruction_reg[23] | D v         | DFFQXLLVT  | 0.000 |   1.293 |    3.275 | 
     +---------------------------------------------------------------------------------------+ 
Path 308: VIOLATED Hold Check with Pin o_reg_bank_wsel_reg[2]/CK 
Endpoint:   o_reg_bank_wsel_reg[2]/D (v) checked with  leading edge of 'CLK'
Beginpoint: o_reg_bank_wsel_reg[2]/Q (v) triggered by  leading edge of 'CLK'
Path Groups: {reg2reg}
Analysis View: best
Other End Arrival Time          2.860
+ Hold                          0.039
+ Phase Shift                   0.000
+ Uncertainty                   0.400
= Required Time                 3.300
  Arrival Time                  1.317
  Slack Time                   -1.982
     Clock Rise Edge                 0.000
     + Clock Network Latency (Prop)  0.922
     = Beginpoint Arrival Time       0.922
     +-----------------------------------------------------------------------------+ 
     |        Instance        |     Arc     |  Cell   | Delay | Arrival | Required | 
     |                        |             |         |       |  Time   |   Time   | 
     |------------------------+-------------+---------+-------+---------+----------| 
     | o_reg_bank_wsel_reg[2] | CK ^        |         |       |   0.922 |    2.904 | 
     | o_reg_bank_wsel_reg[2] | CK ^ -> Q v | DFFHQX1 | 0.247 |   1.169 |    3.151 | 
     | p0475A70187__110901    | A v -> Y v  | MX2X1   | 0.149 |   1.317 |    3.300 | 
     | o_reg_bank_wsel_reg[2] | D v         | DFFHQX1 | 0.000 |   1.317 |    3.300 | 
     +-----------------------------------------------------------------------------+ 
Path 309: VIOLATED Hold Check with Pin pre_fetch_instruction_reg[1]/CK 
Endpoint:   pre_fetch_instruction_reg[1]/D (v) checked with  leading edge of 
'CLK'
Beginpoint: o_read_data_reg[1]/Q           (v) triggered by  leading edge of 
'CLK'
Path Groups: {reg2reg}
Analysis View: best
Other End Arrival Time          2.861
+ Hold                          0.020
+ Phase Shift                   0.000
+ Uncertainty                   0.400
= Required Time                 3.281
  Arrival Time                  1.299
  Slack Time                   -1.982
     Clock Rise Edge                 0.000
     + Clock Network Latency (Prop)  0.920
     = Beginpoint Arrival Time       0.920
     +-------------------------------------------------------------------------------------+ 
     |           Instance           |     Arc     |   Cell    | Delay | Arrival | Required | 
     |                              |             |           |       |  Time   |   Time   | 
     |------------------------------+-------------+-----------+-------+---------+----------| 
     | o_read_data_reg[1]           | CK ^        |           |       |   0.920 |    2.902 | 
     | o_read_data_reg[1]           | CK ^ -> Q v | DFFQX2LVT | 0.205 |   1.125 |    3.107 | 
     | p0854A71147__8780            | B v -> Y v  | MX2X1     | 0.174 |   1.299 |    3.281 | 
     | pre_fetch_instruction_reg[1] | D v         | DFFQXLLVT | 0.000 |   1.299 |    3.281 | 
     +-------------------------------------------------------------------------------------+ 
Path 310: VIOLATED Hold Check with Pin o_imm32_reg[27]/CK 
Endpoint:   o_imm32_reg[27]/D (^) checked with  leading edge of 'CLK'
Beginpoint: o_imm32_reg[27]/Q (^) triggered by  leading edge of 'CLK'
Path Groups: {reg2reg}
Analysis View: best
Other End Arrival Time          2.856
+ Hold                         -0.036
+ Phase Shift                   0.000
+ Uncertainty                   0.400
= Required Time                 3.220
  Arrival Time                  1.239
  Slack Time                   -1.981
     Clock Rise Edge                 0.000
     + Clock Network Latency (Prop)  0.918
     = Beginpoint Arrival Time       0.918
     +-----------------------------------------------------------------------------+ 
     |     Instance      |     Arc     |     Cell     | Delay | Arrival | Required | 
     |                   |             |              |       |  Time   |   Time   | 
     |-------------------+-------------+--------------+-------+---------+----------| 
     | o_imm32_reg[27]   | CK ^        |              |       |   0.918 |    2.900 | 
     | o_imm32_reg[27]   | CK ^ -> Q ^ | DFFHQX1LVT   | 0.159 |   1.078 |    3.059 | 
     | p0699A70708__5795 | A0 ^ -> Y v | AOI21XLLVT   | 0.076 |   1.153 |    3.135 | 
     | p0649A70508__5019 | B0 v -> Y v | OA21X1LVT    | 0.059 |   1.212 |    3.194 | 
     | p0580A70381__8780 | B0 v -> Y ^ | OAI2BB1X1LVT | 0.026 |   1.239 |    3.220 | 
     | o_imm32_reg[27]   | D ^         | DFFHQX1LVT   | 0.000 |   1.239 |    3.220 | 
     +-----------------------------------------------------------------------------+ 
Path 311: VIOLATED Hold Check with Pin o_imm32_reg[19]/CK 
Endpoint:   o_imm32_reg[19]/D (v) checked with  leading edge of 'CLK'
Beginpoint: o_imm32_reg[19]/Q (v) triggered by  leading edge of 'CLK'
Path Groups: {reg2reg}
Analysis View: best
Other End Arrival Time          2.861
+ Hold                          0.029
+ Phase Shift                   0.000
+ Uncertainty                   0.400
= Required Time                 3.290
  Arrival Time                  1.310
  Slack Time                   -1.980
     Clock Rise Edge                 0.000
     + Clock Network Latency (Prop)  0.922
     = Beginpoint Arrival Time       0.922
     +-------------------------------------------------------------------------+ 
     |    Instance     |     Arc     |    Cell    | Delay | Arrival | Required | 
     |                 |             |            |       |  Time   |   Time   | 
     |-----------------+-------------+------------+-------+---------+----------| 
     | o_imm32_reg[19] | CK ^        |            |       |   0.922 |    2.902 | 
     | o_imm32_reg[19] | CK ^ -> Q v | DFFHQX1LVT | 0.189 |   1.111 |    3.091 | 
     | p0526A__1474    | A0 v -> Y ^ | AOI21XLLVT | 0.074 |   1.185 |    3.165 | 
     | p0545A__2703    | B0 ^ -> Y ^ | OA21X1LVT  | 0.097 |   1.282 |    3.262 | 
     | Fp0581A         | A ^ -> Y v  | INVXLLVT   | 0.028 |   1.310 |    3.290 | 
     | o_imm32_reg[19] | D v         | DFFHQX1LVT | 0.000 |   1.310 |    3.290 | 
     +-------------------------------------------------------------------------+ 
Path 312: VIOLATED Hold Check with Pin o_imm32_reg[16]/CK 
Endpoint:   o_imm32_reg[16]/D (v) checked with  leading edge of 'CLK'
Beginpoint: o_imm32_reg[16]/Q (v) triggered by  leading edge of 'CLK'
Path Groups: {reg2reg}
Analysis View: best
Other End Arrival Time          2.861
+ Hold                          0.022
+ Phase Shift                   0.000
+ Uncertainty                   0.400
= Required Time                 3.283
  Arrival Time                  1.305
  Slack Time                   -1.977
     Clock Rise Edge                 0.000
     + Clock Network Latency (Prop)  0.922
     = Beginpoint Arrival Time       0.922
     +---------------------------------------------------------------------------+ 
     |     Instance      |     Arc     |    Cell    | Delay | Arrival | Required | 
     |                   |             |            |       |  Time   |   Time   | 
     |-------------------+-------------+------------+-------+---------+----------| 
     | o_imm32_reg[16]   | CK ^        |            |       |   0.922 |    2.899 | 
     | o_imm32_reg[16]   | CK ^ -> Q v | DFFHQX1    | 0.244 |   1.166 |    3.143 | 
     | p0770A70722__7114 | A0 v -> Y ^ | AOI21XLLVT | 0.059 |   1.225 |    3.203 | 
     | p0607A70360__1309 | B0 ^ -> Y v | OAI21XLLVT | 0.080 |   1.305 |    3.283 | 
     | o_imm32_reg[16]   | D v         | DFFHQX1    | 0.000 |   1.305 |    3.283 | 
     +---------------------------------------------------------------------------+ 
Path 313: VIOLATED Hold Check with Pin o_copro_crn_reg[3]/CK 
Endpoint:   o_copro_crn_reg[3]/D  (v) checked with  leading edge of 'CLK'
Beginpoint: o_read_data_reg[19]/Q (v) triggered by  leading edge of 'CLK'
Path Groups: {reg2reg}
Analysis View: best
Other End Arrival Time          2.859
+ Hold                         -0.037
+ Phase Shift                   0.000
+ Uncertainty                   0.400
= Required Time                 3.221
  Arrival Time                  1.246
  Slack Time                   -1.975
     Clock Rise Edge                 0.000
     + Clock Network Latency (Prop)  0.919
     = Beginpoint Arrival Time       0.919
     +--------------------------------------------------------------------------------+ 
     |      Instance       |     Arc      |     Cell     | Delay | Arrival | Required | 
     |                     |              |              |       |  Time   |   Time   | 
     |---------------------+--------------+--------------+-------+---------+----------| 
     | o_read_data_reg[19] | CK ^         |              |       |   0.919 |    2.895 | 
     | o_read_data_reg[19] | CK ^ -> Q v  | DFFHQX1LVT   | 0.194 |   1.113 |    3.089 | 
     | p0130A165462        | A0N v -> Y v | OAI2BB1X4LVT | 0.133 |   1.246 |    3.221 | 
     | o_copro_crn_reg[3]  | D v          | EDFFHQX1LVT  | 0.000 |   1.246 |    3.221 | 
     +--------------------------------------------------------------------------------+ 
Path 314: VIOLATED Hold Check with Pin o_alu_function_reg[7]/CK 
Endpoint:   o_alu_function_reg[7]/D (v) checked with  leading edge of 'CLK'
Beginpoint: o_alu_function_reg[7]/Q (v) triggered by  leading edge of 'CLK'
Path Groups: {reg2reg}
Analysis View: best
Other End Arrival Time          2.859
+ Hold                          0.017
+ Phase Shift                   0.000
+ Uncertainty                   0.400
= Required Time                 3.276
  Arrival Time                  1.305
  Slack Time                   -1.971
     Clock Rise Edge                 0.000
     + Clock Network Latency (Prop)  0.921
     = Beginpoint Arrival Time       0.921
     +-------------------------------------------------------------------------------+ 
     |       Instance        |     Arc     |    Cell    | Delay | Arrival | Required | 
     |                       |             |            |       |  Time   |   Time   | 
     |-----------------------+-------------+------------+-------+---------+----------| 
     | o_alu_function_reg[7] | CK ^        |            |       |   0.921 |    2.892 | 
     | o_alu_function_reg[7] | CK ^ -> Q v | DFFHQX1LVT | 0.192 |   1.113 |    3.084 | 
     | p0793A__5019          | A0 v -> Y ^ | AOI21XLLVT | 0.098 |   1.211 |    3.182 | 
     | p0735A70507__5795     | B0 ^ -> Y v | OAI21XLLVT | 0.094 |   1.305 |    3.276 | 
     | o_alu_function_reg[7] | D v         | DFFHQX1LVT | 0.000 |   1.305 |    3.276 | 
     +-------------------------------------------------------------------------------+ 
Path 315: VIOLATED Hold Check with Pin condition_r_reg[2]/CK 
Endpoint:   condition_r_reg[2]/D  (v) checked with  leading edge of 'CLK'
Beginpoint: o_read_data_reg[30]/Q (v) triggered by  leading edge of 'CLK'
Path Groups: {reg2reg}
Analysis View: best
Other End Arrival Time          2.858
+ Hold                          0.017
+ Phase Shift                   0.000
+ Uncertainty                   0.400
= Required Time                 3.275
  Arrival Time                  1.304
  Slack Time                   -1.971
     Clock Rise Edge                 0.000
     + Clock Network Latency (Prop)  0.919
     = Beginpoint Arrival Time       0.919
     +-----------------------------------------------------------------------------+ 
     |      Instance       |     Arc     |    Cell    | Delay | Arrival | Required | 
     |                     |             |            |       |  Time   |   Time   | 
     |---------------------+-------------+------------+-------+---------+----------| 
     | o_read_data_reg[30] | CK ^        |            |       |   0.919 |    2.890 | 
     | o_read_data_reg[30] | CK ^ -> Q v | DFFHQX1LVT | 0.166 |   1.085 |    3.056 | 
     | g134659             | B0 v -> Y v | AO22XLLVT  | 0.101 |   1.186 |    3.157 | 
     | drc_bufs76646       | A v -> Y ^  | INVXLLVT   | 0.039 |   1.225 |    3.196 | 
     | p0835A70731__7118   | A0 ^ -> Y v | OAI21XLLVT | 0.079 |   1.304 |    3.275 | 
     | condition_r_reg[2]  | D v         | DFFHQX1LVT | 0.000 |   1.304 |    3.275 | 
     +-----------------------------------------------------------------------------+ 
Path 316: VIOLATED Hold Check with Pin o_data_access_exec_reg/CK 
Endpoint:   o_data_access_exec_reg/D (v) checked with  leading edge of 'CLK'
Beginpoint: o_data_access_exec_reg/Q (v) triggered by  leading edge of 'CLK'
Path Groups: {reg2reg}
Analysis View: best
Other End Arrival Time          2.861
+ Hold                          0.014
+ Phase Shift                   0.000
+ Uncertainty                   0.400
= Required Time                 3.275
  Arrival Time                  1.305
  Slack Time                   -1.970
     Clock Rise Edge                 0.000
     + Clock Network Latency (Prop)  0.922
     = Beginpoint Arrival Time       0.922
     +-----------------------------------------------------------------------------------+ 
     |        Instance        |     Arc      |     Cell     | Delay | Arrival | Required | 
     |                        |              |              |       |  Time   |   Time   | 
     |------------------------+--------------+--------------+-------+---------+----------| 
     | o_data_access_exec_reg | CK ^         |              |       |   0.922 |    2.892 | 
     | o_data_access_exec_reg | CK ^ -> Q v  | DFFQX2LVT    | 0.197 |   1.119 |    3.089 | 
     | p1282A87773            | A0N v -> Y v | OAI2BB1X1LVT | 0.073 |   1.192 |    3.162 | 
     | p1048A                 | B0 v -> Y ^  | AOI21XLLVT   | 0.044 |   1.236 |    3.206 | 
     | p0770A__2250           | B0 ^ -> Y v  | OAI21XLLVT   | 0.069 |   1.305 |    3.275 | 
     | o_data_access_exec_reg | D v          | DFFQX2LVT    | 0.000 |   1.305 |    3.275 | 
     +-----------------------------------------------------------------------------------+ 
Path 317: VIOLATED Hold Check with Pin o_imm32_reg[23]/CK 
Endpoint:   o_imm32_reg[23]/D (^) checked with  leading edge of 'CLK'
Beginpoint: o_imm32_reg[23]/Q (^) triggered by  leading edge of 'CLK'
Path Groups: {reg2reg}
Analysis View: best
Other End Arrival Time          2.856
+ Hold                         -0.038
+ Phase Shift                   0.000
+ Uncertainty                   0.400
= Required Time                 3.218
  Arrival Time                  1.250
  Slack Time                   -1.968
     Clock Rise Edge                 0.000
     + Clock Network Latency (Prop)  0.918
     = Beginpoint Arrival Time       0.918
     +---------------------------------------------------------------------------+ 
     |     Instance      |     Arc     |    Cell    | Delay | Arrival | Required | 
     |                   |             |            |       |  Time   |   Time   | 
     |-------------------+-------------+------------+-------+---------+----------| 
     | o_imm32_reg[23]   | CK ^        |            |       |   0.918 |    2.886 | 
     | o_imm32_reg[23]   | CK ^ -> Q ^ | DFFHQX1LVT | 0.167 |   1.085 |    3.053 | 
     | p0750A70724__3772 | A0 ^ -> Y v | AOI21XLLVT | 0.089 |   1.174 |    3.142 | 
     | p0680A__7118      | AN v -> Y v | NOR2BX1LVT | 0.050 |   1.224 |    3.192 | 
     | p0673A70447__2391 | B0 v -> Y ^ | OAI21XLLVT | 0.026 |   1.250 |    3.218 | 
     | o_imm32_reg[23]   | D ^         | DFFHQX1LVT | 0.000 |   1.250 |    3.218 | 
     +---------------------------------------------------------------------------+ 
Path 318: VIOLATED Hold Check with Pin o_imm32_reg[20]/CK 
Endpoint:   o_imm32_reg[20]/D (v) checked with  leading edge of 'CLK'
Beginpoint: o_imm32_reg[20]/Q (v) triggered by  leading edge of 'CLK'
Path Groups: {reg2reg}
Analysis View: best
Other End Arrival Time          2.856
+ Hold                          0.025
+ Phase Shift                   0.000
+ Uncertainty                   0.400
= Required Time                 3.281
  Arrival Time                  1.317
  Slack Time                   -1.964
     Clock Rise Edge                 0.000
     + Clock Network Latency (Prop)  0.918
     = Beginpoint Arrival Time       0.918
     +-----------------------------------------------------------------------------+ 
     |     Instance      |     Arc     |     Cell     | Delay | Arrival | Required | 
     |                   |             |              |       |  Time   |   Time   | 
     |-------------------+-------------+--------------+-------+---------+----------| 
     | o_imm32_reg[20]   | CK ^        |              |       |   0.918 |    2.882 | 
     | o_imm32_reg[20]   | CK ^ -> Q v | DFFHQX1LVT   | 0.184 |   1.103 |    3.067 | 
     | p0755A70723__1474 | A0 v -> Y ^ | AOI21XLLVT   | 0.082 |   1.185 |    3.149 | 
     | p0678A__6083      | A ^ -> Y ^  | AND2XLLVT    | 0.088 |   1.273 |    3.237 | 
     | p0617A__7344      | B0 ^ -> Y v | OAI2BB1X1LVT | 0.044 |   1.317 |    3.281 | 
     | o_imm32_reg[20]   | D v         | DFFHQX1LVT   | 0.000 |   1.317 |    3.281 | 
     +-----------------------------------------------------------------------------+ 
Path 319: VIOLATED Hold Check with Pin o_read_data_reg[1]/CK 
Endpoint:   o_read_data_reg[1]/D (v) checked with  leading edge of 'CLK'
Beginpoint: o_read_data_reg[1]/Q (v) triggered by  leading edge of 'CLK'
Path Groups: {reg2reg}
Analysis View: best
Other End Arrival Time          2.858
+ Hold                          0.015
+ Phase Shift                   0.000
+ Uncertainty                   0.400
= Required Time                 3.273
  Arrival Time                  1.311
  Slack Time                   -1.962
     Clock Rise Edge                 0.000
     + Clock Network Latency (Prop)  0.920
     = Beginpoint Arrival Time       0.920
     +---------------------------------------------------------------------------+ 
     |      Instance      |     Arc     |   Cell    | Delay | Arrival | Required | 
     |                    |             |           |       |  Time   |   Time   | 
     |--------------------+-------------+-----------+-------+---------+----------| 
     | o_read_data_reg[1] | CK ^        |           |       |   0.920 |    2.882 | 
     | o_read_data_reg[1] | CK ^ -> Q v | DFFQX2LVT | 0.205 |   1.125 |    3.087 | 
     | p1396A132600       | B v -> Y v  | MX2X1     | 0.186 |   1.311 |    3.273 | 
     | o_read_data_reg[1] | D v         | DFFQX2LVT | 0.000 |   1.311 |    3.273 | 
     +---------------------------------------------------------------------------+ 
Path 320: VIOLATED Hold Check with Pin o_imm32_reg[15]/CK 
Endpoint:   o_imm32_reg[15]/D (^) checked with  leading edge of 'CLK'
Beginpoint: o_imm32_reg[15]/Q (^) triggered by  leading edge of 'CLK'
Path Groups: {reg2reg}
Analysis View: best
Other End Arrival Time          2.856
+ Hold                         -0.038
+ Phase Shift                   0.000
+ Uncertainty                   0.400
= Required Time                 3.218
  Arrival Time                  1.256
  Slack Time                   -1.962
     Clock Rise Edge                 0.000
     + Clock Network Latency (Prop)  0.918
     = Beginpoint Arrival Time       0.918
     +---------------------------------------------------------------------------+ 
     |     Instance      |     Arc     |    Cell    | Delay | Arrival | Required | 
     |                   |             |            |       |  Time   |   Time   | 
     |-------------------+-------------+------------+-------+---------+----------| 
     | o_imm32_reg[15]   | CK ^        |            |       |   0.918 |    2.880 | 
     | o_imm32_reg[15]   | CK ^ -> Q ^ | DFFHQX1LVT | 0.170 |   1.088 |    3.051 | 
     | p0743A__4547      | A0 ^ -> Y v | AOI21XLLVT | 0.090 |   1.178 |    3.140 | 
     | p0662A70506__5795 | B0 v -> Y v | OA21X1LVT  | 0.055 |   1.234 |    3.196 | 
     | p0673A70448__4547 | B0 v -> Y ^ | OAI21XLLVT | 0.022 |   1.256 |    3.218 | 
     | o_imm32_reg[15]   | D ^         | DFFHQX1LVT | 0.000 |   1.256 |    3.218 | 
     +---------------------------------------------------------------------------+ 
Path 321: VIOLATED Hold Check with Pin o_imm32_reg[14]/CK 
Endpoint:   o_imm32_reg[14]/D (^) checked with  leading edge of 'CLK'
Beginpoint: o_imm32_reg[14]/Q (^) triggered by  leading edge of 'CLK'
Path Groups: {reg2reg}
Analysis View: best
Other End Arrival Time          2.856
+ Hold                         -0.038
+ Phase Shift                   0.000
+ Uncertainty                   0.400
= Required Time                 3.218
  Arrival Time                  1.257
  Slack Time                   -1.961
     Clock Rise Edge                 0.000
     + Clock Network Latency (Prop)  0.918
     = Beginpoint Arrival Time       0.918
     +---------------------------------------------------------------------------+ 
     |     Instance      |     Arc     |    Cell    | Delay | Arrival | Required | 
     |                   |             |            |       |  Time   |   Time   | 
     |-------------------+-------------+------------+-------+---------+----------| 
     | o_imm32_reg[14]   | CK ^        |            |       |   0.918 |    2.879 | 
     | o_imm32_reg[14]   | CK ^ -> Q ^ | DFFHQX1LVT | 0.170 |   1.088 |    3.049 | 
     | p0753A__2250      | A0 ^ -> Y v | AOI21XLLVT | 0.087 |   1.175 |    3.136 | 
     | p0758A70681__7675 | B0 v -> Y v | OA21X1LVT  | 0.058 |   1.233 |    3.194 | 
     | p0670A__5953      | B0 v -> Y ^ | OAI21XLLVT | 0.024 |   1.257 |    3.218 | 
     | o_imm32_reg[14]   | D ^         | DFFHQX1LVT | 0.000 |   1.257 |    3.218 | 
     +---------------------------------------------------------------------------+ 
Path 322: VIOLATED Hold Check with Pin o_imm32_reg[30]/CK 
Endpoint:   o_imm32_reg[30]/D (v) checked with  leading edge of 'CLK'
Beginpoint: o_imm32_reg[30]/Q (v) triggered by  leading edge of 'CLK'
Path Groups: {reg2reg}
Analysis View: best
Other End Arrival Time          2.856
+ Hold                          0.024
+ Phase Shift                   0.000
+ Uncertainty                   0.400
= Required Time                 3.280
  Arrival Time                  1.320
  Slack Time                   -1.961
     Clock Rise Edge                 0.000
     + Clock Network Latency (Prop)  0.918
     = Beginpoint Arrival Time       0.918
     +---------------------------------------------------------------------------+ 
     |    Instance     |     Arc     |     Cell     | Delay | Arrival | Required | 
     |                 |             |              |       |  Time   |   Time   | 
     |-----------------+-------------+--------------+-------+---------+----------| 
     | o_imm32_reg[30] | CK ^        |              |       |   0.918 |    2.879 | 
     | o_imm32_reg[30] | CK ^ -> Q v | DFFHQX1LVT   | 0.190 |   1.108 |    3.068 | 
     | p0794A__5266    | A0 v -> Y ^ | AOI21XLLVT   | 0.086 |   1.194 |    3.155 | 
     | p0782A__2391    | AN ^ -> Y ^ | NOR2BX1LVT   | 0.075 |   1.269 |    3.230 | 
     | p0649A__8780    | B0 ^ -> Y v | OAI2BB1X1LVT | 0.051 |   1.320 |    3.280 | 
     | o_imm32_reg[30] | D v         | DFFHQX1LVT   | 0.000 |   1.320 |    3.280 | 
     +---------------------------------------------------------------------------+ 
Path 323: VIOLATED Hold Check with Pin o_imm32_reg[5]/CK 
Endpoint:   o_imm32_reg[5]/D (^) checked with  leading edge of 'CLK'
Beginpoint: o_imm32_reg[5]/Q (^) triggered by  leading edge of 'CLK'
Path Groups: {reg2reg}
Analysis View: best
Other End Arrival Time          2.856
+ Hold                         -0.038
+ Phase Shift                   0.000
+ Uncertainty                   0.400
= Required Time                 3.218
  Arrival Time                  1.264
  Slack Time                   -1.954
     Clock Rise Edge                 0.000
     + Clock Network Latency (Prop)  0.918
     = Beginpoint Arrival Time       0.918
     +------------------------------------------------------------------------+ 
     |    Instance    |     Arc     |    Cell    | Delay | Arrival | Required | 
     |                |             |            |       |  Time   |   Time   | 
     |----------------+-------------+------------+-------+---------+----------| 
     | o_imm32_reg[5] | CK ^        |            |       |   0.918 |    2.872 | 
     | o_imm32_reg[5] | CK ^ -> Q ^ | DFFHQX1LVT | 0.169 |   1.087 |    3.041 | 
     | p0589A__4296   | A0 ^ -> Y v | AOI21XLLVT | 0.093 |   1.180 |    3.134 | 
     | p0583A__7675   | B0 v -> Y v | OA21X1LVT  | 0.062 |   1.241 |    3.196 | 
     | p0461A__5953   | B0 v -> Y ^ | OAI21XLLVT | 0.023 |   1.264 |    3.218 | 
     | o_imm32_reg[5] | D ^         | DFFHQX1LVT | 0.000 |   1.264 |    3.218 | 
     +------------------------------------------------------------------------+ 
Path 324: VIOLATED Hold Check with Pin o_barrel_shift_data_sel_reg[0]/CK 
Endpoint:   o_barrel_shift_data_sel_reg[0]/D (^) checked with  leading edge of 
'CLK'
Beginpoint: o_barrel_shift_data_sel_reg[0]/Q (^) triggered by  leading edge of 
'CLK'
Path Groups: {reg2reg}
Analysis View: best
Other End Arrival Time          2.861
+ Hold                         -0.039
+ Phase Shift                   0.000
+ Uncertainty                   0.400
= Required Time                 3.221
  Arrival Time                  1.270
  Slack Time                   -1.951
     Clock Rise Edge                 0.000
     + Clock Network Latency (Prop)  0.922
     = Beginpoint Arrival Time       0.922
     +----------------------------------------------------------------------------------------+ 
     |            Instance            |     Arc     |    Cell    | Delay | Arrival | Required | 
     |                                |             |            |       |  Time   |   Time   | 
     |--------------------------------+-------------+------------+-------+---------+----------| 
     | o_barrel_shift_data_sel_reg[0] | CK ^        |            |       |   0.922 |    2.873 | 
     | o_barrel_shift_data_sel_reg[0] | CK ^ -> Q ^ | DFFHQX1LVT | 0.167 |   1.089 |    3.040 | 
     | p1280A                         | A0 ^ -> Y v | AOI21XLLVT | 0.087 |   1.176 |    3.127 | 
     | p1290A87775                    | A v -> Y ^  | NAND2XLLVT | 0.033 |   1.209 |    3.160 | 
     | p0998A71826                    | B0 ^ -> Y v | AOI21XLLVT | 0.028 |   1.238 |    3.189 | 
     | p0906A__2250                   | B0 v -> Y ^ | OAI21XLLVT | 0.033 |   1.270 |    3.221 | 
     | o_barrel_shift_data_sel_reg[0] | D ^         | DFFHQX1LVT | 0.000 |   1.270 |    3.221 | 
     +----------------------------------------------------------------------------------------+ 
Path 325: VIOLATED Hold Check with Pin o_imm32_reg[22]/CK 
Endpoint:   o_imm32_reg[22]/D (^) checked with  leading edge of 'CLK'
Beginpoint: o_imm32_reg[22]/Q (^) triggered by  leading edge of 'CLK'
Path Groups: {reg2reg}
Analysis View: best
Other End Arrival Time          2.856
+ Hold                         -0.035
+ Phase Shift                   0.000
+ Uncertainty                   0.400
= Required Time                 3.222
  Arrival Time                  1.271
  Slack Time                   -1.950
     Clock Rise Edge                 0.000
     + Clock Network Latency (Prop)  0.918
     = Beginpoint Arrival Time       0.918
     +---------------------------------------------------------------------------+ 
     |    Instance     |     Arc     |     Cell     | Delay | Arrival | Required | 
     |                 |             |              |       |  Time   |   Time   | 
     |-----------------+-------------+--------------+-------+---------+----------| 
     | o_imm32_reg[22] | CK ^        |              |       |   0.918 |    2.868 | 
     | o_imm32_reg[22] | CK ^ -> Q ^ | DFFHQX1LVT   | 0.175 |   1.093 |    3.043 | 
     | p0766A__2900    | A0 ^ -> Y v | AOI21XLLVT   | 0.092 |   1.185 |    3.135 | 
     | p0780A__7118    | B0 v -> Y v | OA21X1LVT    | 0.061 |   1.246 |    3.197 | 
     | p0648A__2683    | B0 v -> Y ^ | OAI2BB1X1LVT | 0.025 |   1.271 |    3.222 | 
     | o_imm32_reg[22] | D ^         | DFFHQX1LVT   | 0.000 |   1.271 |    3.222 | 
     +---------------------------------------------------------------------------+ 
Path 326: VIOLATED Hold Check with Pin o_imm32_reg[7]/CK 
Endpoint:   o_imm32_reg[7]/D (^) checked with  leading edge of 'CLK'
Beginpoint: o_imm32_reg[7]/Q (^) triggered by  leading edge of 'CLK'
Path Groups: {reg2reg}
Analysis View: best
Other End Arrival Time          2.859
+ Hold                         -0.043
+ Phase Shift                   0.000
+ Uncertainty                   0.400
= Required Time                 3.216
  Arrival Time                  1.266
  Slack Time                   -1.950
     Clock Rise Edge                 0.000
     + Clock Network Latency (Prop)  0.920
     = Beginpoint Arrival Time       0.920
     +---------------------------------------------------------------------------+ 
     |     Instance      |     Arc     |    Cell    | Delay | Arrival | Required | 
     |                   |             |            |       |  Time   |   Time   | 
     |-------------------+-------------+------------+-------+---------+----------| 
     | o_imm32_reg[7]    | CK ^        |            |       |   0.920 |    2.870 | 
     | o_imm32_reg[7]    | CK ^ -> Q ^ | DFFHQX1LVT | 0.166 |   1.086 |    3.036 | 
     | p0790A70786__1309 | A0 ^ -> Y v | AOI21XLLVT | 0.087 |   1.173 |    3.123 | 
     | p0713A__6083      | B0 v -> Y v | OA21X1LVT  | 0.061 |   1.233 |    3.184 | 
     | p0673A70446__2250 | B0 v -> Y ^ | OAI21XLLVT | 0.033 |   1.266 |    3.216 | 
     | o_imm32_reg[7]    | D ^         | DFFHQX1LVT | 0.000 |   1.266 |    3.216 | 
     +---------------------------------------------------------------------------+ 
Path 327: VIOLATED Hold Check with Pin o_imm32_reg[0]/CK 
Endpoint:   o_imm32_reg[0]/D (^) checked with  leading edge of 'CLK'
Beginpoint: o_imm32_reg[0]/Q (^) triggered by  leading edge of 'CLK'
Path Groups: {reg2reg}
Analysis View: best
Other End Arrival Time          2.856
+ Hold                         -0.041
+ Phase Shift                   0.000
+ Uncertainty                   0.400
= Required Time                 3.216
  Arrival Time                  1.269
  Slack Time                   -1.947
     Clock Rise Edge                 0.000
     + Clock Network Latency (Prop)  0.918
     = Beginpoint Arrival Time       0.918
     +------------------------------------------------------------------------+ 
     |    Instance    |     Arc     |    Cell    | Delay | Arrival | Required | 
     |                |             |            |       |  Time   |   Time   | 
     |----------------+-------------+------------+-------+---------+----------| 
     | o_imm32_reg[0] | CK ^        |            |       |   0.918 |    2.865 | 
     | o_imm32_reg[0] | CK ^ -> Q ^ | DFFHQX1LVT | 0.177 |   1.095 |    3.042 | 
     | p0674A__9906   | A0 ^ -> Y v | AOI21XLLVT | 0.097 |   1.192 |    3.139 | 
     | p0686A__9682   | AN v -> Y v | NOR2BX1LVT | 0.049 |   1.241 |    3.188 | 
     | p0646A__1840   | B0 v -> Y ^ | OAI21XLLVT | 0.028 |   1.269 |    3.216 | 
     | o_imm32_reg[0] | D ^         | DFFHQX1LVT | 0.000 |   1.269 |    3.216 | 
     +------------------------------------------------------------------------+ 
Path 328: VIOLATED Hold Check with Pin o_copro_opcode1_reg[0]/CK 
Endpoint:   o_copro_opcode1_reg[0]/D (v) checked with  leading edge of 'CLK'
Beginpoint: o_read_data_reg[21]/Q    (v) triggered by  leading edge of 'CLK'
Path Groups: {reg2reg}
Analysis View: best
Other End Arrival Time          2.859
+ Hold                         -0.056
+ Phase Shift                   0.000
+ Uncertainty                   0.400
= Required Time                 3.203
  Arrival Time                  1.260
  Slack Time                   -1.943
     Clock Rise Edge                 0.000
     + Clock Network Latency (Prop)  0.919
     = Beginpoint Arrival Time       0.919
     +---------------------------------------------------------------------------------+ 
     |        Instance        |     Arc     |    Cell     | Delay | Arrival | Required | 
     |                        |             |             |       |  Time   |   Time   | 
     |------------------------+-------------+-------------+-------+---------+----------| 
     | o_read_data_reg[21]    | CK ^        |             |       |   0.919 |    2.862 | 
     | o_read_data_reg[21]    | CK ^ -> Q v | DFFQX2LVT   | 0.182 |   1.100 |    3.043 | 
     | p0040A                 | B v -> Y ^  | NAND2X6LVT  | 0.034 |   1.135 |    3.078 | 
     | FE_RC_25_0             | A ^ -> Y v  | INVXLLVT    | 0.028 |   1.163 |    3.106 | 
     | FE_RC_24_0             | AN v -> Y v | NAND2BX1LVT | 0.097 |   1.260 |    3.203 | 
     | o_copro_opcode1_reg[0] | D v         | EDFFHQX1    | 0.000 |   1.260 |    3.203 | 
     +---------------------------------------------------------------------------------+ 
Path 329: VIOLATED Hold Check with Pin o_imm32_reg[31]/CK 
Endpoint:   o_imm32_reg[31]/D (^) checked with  leading edge of 'CLK'
Beginpoint: o_imm32_reg[31]/Q (^) triggered by  leading edge of 'CLK'
Path Groups: {reg2reg}
Analysis View: best
Other End Arrival Time          2.856
+ Hold                         -0.044
+ Phase Shift                   0.000
+ Uncertainty                   0.400
= Required Time                 3.212
  Arrival Time                  1.270
  Slack Time                   -1.942
     Clock Rise Edge                 0.000
     + Clock Network Latency (Prop)  0.918
     = Beginpoint Arrival Time       0.918
     +------------------------------------------------------------------------------+ 
     |     Instance      |     Arc      |     Cell     | Delay | Arrival | Required | 
     |                   |              |              |       |  Time   |   Time   | 
     |-------------------+--------------+--------------+-------+---------+----------| 
     | o_imm32_reg[31]   | CK ^         |              |       |   0.918 |    2.860 | 
     | o_imm32_reg[31]   | CK ^ -> Q ^  | DFFHQX1LVT   | 0.171 |   1.089 |    3.031 | 
     | p0741A70703__5019 | A0N ^ -> Y ^ | OAI2BB1X1LVT | 0.109 |   1.197 |    3.139 | 
     | p0679A70501__7675 | A ^ -> Y v   | NOR2XLLVT    | 0.035 |   1.232 |    3.174 | 
     | p0673A__1309      | B0 v -> Y ^  | OAI21XLLVT   | 0.038 |   1.270 |    3.212 | 
     | o_imm32_reg[31]   | D ^          | DFFHQX1LVT   | 0.000 |   1.270 |    3.212 | 
     +------------------------------------------------------------------------------+ 
Path 330: VIOLATED Hold Check with Pin o_imm32_reg[26]/CK 
Endpoint:   o_imm32_reg[26]/D (^) checked with  leading edge of 'CLK'
Beginpoint: o_imm32_reg[26]/Q (^) triggered by  leading edge of 'CLK'
Path Groups: {reg2reg}
Analysis View: best
Other End Arrival Time          2.856
+ Hold                         -0.043
+ Phase Shift                   0.000
+ Uncertainty                   0.400
= Required Time                 3.213
  Arrival Time                  1.274
  Slack Time                   -1.939
     Clock Rise Edge                 0.000
     + Clock Network Latency (Prop)  0.918
     = Beginpoint Arrival Time       0.918
     +---------------------------------------------------------------------------+ 
     |     Instance      |     Arc     |    Cell    | Delay | Arrival | Required | 
     |                   |             |            |       |  Time   |   Time   | 
     |-------------------+-------------+------------+-------+---------+----------| 
     | o_imm32_reg[26]   | CK ^        |            |       |   0.918 |    2.857 | 
     | o_imm32_reg[26]   | CK ^ -> Q ^ | DFFHQX1LVT | 0.172 |   1.090 |    3.029 | 
     | p0690A70709__7344 | A0 ^ -> Y v | AOI21XLLVT | 0.096 |   1.187 |    3.126 | 
     | p0641A__1840      | B0 v -> Y v | OA21X1LVT  | 0.058 |   1.244 |    3.184 | 
     | p0646A70384__2250 | B0 v -> Y ^ | OAI21XLLVT | 0.029 |   1.274 |    3.213 | 
     | o_imm32_reg[26]   | D ^         | DFFHQX1LVT | 0.000 |   1.274 |    3.213 | 
     +---------------------------------------------------------------------------+ 
Path 331: VIOLATED Hold Check with Pin address_sel_r_reg[2]/CK 
Endpoint:   address_sel_r_reg[2]/D (^) checked with  leading edge of 'CLK'
Beginpoint: address_sel_r_reg[2]/Q (^) triggered by  leading edge of 'CLK'
Path Groups: {reg2reg}
Analysis View: best
Other End Arrival Time          2.859
+ Hold                         -0.036
+ Phase Shift                   0.000
+ Uncertainty                   0.400
= Required Time                 3.223
  Arrival Time                  1.285
  Slack Time                   -1.938
     Clock Rise Edge                 0.000
     + Clock Network Latency (Prop)  0.921
     = Beginpoint Arrival Time       0.921
     +--------------------------------------------------------------------------------+ 
     |       Instance       |     Arc     |     Cell     | Delay | Arrival | Required | 
     |                      |             |              |       |  Time   |   Time   | 
     |----------------------+-------------+--------------+-------+---------+----------| 
     | address_sel_r_reg[2] | CK ^        |              |       |   0.921 |    2.859 | 
     | address_sel_r_reg[2] | CK ^ -> Q ^ | DFFHQX1LVT   | 0.164 |   1.085 |    3.023 | 
     | p0983A71842          | A0 ^ -> Y v | AOI21X1LVT   | 0.099 |   1.184 |    3.122 | 
     | p0758A__5703         | B0 v -> Y ^ | OAI2BB1X1LVT | 0.044 |   1.228 |    3.166 | 
     | p0711A__9906         | B0 ^ -> Y v | AOI21XLLVT   | 0.029 |   1.257 |    3.195 | 
     | p0712A__3772         | B v -> Y ^  | NAND2XLLVT   | 0.028 |   1.285 |    3.223 | 
     | address_sel_r_reg[2] | D ^         | DFFHQX1LVT   | 0.000 |   1.285 |    3.223 | 
     +--------------------------------------------------------------------------------+ 
Path 332: VIOLATED Hold Check with Pin o_copro_crn_reg[2]/CK 
Endpoint:   o_copro_crn_reg[2]/D  (v) checked with  leading edge of 'CLK'
Beginpoint: o_read_data_reg[18]/Q (v) triggered by  leading edge of 'CLK'
Path Groups: {reg2reg}
Analysis View: best
Other End Arrival Time          2.859
+ Hold                         -0.021
+ Phase Shift                   0.000
+ Uncertainty                   0.400
= Required Time                 3.238
  Arrival Time                  1.304
  Slack Time                   -1.934
     Clock Rise Edge                 0.000
     + Clock Network Latency (Prop)  0.919
     = Beginpoint Arrival Time       0.919
     +------------------------------------------------------------------------------+ 
     |      Instance       |     Arc     |    Cell     | Delay | Arrival | Required | 
     |                     |             |             |       |  Time   |   Time   | 
     |---------------------+-------------+-------------+-------+---------+----------| 
     | o_read_data_reg[18] | CK ^        |             |       |   0.919 |    2.854 | 
     | o_read_data_reg[18] | CK ^ -> Q v | DFFHQX1LVT  | 0.185 |   1.104 |    3.039 | 
     | p0131A134475        | A0 v -> Y ^ | AOI21X1LVT  | 0.081 |   1.186 |    3.120 | 
     | FE_OFC824_n_67102   | A ^ -> Y ^  | BUFX3LVT    | 0.076 |   1.261 |    3.196 | 
     | fopt134080          | A ^ -> Y v  | INVX4LVT    | 0.042 |   1.304 |    3.238 | 
     | o_copro_crn_reg[2]  | D v         | EDFFHQX1LVT | 0.000 |   1.304 |    3.238 | 
     +------------------------------------------------------------------------------+ 
Path 333: VIOLATED Hold Check with Pin pre_fetch_instruction_reg[4]/CK 
Endpoint:   pre_fetch_instruction_reg[4]/D (v) checked with  leading edge of 
'CLK'
Beginpoint: o_read_data_reg[4]/Q           (v) triggered by  leading edge of 
'CLK'
Path Groups: {reg2reg}
Analysis View: best
Other End Arrival Time          2.861
+ Hold                          0.017
+ Phase Shift                   0.000
+ Uncertainty                   0.400
= Required Time                 3.277
  Arrival Time                  1.362
  Slack Time                   -1.915
     Clock Rise Edge                 0.000
     + Clock Network Latency (Prop)  0.920
     = Beginpoint Arrival Time       0.920
     +-------------------------------------------------------------------------------------------+ 
     |              Instance              |     Arc     |   Cell    | Delay | Arrival | Required | 
     |                                    |             |           |       |  Time   |   Time   | 
     |------------------------------------+-------------+-----------+-------+---------+----------| 
     | o_read_data_reg[4]                 | CK ^        |           |       |   0.920 |    2.835 | 
     | o_read_data_reg[4]                 | CK ^ -> Q v | DFFQX2LVT | 0.196 |   1.115 |    3.031 | 
     | FE_OFC1024_FE_OFN561_o_read_data_4 | A v -> Y v  | BUFX2LVT  | 0.089 |   1.204 |    3.119 | 
     | p0854A71148__9906                  | B v -> Y v  | MX2X1     | 0.158 |   1.362 |    3.277 | 
     | pre_fetch_instruction_reg[4]       | D v         | DFFQXLLVT | 0.000 |   1.362 |    3.277 | 
     +-------------------------------------------------------------------------------------------+ 
Path 334: VIOLATED Hold Check with Pin abt_address_reg_reg[7]/CK 
Endpoint:   abt_address_reg_reg[7]/D (v) checked with  leading edge of 'CLK'
Beginpoint: abt_address_reg_reg[7]/Q (v) triggered by  leading edge of 'CLK'
Path Groups: {reg2reg}
Analysis View: best
Other End Arrival Time          2.858
+ Hold                          0.038
+ Phase Shift                   0.000
+ Uncertainty                   0.400
= Required Time                 3.296
  Arrival Time                  1.382
  Slack Time                   -1.914
     Clock Rise Edge                 0.000
     + Clock Network Latency (Prop)  0.919
     = Beginpoint Arrival Time       0.919
     +---------------------------------------------------------------------------------------------+ 
     |               Instance                |     Arc     |   Cell   | Delay | Arrival | Required | 
     |                                       |             |          |       |  Time   |   Time   | 
     |---------------------------------------+-------------+----------+-------+---------+----------| 
     | abt_address_reg_reg[7]                | CK ^        |          |       |   0.919 |    2.833 | 
     | abt_address_reg_reg[7]                | CK ^ -> Q v | DFFHQX1  | 0.234 |   1.154 |    3.068 | 
     | FE_OFC1290_FE_OFN641_o_dabt_address_7 | A v -> Y v  | BUFX2LVT | 0.077 |   1.231 |    3.144 | 
     | g134631                               | A v -> Y v  | MX2X1    | 0.151 |   1.382 |    3.296 | 
     | abt_address_reg_reg[7]                | D v         | DFFHQX1  | 0.000 |   1.382 |    3.296 | 
     +---------------------------------------------------------------------------------------------+ 
Path 335: VIOLATED Hold Check with Pin o_alu_function_reg[0]/CK 
Endpoint:   o_alu_function_reg[0]/D (^) checked with  leading edge of 'CLK'
Beginpoint: o_alu_function_reg[0]/Q (^) triggered by  leading edge of 'CLK'
Path Groups: {reg2reg}
Analysis View: best
Other End Arrival Time          2.859
+ Hold                         -0.038
+ Phase Shift                   0.000
+ Uncertainty                   0.400
= Required Time                 3.221
  Arrival Time                  1.312
  Slack Time                   -1.909
     Clock Rise Edge                 0.000
     + Clock Network Latency (Prop)  0.920
     = Beginpoint Arrival Time       0.920
     +--------------------------------------------------------------------------------+ 
     |       Instance        |     Arc     |    Cell     | Delay | Arrival | Required | 
     |                       |             |             |       |  Time   |   Time   | 
     |-----------------------+-------------+-------------+-------+---------+----------| 
     | o_alu_function_reg[0] | CK ^        |             |       |   0.920 |    2.830 | 
     | o_alu_function_reg[0] | CK ^ -> Q ^ | DFFHQX1LVT  | 0.174 |   1.094 |    3.003 | 
     | p0748A__2900          | A0 ^ -> Y v | AOI21XLLVT  | 0.090 |   1.184 |    3.093 | 
     | p0762A__1474          | B v -> Y v  | AND2XLLVT   | 0.049 |   1.233 |    3.142 | 
     | p0673A70484__88437    | B0 v -> Y ^ | OAI21XLLVT  | 0.028 |   1.261 |    3.170 | 
     | p0673A70445__6877     | AN ^ -> Y ^ | NAND2BXLLVT | 0.051 |   1.312 |    3.221 | 
     | o_alu_function_reg[0] | D ^         | DFFHQX1LVT  | 0.000 |   1.312 |    3.221 | 
     +--------------------------------------------------------------------------------+ 
Path 336: VIOLATED Hold Check with Pin o_user_mode_regs_load_reg/CK 
Endpoint:   o_user_mode_regs_load_reg/D (v) checked with  leading edge of 'CLK'
Beginpoint: mtrans_r15_reg/Q            (^) triggered by  leading edge of 'CLK'
Path Groups: {reg2reg}
Analysis View: best
Other End Arrival Time          2.857
+ Hold                         -0.036
+ Phase Shift                   0.000
+ Uncertainty                   0.400
= Required Time                 3.222
  Arrival Time                  1.317
  Slack Time                   -1.904
     Clock Rise Edge                 0.000
     + Clock Network Latency (Prop)  0.922
     = Beginpoint Arrival Time       0.922
     +------------------------------------------------------------------------------------+ 
     |         Instance          |     Arc     |    Cell     | Delay | Arrival | Required | 
     |                           |             |             |       |  Time   |   Time   | 
     |---------------------------+-------------+-------------+-------+---------+----------| 
     | mtrans_r15_reg            | CK ^        |             |       |   0.922 |    2.826 | 
     | mtrans_r15_reg            | CK ^ -> Q ^ | DFFQXLLVT   | 0.159 |   1.081 |    2.985 | 
     | p0594A__5795              | A1 ^ -> Y v | OAI21X1     | 0.117 |   1.198 |    3.102 | 
     | g134535                   | B v -> Y v  | AND2X1LVT   | 0.119 |   1.317 |    3.222 | 
     | o_user_mode_regs_load_reg | D v         | EDFFHQX1LVT | 0.000 |   1.317 |    3.222 | 
     +------------------------------------------------------------------------------------+ 
Path 337: VIOLATED Hold Check with Pin saved_current_instruction_reg[15]/CK 
Endpoint:   saved_current_instruction_reg[15]/D (v) checked with  leading edge 
of 'CLK'
Beginpoint: o_read_data_reg[15]/Q               (v) triggered by  leading edge 
of 'CLK'
Path Groups: {reg2reg}
Analysis View: best
Other End Arrival Time          2.856
+ Hold                          0.014
+ Phase Shift                   0.000
+ Uncertainty                   0.400
= Required Time                 3.270
  Arrival Time                  1.370
  Slack Time                   -1.900
     Clock Rise Edge                 0.000
     + Clock Network Latency (Prop)  0.919
     = Beginpoint Arrival Time       0.919
     +---------------------------------------------------------------------------------------------+ 
     |             Instance              |     Arc     |     Cell     | Delay | Arrival | Required | 
     |                                   |             |              |       |  Time   |   Time   | 
     |-----------------------------------+-------------+--------------+-------+---------+----------| 
     | o_read_data_reg[15]               | CK ^        |              |       |   0.919 |    2.819 | 
     | o_read_data_reg[15]               | CK ^ -> Q v | DFFQX2LVT    | 0.196 |   1.115 |    3.015 | 
     | g134609                           | B v -> Y ^  | NAND2BX2LVT  | 0.057 |   1.172 |    3.071 | 
     | p0006A75149                       | A ^ -> Y v  | NAND2X2LVT   | 0.077 |   1.249 |    3.149 | 
     | p0244A                            | B0 v -> Y ^ | OAI2BB1XLLVT | 0.070 |   1.319 |    3.219 | 
     | p0437A__8757                      | B0 ^ -> Y v | OAI2BB1X1LVT | 0.051 |   1.370 |    3.270 | 
     | saved_current_instruction_reg[15] | D v         | DFFQXLLVT    | 0.000 |   1.370 |    3.270 | 
     +---------------------------------------------------------------------------------------------+ 
Path 338: VIOLATED Hold Check with Pin o_copro_opcode1_reg[2]/CK 
Endpoint:   o_copro_opcode1_reg[2]/D (v) checked with  leading edge of 'CLK'
Beginpoint: o_read_data_reg[23]/Q    (v) triggered by  leading edge of 'CLK'
Path Groups: {reg2reg}
Analysis View: best
Other End Arrival Time          2.859
+ Hold                         -0.026
+ Phase Shift                   0.000
+ Uncertainty                   0.400
= Required Time                 3.233
  Arrival Time                  1.338
  Slack Time                   -1.895
     Clock Rise Edge                 0.000
     + Clock Network Latency (Prop)  0.919
     = Beginpoint Arrival Time       0.919
     +---------------------------------------------------------------------------------+ 
     |        Instance        |     Arc     |    Cell     | Delay | Arrival | Required | 
     |                        |             |             |       |  Time   |   Time   | 
     |------------------------+-------------+-------------+-------+---------+----------| 
     | o_read_data_reg[23]    | CK ^        |             |       |   0.919 |    2.814 | 
     | o_read_data_reg[23]    | CK ^ -> Q v | DFFHQX1LVT  | 0.200 |   1.120 |    3.014 | 
     | p0024A74650            | A v -> Y ^  | NAND2X2LVT  | 0.065 |   1.184 |    3.079 | 
     | n0009D75225            | A ^ -> Y v  | NAND2X8LVT  | 0.061 |   1.246 |    3.140 | 
     | FE_OCPC964_n_6331      | A v -> Y v  | BUFX2LVT    | 0.092 |   1.338 |    3.233 | 
     | o_copro_opcode1_reg[2] | D v         | EDFFHQX1LVT | 0.000 |   1.338 |    3.233 | 
     +---------------------------------------------------------------------------------+ 
Path 339: VIOLATED Hold Check with Pin o_imm32_reg[3]/CK 
Endpoint:   o_imm32_reg[3]/D (^) checked with  leading edge of 'CLK'
Beginpoint: o_imm32_reg[3]/Q (^) triggered by  leading edge of 'CLK'
Path Groups: {reg2reg}
Analysis View: best
Other End Arrival Time          2.856
+ Hold                         -0.039
+ Phase Shift                   0.000
+ Uncertainty                   0.400
= Required Time                 3.217
  Arrival Time                  1.324
  Slack Time                   -1.893
     Clock Rise Edge                 0.000
     + Clock Network Latency (Prop)  0.918
     = Beginpoint Arrival Time       0.918
     +---------------------------------------------------------------------------+ 
     |     Instance      |     Arc     |    Cell    | Delay | Arrival | Required | 
     |                   |             |            |       |  Time   |   Time   | 
     |-------------------+-------------+------------+-------+---------+----------| 
     | o_imm32_reg[3]    | CK ^        |            |       |   0.918 |    2.811 | 
     | o_imm32_reg[3]    | CK ^ -> Q ^ | DFFQX2LVT  | 0.165 |   1.083 |    2.976 | 
     | p1244A            | A ^ -> Y v  | NAND2XLLVT | 0.059 |   1.142 |    3.035 | 
     | p0610A70478__9906 | B0 v -> Y ^ | OAI21XLLVT | 0.035 |   1.177 |    3.071 | 
     | p0610A70465__1786 | B0 ^ -> Y v | AOI21X1LVT | 0.047 |   1.225 |    3.118 | 
     | p0609A70438__6083 | B0 v -> Y v | OA21X1LVT  | 0.072 |   1.297 |    3.190 | 
     | p0555A__2391      | B0 v -> Y ^ | OAI21XLLVT | 0.027 |   1.324 |    3.217 | 
     | o_imm32_reg[3]    | D ^         | DFFQX2LVT  | 0.000 |   1.324 |    3.217 | 
     +---------------------------------------------------------------------------+ 
Path 340: VIOLATED Hold Check with Pin o_imm32_reg[11]/CK 
Endpoint:   o_imm32_reg[11]/D (^) checked with  leading edge of 'CLK'
Beginpoint: o_imm32_reg[11]/Q (^) triggered by  leading edge of 'CLK'
Path Groups: {reg2reg}
Analysis View: best
Other End Arrival Time          2.856
+ Hold                         -0.037
+ Phase Shift                   0.000
+ Uncertainty                   0.400
= Required Time                 3.219
  Arrival Time                  1.327
  Slack Time                   -1.892
     Clock Rise Edge                 0.000
     + Clock Network Latency (Prop)  0.918
     = Beginpoint Arrival Time       0.918
     +----------------------------------------------------------------------------+ 
     |      Instance      |     Arc     |    Cell    | Delay | Arrival | Required | 
     |                    |             |            |       |  Time   |   Time   | 
     |--------------------+-------------+------------+-------+---------+----------| 
     | o_imm32_reg[11]    | CK ^        |            |       |   0.918 |    2.810 | 
     | o_imm32_reg[11]    | CK ^ -> Q ^ | DFFHQX1LVT | 0.174 |   1.092 |    2.984 | 
     | p0687A__1840       | A0 ^ -> Y v | AOI21XLLVT | 0.088 |   1.180 |    3.072 | 
     | p0702A70642__84545 | B0 v -> Y v | OA21X1LVT  | 0.063 |   1.243 |    3.135 | 
     | p0742A__6877       | B0 v -> Y ^ | OAI21XLLVT | 0.028 |   1.271 |    3.163 | 
     | p0741A__4296       | B0 ^ -> Y ^ | AO21XLLVT  | 0.056 |   1.327 |    3.219 | 
     | o_imm32_reg[11]    | D ^         | DFFHQX1LVT | 0.000 |   1.327 |    3.219 | 
     +----------------------------------------------------------------------------+ 
Path 341: VIOLATED Hold Check with Pin o_copro_crn_reg[1]/CK 
Endpoint:   o_copro_crn_reg[1]/D                (^) checked with  leading edge 
of 'CLK'
Beginpoint: saved_current_instruction_reg[17]/Q (^) triggered by  leading edge 
of 'CLK'
Path Groups: {reg2reg}
Analysis View: best
Other End Arrival Time          2.859
+ Hold                         -0.094
+ Phase Shift                   0.000
+ Uncertainty                   0.400
= Required Time                 3.164
  Arrival Time                  1.276
  Slack Time                   -1.888
     Clock Rise Edge                 0.000
     + Clock Network Latency (Prop)  0.919
     = Beginpoint Arrival Time       0.919
     +--------------------------------------------------------------------------------------------+ 
     |             Instance              |     Arc     |    Cell     | Delay | Arrival | Required | 
     |                                   |             |             |       |  Time   |   Time   | 
     |-----------------------------------+-------------+-------------+-------+---------+----------| 
     | saved_current_instruction_reg[17] | CK ^        |             |       |   0.919 |    2.807 | 
     | saved_current_instruction_reg[17] | CK ^ -> Q ^ | DFFQXLLVT   | 0.136 |   1.055 |    2.943 | 
     | p0013A136100                      | AN ^ -> Y ^ | NOR2BX1LVT  | 0.060 |   1.115 |    3.003 | 
     | p0003A134260                      | B ^ -> Y v  | NOR2X1LVT   | 0.026 |   1.141 |    3.029 | 
     | g161974                           | B v -> Y ^  | NAND2X1LVT  | 0.035 |   1.176 |    3.064 | 
     | FE_OFC857_n_95194                 | A ^ -> Y ^  | BUFX2LVT    | 0.100 |   1.276 |    3.164 | 
     | o_copro_crn_reg[1]                | D ^         | EDFFHQX1LVT | 0.000 |   1.276 |    3.164 | 
     +--------------------------------------------------------------------------------------------+ 
Path 342: VIOLATED Hold Check with Pin o_copro_crn_reg[0]/CK 
Endpoint:   o_copro_crn_reg[0]/D                (^) checked with  leading edge 
of 'CLK'
Beginpoint: saved_current_instruction_reg[16]/Q (^) triggered by  leading edge 
of 'CLK'
Path Groups: {reg2reg}
Analysis View: best
Other End Arrival Time          2.859
+ Hold                         -0.093
+ Phase Shift                   0.000
+ Uncertainty                   0.400
= Required Time                 3.166
  Arrival Time                  1.283
  Slack Time                   -1.883
     Clock Rise Edge                 0.000
     + Clock Network Latency (Prop)  0.919
     = Beginpoint Arrival Time       0.919
     +---------------------------------------------------------------------------------------------+ 
     |             Instance              |     Arc     |     Cell     | Delay | Arrival | Required | 
     |                                   |             |              |       |  Time   |   Time   | 
     |-----------------------------------+-------------+--------------+-------+---------+----------| 
     | saved_current_instruction_reg[16] | CK ^        |              |       |   0.919 |    2.802 | 
     | saved_current_instruction_reg[16] | CK ^ -> Q ^ | DFFQXLLVT    | 0.135 |   1.054 |    2.937 | 
     | p0000D136109                      | AN ^ -> Y ^ | NOR2BX1LVT   | 0.060 |   1.114 |    2.997 | 
     | p0000D134227                      | B ^ -> Y v  | NOR2X1LVT    | 0.030 |   1.144 |    3.027 | 
     | p0134A165468                      | B0 v -> Y ^ | OAI2BB1X2LVT | 0.039 |   1.183 |    3.066 | 
     | FE_OFC831_n_98784                 | A ^ -> Y ^  | BUFX2LVT     | 0.099 |   1.282 |    3.166 | 
     | o_copro_crn_reg[0]                | D ^         | EDFFHQX1LVT  | 0.000 |   1.283 |    3.166 | 
     +---------------------------------------------------------------------------------------------+ 
Path 343: VIOLATED Hold Check with Pin saved_current_instruction_reg[3]/CK 
Endpoint:   saved_current_instruction_reg[3]/D (v) checked with  leading edge 
of 'CLK'
Beginpoint: o_read_data_reg[3]/Q               (v) triggered by  leading edge 
of 'CLK'
Path Groups: {reg2reg}
Analysis View: best
Other End Arrival Time          2.856
+ Hold                          0.018
+ Phase Shift                   0.000
+ Uncertainty                   0.400
= Required Time                 3.275
  Arrival Time                  1.397
  Slack Time                   -1.878
     Clock Rise Edge                 0.000
     + Clock Network Latency (Prop)  0.919
     = Beginpoint Arrival Time       0.919
     +------------------------------------------------------------------------------------------+ 
     |             Instance             |     Arc     |    Cell    | Delay | Arrival | Required | 
     |                                  |             |            |       |  Time   |   Time   | 
     |----------------------------------+-------------+------------+-------+---------+----------| 
     | o_read_data_reg[3]               | CK ^        |            |       |   0.919 |    2.797 | 
     | o_read_data_reg[3]               | CK ^ -> Q v | DFFQX4LVT  | 0.190 |   1.109 |    2.987 | 
     | p1598A109134                     | A v -> Y ^  | NAND2X1LVT | 0.052 |   1.161 |    3.039 | 
     | p0037A73615                      | A ^ -> Y v  | NOR2X4LVT  | 0.038 |   1.199 |    3.077 | 
     | p0019D_dup143736                 | A v -> Y v  | OR2X1LVT   | 0.092 |   1.291 |    3.169 | 
     | p0473A__2391                     | A0 v -> Y v | AO22XLLVT  | 0.106 |   1.397 |    3.275 | 
     | saved_current_instruction_reg[3] | D v         | DFFQXLLVT  | 0.000 |   1.397 |    3.275 | 
     +------------------------------------------------------------------------------------------+ 
Path 344: VIOLATED Hold Check with Pin o_rds_sel_reg[0]/CK 
Endpoint:   o_rds_sel_reg[0]/D                  (v) checked with  leading edge 
of 'CLK'
Beginpoint: saved_current_instruction_reg[12]/Q (v) triggered by  leading edge 
of 'CLK'
Path Groups: {reg2reg}
Analysis View: best
Other End Arrival Time          2.860
+ Hold                         -0.009
+ Phase Shift                   0.000
+ Uncertainty                   0.400
= Required Time                 3.251
  Arrival Time                  1.382
  Slack Time                   -1.869
     Clock Rise Edge                 0.000
     + Clock Network Latency (Prop)  0.918
     = Beginpoint Arrival Time       0.918
     +----------------------------------------------------------------------------------------------+ 
     |             Instance              |     Arc      |     Cell     | Delay | Arrival | Required | 
     |                                   |              |              |       |  Time   |   Time   | 
     |-----------------------------------+--------------+--------------+-------+---------+----------| 
     | saved_current_instruction_reg[12] | CK ^         |              |       |   0.918 |    2.787 | 
     | saved_current_instruction_reg[12] | CK ^ -> Q v  | DFFQXLLVT    | 0.152 |   1.070 |    2.939 | 
     | p0015A161016                      | A0N v -> Y v | OAI2BB1X4LVT | 0.100 |   1.170 |    3.039 | 
     | p0000D139215                      | AN v -> Y v  | NOR2BX4LVT   | 0.105 |   1.275 |    3.144 | 
     | p0000D37                          | B v -> Y ^   | NAND2X4LVT   | 0.022 |   1.296 |    3.165 | 
     | n0003D74696                       | A ^ -> Y ^   | CLKAND2X6LVT | 0.064 |   1.361 |    3.230 | 
     | Fn0023D                           | A ^ -> Y v   | CLKINVX12LVT | 0.021 |   1.382 |    3.251 | 
     | o_rds_sel_reg[0]                  | D v          | EDFFHQX1LVT  | 0.000 |   1.382 |    3.251 | 
     +----------------------------------------------------------------------------------------------+ 
Path 345: VIOLATED Hold Check with Pin saved_current_instruction_reg[2]/CK 
Endpoint:   saved_current_instruction_reg[2]/D (v) checked with  leading edge 
of 'CLK'
Beginpoint: saved_current_instruction_reg[0]/Q (v) triggered by  leading edge 
of 'CLK'
Path Groups: {reg2reg}
Analysis View: best
Other End Arrival Time          2.856
+ Hold                          0.020
+ Phase Shift                   0.000
+ Uncertainty                   0.400
= Required Time                 3.276
  Arrival Time                  1.419
  Slack Time                   -1.857
     Clock Rise Edge                 0.000
     + Clock Network Latency (Prop)  0.921
     = Beginpoint Arrival Time       0.921
     +---------------------------------------------------------------------------------------------+ 
     |             Instance             |     Arc      |     Cell     | Delay | Arrival | Required | 
     |                                  |              |              |       |  Time   |   Time   | 
     |----------------------------------+--------------+--------------+-------+---------+----------| 
     | saved_current_instruction_reg[0] | CK ^         |              |       |   0.921 |    2.778 | 
     | saved_current_instruction_reg[0] | CK ^ -> Q v  | DFFQXLLVT    | 0.166 |   1.087 |    2.944 | 
     | FE_RC_252_0                      | B v -> Y ^   | NAND2BX4LVT  | 0.034 |   1.121 |    2.978 | 
     | n0007D134081                     | B ^ -> Y v   | NAND2X4LVT   | 0.042 |   1.163 |    3.020 | 
     | FE_DBTC25_n_66685                | A v -> Y ^   | INVX6LVT     | 0.031 |   1.195 |    3.052 | 
     | p0002D75240                      | A ^ -> Y v   | NAND2X4LVT   | 0.053 |   1.248 |    3.105 | 
     | p0442A__5703                     | A0N v -> Y v | OAI2BB1X1LVT | 0.076 |   1.324 |    3.181 | 
     | p0498A70203__3772                | A1 v -> Y v  | AO22XLLVT    | 0.095 |   1.419 |    3.276 | 
     | saved_current_instruction_reg[2] | D v          | DFFQXLLVT    | 0.000 |   1.419 |    3.276 | 
     +---------------------------------------------------------------------------------------------+ 
Path 346: VIOLATED Hold Check with Pin firq_reg/CK 
Endpoint:   firq_reg/D (v) checked with  leading edge of 'CLK'
Beginpoint: firq_reg/Q (v) triggered by  leading edge of 'CLK'
Path Groups: {reg2reg}
Analysis View: best
Other End Arrival Time          2.858
+ Hold                          0.018
+ Phase Shift                   0.000
+ Uncertainty                   0.400
= Required Time                 3.276
  Arrival Time                  1.424
  Slack Time                   -1.852
     Clock Rise Edge                 0.000
     + Clock Network Latency (Prop)  0.919
     = Beginpoint Arrival Time       0.919
     +-------------------------------------------------------------------------+ 
     |     Instance     |     Arc     |   Cell    | Delay | Arrival | Required | 
     |                  |             |           |       |  Time   |   Time   | 
     |------------------+-------------+-----------+-------+---------+----------| 
     | firq_reg         | CK ^        |           |       |   0.919 |    2.771 | 
     | firq_reg         | CK ^ -> Q v | DFFQXLLVT | 0.152 |   1.071 |    2.923 | 
     | FE_PHC67816_firq | A v -> Y v  | DLY1X4    | 0.213 |   1.284 |    3.136 | 
     | p1398A132518     | B v -> Y v  | MX2X1     | 0.140 |   1.424 |    3.276 | 
     | firq_reg         | D v         | DFFQXLLVT | 0.000 |   1.424 |    3.276 | 
     +-------------------------------------------------------------------------+ 
Path 347: VIOLATED Hold Check with Pin o_copro_opcode2_reg[1]/CK 
Endpoint:   o_copro_opcode2_reg[1]/D (v) checked with  leading edge of 'CLK'
Beginpoint: o_read_data_reg[6]/Q     (v) triggered by  leading edge of 'CLK'
Path Groups: {reg2reg}
Analysis View: best
Other End Arrival Time          2.859
+ Hold                         -0.026
+ Phase Shift                   0.000
+ Uncertainty                   0.400
= Required Time                 3.233
  Arrival Time                  1.386
  Slack Time                   -1.847
     Clock Rise Edge                 0.000
     + Clock Network Latency (Prop)  0.919
     = Beginpoint Arrival Time       0.919
     +---------------------------------------------------------------------------------+ 
     |        Instance        |     Arc     |    Cell     | Delay | Arrival | Required | 
     |                        |             |             |       |  Time   |   Time   | 
     |------------------------+-------------+-------------+-------+---------+----------| 
     | o_read_data_reg[6]     | CK ^        |             |       |   0.919 |    2.766 | 
     | o_read_data_reg[6]     | CK ^ -> Q v | DFFQX2LVT   | 0.200 |   1.119 |    2.965 | 
     | FE_RC_115_0_dup        | A1 v -> Y ^ | AOI21X4LVT  | 0.080 |   1.199 |    3.045 | 
     | FE_OCPC973_n_72404     | A ^ -> Y ^  | BUFX2LVT    | 0.115 |   1.313 |    3.160 | 
     | FE_DBTC1_n_72404       | A ^ -> Y v  | INVX2LVT    | 0.072 |   1.386 |    3.233 | 
     | o_copro_opcode2_reg[1] | D v         | EDFFHQX1LVT | 0.000 |   1.386 |    3.233 | 
     +---------------------------------------------------------------------------------+ 
Path 348: VIOLATED Hold Check with Pin control_state_reg[1]/CK 
Endpoint:   control_state_reg[1]/D       (^) checked with  leading edge of 'CLK'
Beginpoint: o_multiply_function_reg[1]/Q (v) triggered by  leading edge of 'CLK'
Path Groups: {reg2reg}
Analysis View: best
Other End Arrival Time          2.860
+ Hold                         -0.051
+ Phase Shift                   0.000
+ Uncertainty                   0.400
= Required Time                 3.209
  Arrival Time                  1.363
  Slack Time                   -1.846
     Clock Rise Edge                 0.000
     + Clock Network Latency (Prop)  0.922
     = Beginpoint Arrival Time       0.922
     +------------------------------------------------------------------------------------+ 
     |          Instance          |     Arc     |    Cell    | Delay | Arrival | Required | 
     |                            |             |            |       |  Time   |   Time   | 
     |----------------------------+-------------+------------+-------+---------+----------| 
     | o_multiply_function_reg[1] | CK ^        |            |       |   0.922 |    2.768 | 
     | o_multiply_function_reg[1] | CK ^ -> Q v | DFFHQX1LVT | 0.180 |   1.102 |    2.948 | 
     | p1072A                     | A0 v -> Y ^ | OAI21X1LVT | 0.086 |   1.188 |    3.034 | 
     | p0277A__2683               | B ^ -> Y ^  | OR3XLLVT   | 0.067 |   1.255 |    3.101 | 
     | p0281A__2391               | B0 ^ -> Y v | AOI21XLLVT | 0.028 |   1.283 |    3.129 | 
     | p0293A__3772               | A1 v -> Y ^ | OAI21XLLVT | 0.080 |   1.363 |    3.209 | 
     | control_state_reg[1]       | D ^         | DFFRX1LVT  | 0.000 |   1.363 |    3.209 | 
     +------------------------------------------------------------------------------------+ 
Path 349: VIOLATED Hold Check with Pin saved_current_instruction_reg[10]/CK 
Endpoint:   saved_current_instruction_reg[10]/D (^) checked with  leading edge 
of 'CLK'
Beginpoint: o_read_data_reg[10]/Q               (^) triggered by  leading edge 
of 'CLK'
Path Groups: {reg2reg}
Analysis View: best
Other End Arrival Time          2.856
+ Hold                         -0.045
+ Phase Shift                   0.000
+ Uncertainty                   0.400
= Required Time                 3.212
  Arrival Time                  1.366
  Slack Time                   -1.846
     Clock Rise Edge                 0.000
     + Clock Network Latency (Prop)  0.919
     = Beginpoint Arrival Time       0.919
     +---------------------------------------------------------------------------------------------+ 
     |             Instance              |     Arc     |     Cell     | Delay | Arrival | Required | 
     |                                   |             |              |       |  Time   |   Time   | 
     |-----------------------------------+-------------+--------------+-------+---------+----------| 
     | o_read_data_reg[10]               | CK ^        |              |       |   0.919 |    2.765 | 
     | o_read_data_reg[10]               | CK ^ -> Q ^ | DFFQX2LVT    | 0.182 |   1.102 |    2.947 | 
     | p0037A                            | A0 ^ -> Y v | AOI21X4LVT   | 0.092 |   1.194 |    3.039 | 
     | g161186                           | B0 v -> Y ^ | OAI2BB1X4LVT | 0.036 |   1.230 |    3.076 | 
     | Fp0006A98129                      | A ^ -> Y v  | INVX1LVT     | 0.057 |   1.287 |    3.133 | 
     | p0294A87044                       | A0 v -> Y ^ | OAI21XLLVT   | 0.079 |   1.366 |    3.212 | 
     | saved_current_instruction_reg[10] | D ^         | DFFQXLLVT    | 0.000 |   1.366 |    3.212 | 
     +---------------------------------------------------------------------------------------------+ 
Path 350: VIOLATED Hold Check with Pin pre_fetch_instruction_reg[8]/CK 
Endpoint:   pre_fetch_instruction_reg[8]/D (v) checked with  leading edge of 
'CLK'
Beginpoint: pre_fetch_instruction_reg[8]/Q (v) triggered by  leading edge of 
'CLK'
Path Groups: {reg2reg}
Analysis View: best
Other End Arrival Time          2.861
+ Hold                          0.020
+ Phase Shift                   0.000
+ Uncertainty                   0.400
= Required Time                 3.281
  Arrival Time                  1.438
  Slack Time                   -1.843
     Clock Rise Edge                 0.000
     + Clock Network Latency (Prop)  0.923
     = Beginpoint Arrival Time       0.923
     +--------------------------------------------------------------------------------------------+ 
     |              Instance               |     Arc     |   Cell    | Delay | Arrival | Required | 
     |                                     |             |           |       |  Time   |   Time   | 
     |-------------------------------------+-------------+-----------+-------+---------+----------| 
     | pre_fetch_instruction_reg[8]        | CK ^        |           |       |   0.923 |    2.765 | 
     | pre_fetch_instruction_reg[8]        | CK ^ -> Q v | DFFQXLLVT | 0.161 |   1.084 |    2.926 | 
     | FE_PHC67810_pre_fetch_instruction_8 | A v -> Y v  | DLY1X4    | 0.218 |   1.302 |    3.145 | 
     | p0854A71149__1857                   | A v -> Y v  | MX2X1     | 0.136 |   1.438 |    3.281 | 
     | pre_fetch_instruction_reg[8]        | D v         | DFFQXLLVT | 0.000 |   1.438 |    3.281 | 
     +--------------------------------------------------------------------------------------------+ 
Path 351: VIOLATED Hold Check with Pin saved_current_instruction_reg[1]/CK 
Endpoint:   saved_current_instruction_reg[1]/D (^) checked with  leading edge 
of 'CLK'
Beginpoint: o_read_data_reg[1]/Q               (^) triggered by  leading edge 
of 'CLK'
Path Groups: {reg2reg}
Analysis View: best
Other End Arrival Time          2.856
+ Hold                         -0.045
+ Phase Shift                   0.000
+ Uncertainty                   0.400
= Required Time                 3.212
  Arrival Time                  1.370
  Slack Time                   -1.842
     Clock Rise Edge                 0.000
     + Clock Network Latency (Prop)  0.920
     = Beginpoint Arrival Time       0.920
     +--------------------------------------------------------------------------------------------+ 
     |             Instance             |     Arc     |     Cell     | Delay | Arrival | Required | 
     |                                  |             |              |       |  Time   |   Time   | 
     |----------------------------------+-------------+--------------+-------+---------+----------| 
     | o_read_data_reg[1]               | CK ^        |              |       |   0.920 |    2.761 | 
     | o_read_data_reg[1]               | CK ^ -> Q ^ | DFFQX2LVT    | 0.189 |   1.108 |    2.950 | 
     | p0020A161085                     | A ^ -> Y ^  | CLKAND2X3LVT | 0.092 |   1.201 |    3.042 | 
     | n0010D161084_dup                 | A ^ -> Y v  | NOR2X8LVT    | 0.029 |   1.229 |    3.071 | 
     | FE_OCPC993_n_94251               | A v -> Y v  | BUFX2LVT     | 0.074 |   1.303 |    3.145 | 
     | p0554A__6083                     | A0 v -> Y ^ | OAI21XLLVT   | 0.067 |   1.370 |    3.212 | 
     | saved_current_instruction_reg[1] | D ^         | DFFQXLLVT    | 0.000 |   1.370 |    3.212 | 
     +--------------------------------------------------------------------------------------------+ 
Path 352: VIOLATED Hold Check with Pin saved_current_instruction_reg[21]/CK 
Endpoint:   saved_current_instruction_reg[21]/D (v) checked with  leading edge 
of 'CLK'
Beginpoint: o_read_data_reg[21]/Q               (v) triggered by  leading edge 
of 'CLK'
Path Groups: {reg2reg}
Analysis View: best
Other End Arrival Time          2.857
+ Hold                          0.015
+ Phase Shift                   0.000
+ Uncertainty                   0.400
= Required Time                 3.273
  Arrival Time                  1.435
  Slack Time                   -1.838
     Clock Rise Edge                 0.000
     + Clock Network Latency (Prop)  0.919
     = Beginpoint Arrival Time       0.919
     +--------------------------------------------------------------------------------------------+ 
     |             Instance              |     Arc     |    Cell     | Delay | Arrival | Required | 
     |                                   |             |             |       |  Time   |   Time   | 
     |-----------------------------------+-------------+-------------+-------+---------+----------| 
     | o_read_data_reg[21]               | CK ^        |             |       |   0.919 |    2.757 | 
     | o_read_data_reg[21]               | CK ^ -> Q v | DFFQX2LVT   | 0.182 |   1.100 |    2.939 | 
     | p0040A                            | B v -> Y ^  | NAND2X6LVT  | 0.034 |   1.135 |    2.973 | 
     | FE_RC_25_0                        | A ^ -> Y v  | INVXLLVT    | 0.028 |   1.163 |    3.001 | 
     | FE_RC_24_0                        | AN v -> Y v | NAND2BX1LVT | 0.097 |   1.260 |    3.098 | 
     | p0555A70352__1786                 | A v -> Y v  | MX2X1       | 0.175 |   1.435 |    3.273 | 
     | saved_current_instruction_reg[21] | D v         | DFFQXLLVT   | 0.000 |   1.435 |    3.273 | 
     +--------------------------------------------------------------------------------------------+ 
Path 353: VIOLATED Hold Check with Pin address_sel_r_reg[1]/CK 
Endpoint:   address_sel_r_reg[1]/D (^) checked with  leading edge of 'CLK'
Beginpoint: address_sel_r_reg[1]/Q (^) triggered by  leading edge of 'CLK'
Path Groups: {reg2reg}
Analysis View: best
Other End Arrival Time          2.859
+ Hold                         -0.035
+ Phase Shift                   0.000
+ Uncertainty                   0.400
= Required Time                 3.225
  Arrival Time                  1.390
  Slack Time                   -1.834
     Clock Rise Edge                 0.000
     + Clock Network Latency (Prop)  0.921
     = Beginpoint Arrival Time       0.921
     +--------------------------------------------------------------------------------+ 
     |       Instance       |     Arc     |     Cell     | Delay | Arrival | Required | 
     |                      |             |              |       |  Time   |   Time   | 
     |----------------------+-------------+--------------+-------+---------+----------| 
     | address_sel_r_reg[1] | CK ^        |              |       |   0.921 |    2.755 | 
     | address_sel_r_reg[1] | CK ^ -> Q ^ | DFFHQX1LVT   | 0.170 |   1.091 |    2.925 | 
     | p0871A               | A0 ^ -> Y ^ | AO21XLLVT    | 0.105 |   1.196 |    3.031 | 
     | p0716A70648__87307   | B0 ^ -> Y v | AOI21XLLVT   | 0.028 |   1.224 |    3.058 | 
     | p0678A70525__2391    | A v -> Y v  | AND2XLLVT    | 0.049 |   1.273 |    3.108 | 
     | p0714A__1857         | B0 v -> Y ^ | OAI21XLLVT   | 0.038 |   1.311 |    3.145 | 
     | p0662A__2703         | B0 ^ -> Y v | AOI2BB1XLLVT | 0.052 |   1.363 |    3.197 | 
     | p0661A__2683         | B0 v -> Y ^ | OAI2BB1X1LVT | 0.027 |   1.390 |    3.225 | 
     | address_sel_r_reg[1] | D ^         | DFFHQX1LVT   | 0.000 |   1.390 |    3.225 | 
     +--------------------------------------------------------------------------------+ 
Path 354: VIOLATED Hold Check with Pin control_state_reg[0]/CK 
Endpoint:   control_state_reg[0]/D       (v) checked with  leading edge of 'CLK'
Beginpoint: o_multiply_function_reg[1]/Q (^) triggered by  leading edge of 'CLK'
Path Groups: {reg2reg}
Analysis View: best
Other End Arrival Time          2.861
+ Hold                          0.022
+ Phase Shift                   0.000
+ Uncertainty                   0.400
= Required Time                 3.283
  Arrival Time                  1.449
  Slack Time                   -1.833
     Clock Rise Edge                 0.000
     + Clock Network Latency (Prop)  0.922
     = Beginpoint Arrival Time       0.922
     +-------------------------------------------------------------------------------------+ 
     |          Instance          |     Arc     |    Cell     | Delay | Arrival | Required | 
     |                            |             |             |       |  Time   |   Time   | 
     |----------------------------+-------------+-------------+-------+---------+----------| 
     | o_multiply_function_reg[1] | CK ^        |             |       |   0.922 |    2.755 | 
     | o_multiply_function_reg[1] | CK ^ -> Q ^ | DFFHQX1LVT  | 0.164 |   1.086 |    2.920 | 
     | p1078A                     | AN ^ -> Y ^ | NOR2BX1LVT  | 0.096 |   1.183 |    3.016 | 
     | p0548A__1309               | B ^ -> Y ^  | OR4X1LVT    | 0.084 |   1.267 |    3.100 | 
     | p0286A70124__4547          | AN ^ -> Y ^ | NAND2BXLLVT | 0.039 |   1.306 |    3.140 | 
     | p0296A__2900               | A ^ -> Y ^  | MX2XLLVT    | 0.094 |   1.400 |    3.234 | 
     | p0314A__9682               | B ^ -> Y v  | NAND2XLLVT  | 0.049 |   1.449 |    3.283 | 
     | control_state_reg[0]       | D v         | DFFHQX1LVT  | 0.000 |   1.449 |    3.283 | 
     +-------------------------------------------------------------------------------------+ 
Path 355: VIOLATED Hold Check with Pin o_imm32_reg[9]/CK 
Endpoint:   o_imm32_reg[9]/D (^) checked with  leading edge of 'CLK'
Beginpoint: o_imm32_reg[9]/Q (^) triggered by  leading edge of 'CLK'
Path Groups: {reg2reg}
Analysis View: best
Other End Arrival Time          2.859
+ Hold                         -0.043
+ Phase Shift                   0.000
+ Uncertainty                   0.400
= Required Time                 3.215
  Arrival Time                  1.383
  Slack Time                   -1.832
     Clock Rise Edge                 0.000
     + Clock Network Latency (Prop)  0.920
     = Beginpoint Arrival Time       0.920
     +------------------------------------------------------------------------------+ 
     |      Instance       |     Arc     |    Cell     | Delay | Arrival | Required | 
     |                     |             |             |       |  Time   |   Time   | 
     |---------------------+-------------+-------------+-------+---------+----------| 
     | o_imm32_reg[9]      | CK ^        |             |       |   0.920 |    2.753 | 
     | o_imm32_reg[9]      | CK ^ -> Q ^ | DFFHQX1LVT  | 0.159 |   1.079 |    2.912 | 
     | p0716A70942__1474   | A0 ^ -> Y v | AOI21XLLVT  | 0.085 |   1.165 |    2.997 | 
     | p0732A70788__110205 | B0 v -> Y v | OA21X1LVT   | 0.059 |   1.224 |    3.056 | 
     | g134534             | B0 v -> Y v | OA21X1      | 0.074 |   1.298 |    3.130 | 
     | p0757A__1786        | A v -> Y ^  | NAND2XLLVT  | 0.029 |   1.326 |    3.159 | 
     | p0752A__5703        | AN ^ -> Y ^ | NAND2BXLLVT | 0.057 |   1.383 |    3.215 | 
     | o_imm32_reg[9]      | D ^         | DFFHQX1LVT  | 0.000 |   1.383 |    3.215 | 
     +------------------------------------------------------------------------------+ 
Path 356: VIOLATED Hold Check with Pin pre_fetch_instruction_reg[27]/CK 
Endpoint:   pre_fetch_instruction_reg[27]/D (v) checked with  leading edge of 
'CLK'
Beginpoint: pre_fetch_instruction_reg[27]/Q (v) triggered by  leading edge of 
'CLK'
Path Groups: {reg2reg}
Analysis View: best
Other End Arrival Time          2.859
+ Hold                          0.017
+ Phase Shift                   0.000
+ Uncertainty                   0.400
= Required Time                 3.275
  Arrival Time                  1.443
  Slack Time                   -1.832
     Clock Rise Edge                 0.000
     + Clock Network Latency (Prop)  0.920
     = Beginpoint Arrival Time       0.920
     +---------------------------------------------------------------------------------------------+ 
     |               Instance               |     Arc     |   Cell    | Delay | Arrival | Required | 
     |                                      |             |           |       |  Time   |   Time   | 
     |--------------------------------------+-------------+-----------+-------+---------+----------| 
     | pre_fetch_instruction_reg[27]        | CK ^        |           |       |   0.920 |    2.752 | 
     | pre_fetch_instruction_reg[27]        | CK ^ -> Q v | DFFQXLLVT | 0.159 |   1.079 |    2.912 | 
     | FE_PHC67806_pre_fetch_instruction_27 | A v -> Y v  | DLY1X4    | 0.220 |   1.300 |    3.132 | 
     | p0854A71107__8757                    | A v -> Y v  | MX2X1     | 0.143 |   1.443 |    3.275 | 
     | pre_fetch_instruction_reg[27]        | D v         | DFFQXLLVT | 0.000 |   1.443 |    3.275 | 
     +---------------------------------------------------------------------------------------------+ 
Path 357: VIOLATED Hold Check with Pin saved_current_instruction_reg[27]/CK 
Endpoint:   saved_current_instruction_reg[27]/D (v) checked with  leading edge 
of 'CLK'
Beginpoint: saved_current_instruction_reg[27]/Q (v) triggered by  leading edge 
of 'CLK'
Path Groups: {reg2reg}
Analysis View: best
Other End Arrival Time          2.859
+ Hold                          0.017
+ Phase Shift                   0.000
+ Uncertainty                   0.400
= Required Time                 3.276
  Arrival Time                  1.452
  Slack Time                   -1.824
     Clock Rise Edge                 0.000
     + Clock Network Latency (Prop)  0.920
     = Beginpoint Arrival Time       0.920
     +-------------------------------------------------------------------------------------------------+ 
     |                 Instance                 |     Arc     |   Cell    | Delay | Arrival | Required | 
     |                                          |             |           |       |  Time   |   Time   | 
     |------------------------------------------+-------------+-----------+-------+---------+----------| 
     | saved_current_instruction_reg[27]        | CK ^        |           |       |   0.920 |    2.744 | 
     | saved_current_instruction_reg[27]        | CK ^ -> Q v | DFFQXLLVT | 0.164 |   1.085 |    2.908 | 
     | FE_PHC67814_saved_current_instruction_27 | A v -> Y v  | DLY1X4    | 0.224 |   1.308 |    3.132 | 
     | p0286A128216                             | B v -> Y v  | MX2X1     | 0.144 |   1.452 |    3.276 | 
     | saved_current_instruction_reg[27]        | D v         | DFFQXLLVT | 0.000 |   1.452 |    3.276 | 
     +-------------------------------------------------------------------------------------------------+ 
Path 358: VIOLATED Hold Check with Pin o_rds_sel_reg[3]/CK 
Endpoint:   o_rds_sel_reg[3]/D                 (v) checked with  leading edge 
of 'CLK'
Beginpoint: saved_current_instruction_reg[0]/Q (^) triggered by  leading edge 
of 'CLK'
Path Groups: {reg2reg}
Analysis View: best
Other End Arrival Time          2.859
+ Hold                         -0.009
+ Phase Shift                   0.000
+ Uncertainty                   0.400
= Required Time                 3.250
  Arrival Time                  1.443
  Slack Time                   -1.807
     Clock Rise Edge                 0.000
     + Clock Network Latency (Prop)  0.921
     = Beginpoint Arrival Time       0.921
     +--------------------------------------------------------------------------------------------+ 
     |             Instance             |     Arc     |     Cell     | Delay | Arrival | Required | 
     |                                  |             |              |       |  Time   |   Time   | 
     |----------------------------------+-------------+--------------+-------+---------+----------| 
     | saved_current_instruction_reg[0] | CK ^        |              |       |   0.921 |    2.728 | 
     | saved_current_instruction_reg[0] | CK ^ -> Q ^ | DFFQXLLVT    | 0.157 |   1.078 |    2.885 | 
     | FE_RC_252_0                      | B ^ -> Y v  | NAND2BX4LVT  | 0.052 |   1.130 |    2.937 | 
     | n0007D134081                     | B v -> Y ^  | NAND2X4LVT   | 0.028 |   1.158 |    2.965 | 
     | FE_DBTC25_n_66685                | A ^ -> Y v  | INVX6LVT     | 0.026 |   1.184 |    2.991 | 
     | p0002D75240                      | A v -> Y ^  | NAND2X4LVT   | 0.028 |   1.212 |    3.019 | 
     | p0007A161156                     | B ^ -> Y v  | NOR2X4LVT    | 0.025 |   1.237 |    3.044 | 
     | p0013A161155                     | B v -> Y ^  | NAND2X4LVT   | 0.022 |   1.259 |    3.066 | 
     | FE_RC_36_0                       | A0 ^ -> Y v | OAI21X4LVT   | 0.053 |   1.311 |    3.118 | 
     | FE_RC_100_0                      | A v -> Y ^  | NOR2X2LVT    | 0.046 |   1.357 |    3.164 | 
     | n0006D                           | B ^ -> Y ^  | CLKAND2X6LVT | 0.066 |   1.423 |    3.231 | 
     | Fn0003D74727                     | A ^ -> Y v  | CLKINVX12LVT | 0.019 |   1.443 |    3.250 | 
     | o_rds_sel_reg[3]                 | D v         | EDFFHQX1LVT  | 0.000 |   1.443 |    3.250 | 
     +--------------------------------------------------------------------------------------------+ 
Path 359: VIOLATED Hold Check with Pin o_rds_sel_reg[1]/CK 
Endpoint:   o_rds_sel_reg[1]/D                 (v) checked with  leading edge 
of 'CLK'
Beginpoint: saved_current_instruction_reg[0]/Q (^) triggered by  leading edge 
of 'CLK'
Path Groups: {reg2reg}
Analysis View: best
Other End Arrival Time          2.859
+ Hold                         -0.010
+ Phase Shift                   0.000
+ Uncertainty                   0.400
= Required Time                 3.249
  Arrival Time                  1.442
  Slack Time                   -1.807
     Clock Rise Edge                 0.000
     + Clock Network Latency (Prop)  0.921
     = Beginpoint Arrival Time       0.921
     +--------------------------------------------------------------------------------------------+ 
     |             Instance             |     Arc     |     Cell     | Delay | Arrival | Required | 
     |                                  |             |              |       |  Time   |   Time   | 
     |----------------------------------+-------------+--------------+-------+---------+----------| 
     | saved_current_instruction_reg[0] | CK ^        |              |       |   0.921 |    2.728 | 
     | saved_current_instruction_reg[0] | CK ^ -> Q ^ | DFFQXLLVT    | 0.157 |   1.078 |    2.885 | 
     | FE_RC_252_0                      | B ^ -> Y v  | NAND2BX4LVT  | 0.052 |   1.130 |    2.937 | 
     | n0007D134081                     | B v -> Y ^  | NAND2X4LVT   | 0.028 |   1.158 |    2.965 | 
     | FE_DBTC25_n_66685                | A ^ -> Y v  | INVX6LVT     | 0.026 |   1.184 |    2.991 | 
     | p0002D75240                      | A v -> Y ^  | NAND2X4LVT   | 0.028 |   1.212 |    3.019 | 
     | p0006A134690                     | AN ^ -> Y ^ | NAND2BX2LVT  | 0.062 |   1.274 |    3.081 | 
     | FE_RC_141_0                      | A1 ^ -> Y v | OAI21X2LVT   | 0.042 |   1.315 |    3.122 | 
     | FE_RC_95_0                       | A v -> Y ^  | NOR2X2LVT    | 0.043 |   1.359 |    3.166 | 
     | p0040D70514__5019                | B ^ -> Y ^  | CLKAND2X6LVT | 0.063 |   1.422 |    3.229 | 
     | fopt72879                        | A ^ -> Y v  | CLKINVX12LVT | 0.020 |   1.442 |    3.249 | 
     | o_rds_sel_reg[1]                 | D v         | EDFFHQX1LVT  | 0.000 |   1.442 |    3.249 | 
     +--------------------------------------------------------------------------------------------+ 
Path 360: VIOLATED Hold Check with Pin control_state_reg[2]/CK 
Endpoint:   control_state_reg[2]/D       (v) checked with  leading edge of 'CLK'
Beginpoint: o_multiply_function_reg[1]/Q (v) triggered by  leading edge of 'CLK'
Path Groups: {reg2reg}
Analysis View: best
Other End Arrival Time          2.860
+ Hold                          0.019
+ Phase Shift                   0.000
+ Uncertainty                   0.400
= Required Time                 3.279
  Arrival Time                  1.478
  Slack Time                   -1.801
     Clock Rise Edge                 0.000
     + Clock Network Latency (Prop)  0.922
     = Beginpoint Arrival Time       0.922
     +--------------------------------------------------------------------------------------+ 
     |          Instance          |     Arc     |     Cell     | Delay | Arrival | Required | 
     |                            |             |              |       |  Time   |   Time   | 
     |----------------------------+-------------+--------------+-------+---------+----------| 
     | o_multiply_function_reg[1] | CK ^        |              |       |   0.922 |    2.723 | 
     | o_multiply_function_reg[1] | CK ^ -> Q v | DFFHQX1LVT   | 0.180 |   1.102 |    2.903 | 
     | p1072A                     | A0 v -> Y ^ | OAI21X1LVT   | 0.086 |   1.188 |    2.989 | 
     | p0558A70527__7675          | C ^ -> Y ^  | OR4X1LVT     | 0.074 |   1.262 |    3.063 | 
     | p0280A__7114               | A ^ -> Y v  | NOR2XLLVT    | 0.039 |   1.301 |    3.102 | 
     | p0271A70120__7118          | A v -> Y ^  | NAND2XLLVT   | 0.040 |   1.341 |    3.142 | 
     | p0271A70119__2683          | B ^ -> Y ^  | AND2XLLVT    | 0.085 |   1.426 |    3.227 | 
     | p0271A__1474               | B0 ^ -> Y v | OAI2BB1X1LVT | 0.052 |   1.478 |    3.279 | 
     | control_state_reg[2]       | D v         | DFFQXLLVT    | 0.000 |   1.478 |    3.279 | 
     +--------------------------------------------------------------------------------------+ 
Path 361: VIOLATED Hold Check with Pin o_rds_sel_reg[2]/CK 
Endpoint:   o_rds_sel_reg[2]/D                 (v) checked with  leading edge 
of 'CLK'
Beginpoint: saved_current_instruction_reg[0]/Q (^) triggered by  leading edge 
of 'CLK'
Path Groups: {reg2reg}
Analysis View: best
Other End Arrival Time          2.859
+ Hold                         -0.010
+ Phase Shift                   0.000
+ Uncertainty                   0.400
= Required Time                 3.249
  Arrival Time                  1.456
  Slack Time                   -1.793
     Clock Rise Edge                 0.000
     + Clock Network Latency (Prop)  0.921
     = Beginpoint Arrival Time       0.921
     +--------------------------------------------------------------------------------------------+ 
     |             Instance             |     Arc     |     Cell     | Delay | Arrival | Required | 
     |                                  |             |              |       |  Time   |   Time   | 
     |----------------------------------+-------------+--------------+-------+---------+----------| 
     | saved_current_instruction_reg[0] | CK ^        |              |       |   0.921 |    2.714 | 
     | saved_current_instruction_reg[0] | CK ^ -> Q ^ | DFFQXLLVT    | 0.157 |   1.078 |    2.871 | 
     | FE_RC_252_0                      | B ^ -> Y v  | NAND2BX4LVT  | 0.052 |   1.130 |    2.922 | 
     | n0007D134081                     | B v -> Y ^  | NAND2X4LVT   | 0.028 |   1.158 |    2.950 | 
     | FE_DBTC25_n_66685                | A ^ -> Y v  | INVX6LVT     | 0.026 |   1.184 |    2.977 | 
     | p0002D75240                      | A v -> Y ^  | NAND2X4LVT   | 0.028 |   1.212 |    3.004 | 
     | p0007A161156                     | B ^ -> Y v  | NOR2X4LVT    | 0.025 |   1.237 |    3.030 | 
     | g74171                           | A v -> Y ^  | NAND2X4LVT   | 0.023 |   1.260 |    3.053 | 
     | FE_RC_210_0                      | A1 ^ -> Y v | OAI21X2LVT   | 0.041 |   1.302 |    3.094 | 
     | n0010D142                        | B0 v -> Y ^ | AOI2BB1X1LVT | 0.061 |   1.362 |    3.155 | 
     | p0000D75181                      | B ^ -> Y ^  | CLKAND2X6LVT | 0.074 |   1.436 |    3.229 | 
     | fopt72877                        | A ^ -> Y v  | CLKINVX12LVT | 0.020 |   1.456 |    3.249 | 
     | o_rds_sel_reg[2]                 | D v         | EDFFHQX1LVT  | 0.000 |   1.456 |    3.249 | 
     +--------------------------------------------------------------------------------------------+ 
Path 362: VIOLATED Hold Check with Pin saved_current_instruction_reg[25]/CK 
Endpoint:   saved_current_instruction_reg[25]/D (v) checked with  leading edge 
of 'CLK'
Beginpoint: saved_current_instruction_reg[25]/Q (v) triggered by  leading edge 
of 'CLK'
Path Groups: {reg2reg}
Analysis View: best
Other End Arrival Time          2.859
+ Hold                          0.017
+ Phase Shift                   0.000
+ Uncertainty                   0.400
= Required Time                 3.275
  Arrival Time                  1.504
  Slack Time                   -1.771
     Clock Rise Edge                 0.000
     + Clock Network Latency (Prop)  0.920
     = Beginpoint Arrival Time       0.920
     +-------------------------------------------------------------------------------------------------+ 
     |                 Instance                 |     Arc     |   Cell    | Delay | Arrival | Required | 
     |                                          |             |           |       |  Time   |   Time   | 
     |------------------------------------------+-------------+-----------+-------+---------+----------| 
     | saved_current_instruction_reg[25]        | CK ^        |           |       |   0.920 |    2.692 | 
     | saved_current_instruction_reg[25]        | CK ^ -> Q v | DFFQXLLVT | 0.157 |   1.077 |    2.848 | 
     | FE_PHC67805_saved_current_instruction_25 | A v -> Y v  | DLY1X4    | 0.215 |   1.292 |    3.064 | 
     | FE_OFC1043_saved_current_instruction_25  | A v -> Y v  | BUFX2LVT  | 0.065 |   1.357 |    3.129 | 
     | p0555A70359__132357                      | B v -> Y v  | MX2X1     | 0.147 |   1.504 |    3.275 | 
     | saved_current_instruction_reg[25]        | D v         | DFFQXLLVT | 0.000 |   1.504 |    3.275 | 
     +-------------------------------------------------------------------------------------------------+ 
Path 363: VIOLATED Hold Check with Pin o_imm32_reg[2]/CK 
Endpoint:   o_imm32_reg[2]/D (^) checked with  leading edge of 'CLK'
Beginpoint: o_imm32_reg[2]/Q (^) triggered by  leading edge of 'CLK'
Path Groups: {reg2reg}
Analysis View: best
Other End Arrival Time          2.859
+ Hold                         -0.045
+ Phase Shift                   0.000
+ Uncertainty                   0.400
= Required Time                 3.214
  Arrival Time                  1.458
  Slack Time                   -1.755
     Clock Rise Edge                 0.000
     + Clock Network Latency (Prop)  0.920
     = Beginpoint Arrival Time       0.920
     +-----------------------------------------------------------------------------+ 
     |     Instance      |     Arc     |     Cell     | Delay | Arrival | Required | 
     |                   |             |              |       |  Time   |   Time   | 
     |-------------------+-------------+--------------+-------+---------+----------| 
     | o_imm32_reg[2]    | CK ^        |              |       |   0.920 |    2.676 | 
     | o_imm32_reg[2]    | CK ^ -> Q ^ | DFFHQX1LVT   | 0.171 |   1.091 |    2.847 | 
     | p1252A            | A ^ -> Y v  | NAND2XLLVT   | 0.087 |   1.178 |    2.933 | 
     | p0619A70479__8780 | B0 v -> Y ^ | OAI21X1      | 0.061 |   1.239 |    2.994 | 
     | p0619A70464__5266 | B0 ^ -> Y v | AOI21X1      | 0.054 |   1.293 |    3.048 | 
     | FE_OFC891_n_2412  | A v -> Y v  | BUFX2LVT     | 0.066 |   1.359 |    3.114 | 
     | p0619A__7344      | B0 v -> Y v | OA21X1LVT    | 0.056 |   1.415 |    3.170 | 
     | p0610A__2250      | B0 v -> Y ^ | OAI2BB1X1LVT | 0.043 |   1.458 |    3.213 | 
     | o_imm32_reg[2]    | D ^         | DFFHQX1LVT   | 0.000 |   1.458 |    3.214 | 
     +-----------------------------------------------------------------------------+ 
Path 364: VIOLATED Hold Check with Pin control_state_reg[3]/CK 
Endpoint:   control_state_reg[3]/D (^) checked with  leading edge of 'CLK'
Beginpoint: dabt_reg_reg/Q         (^) triggered by  leading edge of 'CLK'
Path Groups: {reg2reg}
Analysis View: best
Other End Arrival Time          2.860
+ Hold                         -0.034
+ Phase Shift                   0.000
+ Uncertainty                   0.400
= Required Time                 3.227
  Arrival Time                  1.474
  Slack Time                   -1.753
     Clock Rise Edge                 0.000
     + Clock Network Latency (Prop)  0.921
     = Beginpoint Arrival Time       0.921
     +---------------------------------------------------------------------------------+ 
     |       Instance       |     Arc      |     Cell     | Delay | Arrival | Required | 
     |                      |              |              |       |  Time   |   Time   | 
     |----------------------+--------------+--------------+-------+---------+----------| 
     | dabt_reg_reg         | CK ^         |              |       |   0.921 |    2.674 | 
     | dabt_reg_reg         | CK ^ -> Q ^  | DFFQXLLVT    | 0.170 |   1.091 |    2.844 | 
     | p0733A72196          | A ^ -> Y ^   | OR2X1LVT     | 0.117 |   1.208 |    2.961 | 
     | p1218A               | A0N ^ -> Y ^ | OAI2BB1X1LVT | 0.112 |   1.320 |    3.073 | 
     | g134618              | A ^ -> Y v   | NOR3XLLVT    | 0.046 |   1.366 |    3.119 | 
     | p0258A__7675         | B v -> Y ^   | NOR2XLLVT    | 0.038 |   1.404 |    3.157 | 
     | p0261A__112091       | B0 ^ -> Y v  | AOI21XLLVT   | 0.037 |   1.441 |    3.194 | 
     | p0272A__4296         | B0 v -> Y ^  | OAI2BB1X1LVT | 0.033 |   1.474 |    3.227 | 
     | control_state_reg[3] | D ^          | DFFHQX1LVT   | 0.000 |   1.474 |    3.227 | 
     +---------------------------------------------------------------------------------+ 
Path 365: VIOLATED Hold Check with Pin pre_fetch_instruction_reg[9]/CK 
Endpoint:   pre_fetch_instruction_reg[9]/D (v) checked with  leading edge of 
'CLK'
Beginpoint: pre_fetch_instruction_reg[9]/Q (v) triggered by  leading edge of 
'CLK'
Path Groups: {reg2reg}
Analysis View: best
Other End Arrival Time          2.861
+ Hold                          0.020
+ Phase Shift                   0.000
+ Uncertainty                   0.400
= Required Time                 3.281
  Arrival Time                  1.557
  Slack Time                   -1.724
     Clock Rise Edge                 0.000
     + Clock Network Latency (Prop)  0.923
     = Beginpoint Arrival Time       0.923
     +--------------------------------------------------------------------------------------------+ 
     |              Instance               |     Arc     |   Cell    | Delay | Arrival | Required | 
     |                                     |             |           |       |  Time   |   Time   | 
     |-------------------------------------+-------------+-----------+-------+---------+----------| 
     | pre_fetch_instruction_reg[9]        | CK ^        |           |       |   0.923 |    2.646 | 
     | pre_fetch_instruction_reg[9]        | CK ^ -> Q v | DFFQXLLVT | 0.154 |   1.077 |    2.800 | 
     | FE_PHC67799_pre_fetch_instruction_9 | A v -> Y v  | DLY2X1    | 0.334 |   1.411 |    3.134 | 
     | p0854A71150__5019                   | A v -> Y v  | MX2X1     | 0.146 |   1.557 |    3.281 | 
     | pre_fetch_instruction_reg[9]        | D v         | DFFQXLLVT | 0.000 |   1.557 |    3.281 | 
     +--------------------------------------------------------------------------------------------+ 
Path 366: VIOLATED Hold Check with Pin o_read_data_reg[17]/CK 
Endpoint:   o_read_data_reg[17]/D (v) checked with  leading edge of 'CLK'
Beginpoint: o_read_data_reg[17]/Q (v) triggered by  leading edge of 'CLK'
Path Groups: {reg2reg}
Analysis View: best
Other End Arrival Time          2.857
+ Hold                          0.026
+ Phase Shift                   0.000
+ Uncertainty                   0.400
= Required Time                 3.283
  Arrival Time                  1.566
  Slack Time                   -1.717
     Clock Rise Edge                 0.000
     + Clock Network Latency (Prop)  0.919
     = Beginpoint Arrival Time       0.919
     +--------------------------------------------------------------------------------------------+ 
     |               Instance               |     Arc     |   Cell   | Delay | Arrival | Required | 
     |                                      |             |          |       |  Time   |   Time   | 
     |--------------------------------------+-------------+----------+-------+---------+----------| 
     | o_read_data_reg[17]                  | CK ^        |          |       |   0.919 |    2.636 | 
     | o_read_data_reg[17]                  | CK ^ -> Q v | DFFQXL   | 0.222 |   1.141 |    2.858 | 
     | FE_PHC67820_FE_OFN537_o_read_data_17 | A v -> Y v  | DLY1X4   | 0.209 |   1.351 |    3.067 | 
     | FE_OFC537_o_read_data_17             | A v -> Y v  | BUFX2LVT | 0.064 |   1.415 |    3.132 | 
     | p1396A160518                         | B v -> Y v  | MX2X1    | 0.152 |   1.566 |    3.283 | 
     | o_read_data_reg[17]                  | D v         | DFFQXL   | 0.000 |   1.566 |    3.283 | 
     +--------------------------------------------------------------------------------------------+ 
Path 367: VIOLATED Hold Check with Pin saved_current_instruction_reg[8]/CK 
Endpoint:   saved_current_instruction_reg[8]/D (^) checked with  leading edge 
of 'CLK'
Beginpoint: saved_current_instruction_reg[0]/Q (^) triggered by  leading edge 
of 'CLK'
Path Groups: {reg2reg}
Analysis View: best
Other End Arrival Time          2.856
+ Hold                         -0.043
+ Phase Shift                   0.000
+ Uncertainty                   0.400
= Required Time                 3.214
  Arrival Time                  1.506
  Slack Time                   -1.707
     Clock Rise Edge                 0.000
     + Clock Network Latency (Prop)  0.921
     = Beginpoint Arrival Time       0.921
     +---------------------------------------------------------------------------------------------+ 
     |             Instance             |     Arc      |     Cell     | Delay | Arrival | Required | 
     |                                  |              |              |       |  Time   |   Time   | 
     |----------------------------------+--------------+--------------+-------+---------+----------| 
     | saved_current_instruction_reg[0] | CK ^         |              |       |   0.921 |    2.628 | 
     | saved_current_instruction_reg[0] | CK ^ -> Q ^  | DFFQXLLVT    | 0.157 |   1.078 |    2.785 | 
     | FE_RC_252_0                      | B ^ -> Y v   | NAND2BX4LVT  | 0.052 |   1.130 |    2.837 | 
     | n0007D134081                     | B v -> Y ^   | NAND2X4LVT   | 0.028 |   1.158 |    2.865 | 
     | FE_DBTC25_n_66685                | A ^ -> Y v   | INVX6LVT     | 0.026 |   1.184 |    2.891 | 
     | p0002D75240                      | A v -> Y ^   | NAND2X4LVT   | 0.028 |   1.212 |    2.919 | 
     | p0007A161156                     | B ^ -> Y v   | NOR2X4LVT    | 0.025 |   1.237 |    2.944 | 
     | p0013A161155                     | B v -> Y ^   | NAND2X4LVT   | 0.022 |   1.259 |    2.966 | 
     | FE_OCPC962_n_94333               | A ^ -> Y ^   | BUFX2LVT     | 0.061 |   1.320 |    3.027 | 
     | p0359A70318__3772                | A0N ^ -> Y ^ | OAI2BB1X1LVT | 0.095 |   1.414 |    3.122 | 
     | Fp0373A70284                     | A ^ -> Y v   | INVXLLVT     | 0.040 |   1.454 |    3.162 | 
     | p0563A__73726                    | A1 v -> Y ^  | OAI21XLLVT   | 0.052 |   1.506 |    3.214 | 
     | saved_current_instruction_reg[8] | D ^          | DFFQXLLVT    | 0.000 |   1.506 |    3.214 | 
     +---------------------------------------------------------------------------------------------+ 
Path 368: VIOLATED Hold Check with Pin saved_current_instruction_reg[11]/CK 
Endpoint:   saved_current_instruction_reg[11]/D (^) checked with  leading edge 
of 'CLK'
Beginpoint: saved_current_instruction_reg[0]/Q  (^) triggered by  leading edge 
of 'CLK'
Path Groups: {reg2reg}
Analysis View: best
Other End Arrival Time          2.856
+ Hold                         -0.037
+ Phase Shift                   0.000
+ Uncertainty                   0.400
= Required Time                 3.219
  Arrival Time                  1.517
  Slack Time                   -1.702
     Clock Rise Edge                 0.000
     + Clock Network Latency (Prop)  0.921
     = Beginpoint Arrival Time       0.921
     +----------------------------------------------------------------------------------------------+ 
     |             Instance              |     Arc      |     Cell     | Delay | Arrival | Required | 
     |                                   |              |              |       |  Time   |   Time   | 
     |-----------------------------------+--------------+--------------+-------+---------+----------| 
     | saved_current_instruction_reg[0]  | CK ^         |              |       |   0.921 |    2.623 | 
     | saved_current_instruction_reg[0]  | CK ^ -> Q ^  | DFFQXLLVT    | 0.157 |   1.078 |    2.780 | 
     | FE_RC_252_0                       | B ^ -> Y v   | NAND2BX4LVT  | 0.052 |   1.130 |    2.832 | 
     | n0007D134081                      | B v -> Y ^   | NAND2X4LVT   | 0.028 |   1.158 |    2.859 | 
     | FE_DBTC25_n_66685                 | A ^ -> Y v   | INVX6LVT     | 0.026 |   1.184 |    2.886 | 
     | p0002D75240                       | A v -> Y ^   | NAND2X4LVT   | 0.028 |   1.212 |    2.914 | 
     | p0007A161156                      | B ^ -> Y v   | NOR2X4LVT    | 0.025 |   1.237 |    2.939 | 
     | p0013A161155                      | B v -> Y ^   | NAND2X4LVT   | 0.022 |   1.259 |    2.960 | 
     | FE_OCPC962_n_94333                | A ^ -> Y ^   | BUFX2LVT     | 0.061 |   1.320 |    3.022 | 
     | p0359A70318__3772                 | A0N ^ -> Y ^ | OAI2BB1X1LVT | 0.095 |   1.414 |    3.116 | 
     | p0517A__1309                      | A1 ^ -> Y v  | OAI21XLLVT   | 0.063 |   1.478 |    3.180 | 
     | p0511A__132359                    | B0 v -> Y ^  | OAI2BB1X1LVT | 0.040 |   1.517 |    3.219 | 
     | saved_current_instruction_reg[11] | D ^          | DFFQXLLVT    | 0.000 |   1.517 |    3.219 | 
     +----------------------------------------------------------------------------------------------+ 
Path 369: VIOLATED Hold Check with Pin saved_current_instruction_reg[9]/CK 
Endpoint:   saved_current_instruction_reg[9]/D (^) checked with  leading edge 
of 'CLK'
Beginpoint: saved_current_instruction_reg[0]/Q (^) triggered by  leading edge 
of 'CLK'
Path Groups: {reg2reg}
Analysis View: best
Other End Arrival Time          2.856
+ Hold                         -0.044
+ Phase Shift                   0.000
+ Uncertainty                   0.400
= Required Time                 3.212
  Arrival Time                  1.562
  Slack Time                   -1.650
     Clock Rise Edge                 0.000
     + Clock Network Latency (Prop)  0.921
     = Beginpoint Arrival Time       0.921
     +---------------------------------------------------------------------------------------------+ 
     |             Instance             |     Arc      |     Cell     | Delay | Arrival | Required | 
     |                                  |              |              |       |  Time   |   Time   | 
     |----------------------------------+--------------+--------------+-------+---------+----------| 
     | saved_current_instruction_reg[0] | CK ^         |              |       |   0.921 |    2.571 | 
     | saved_current_instruction_reg[0] | CK ^ -> Q ^  | DFFQXLLVT    | 0.157 |   1.078 |    2.728 | 
     | FE_RC_252_0                      | B ^ -> Y v   | NAND2BX4LVT  | 0.052 |   1.130 |    2.780 | 
     | n0007D134081                     | B v -> Y ^   | NAND2X4LVT   | 0.028 |   1.158 |    2.808 | 
     | FE_DBTC25_n_66685                | A ^ -> Y v   | INVX6LVT     | 0.026 |   1.184 |    2.834 | 
     | p0002D75240                      | A v -> Y ^   | NAND2X4LVT   | 0.028 |   1.212 |    2.862 | 
     | p0007A161156                     | B ^ -> Y v   | NOR2X4LVT    | 0.025 |   1.237 |    2.887 | 
     | p0013A161155                     | B v -> Y ^   | NAND2X4LVT   | 0.022 |   1.259 |    2.909 | 
     | FE_OCPC962_n_94333               | A ^ -> Y ^   | BUFX2LVT     | 0.061 |   1.320 |    2.970 | 
     | p0359A70318__3772                | A0N ^ -> Y ^ | OAI2BB1X1LVT | 0.095 |   1.414 |    3.065 | 
     | p0372A__73841                    | B0 ^ -> Y v  | AOI21XLLVT   | 0.034 |   1.449 |    3.099 | 
     | FE_OFC1018_n_4077                | A v -> Y v   | BUFX2LVT     | 0.062 |   1.511 |    3.161 | 
     | p0514A__7675                     | A1 v -> Y ^  | OAI21XLLVT   | 0.051 |   1.562 |    3.212 | 
     | saved_current_instruction_reg[9] | D ^          | DFFQXLLVT    | 0.000 |   1.562 |    3.212 | 
     +---------------------------------------------------------------------------------------------+ 
Path 370: VIOLATED Hold Check with Pin pre_fetch_instruction_reg[11]/CK 
Endpoint:   pre_fetch_instruction_reg[11]/D (v) checked with  leading edge of 
'CLK'
Beginpoint: pre_fetch_instruction_reg[11]/Q (v) triggered by  leading edge of 
'CLK'
Path Groups: {reg2reg}
Analysis View: best
Other End Arrival Time          2.861
+ Hold                          0.018
+ Phase Shift                   0.000
+ Uncertainty                   0.400
= Required Time                 3.279
  Arrival Time                  1.667
  Slack Time                   -1.612
     Clock Rise Edge                 0.000
     + Clock Network Latency (Prop)  0.923
     = Beginpoint Arrival Time       0.923
     +---------------------------------------------------------------------------------------------+ 
     |               Instance               |     Arc     |   Cell    | Delay | Arrival | Required | 
     |                                      |             |           |       |  Time   |   Time   | 
     |--------------------------------------+-------------+-----------+-------+---------+----------| 
     | pre_fetch_instruction_reg[11]        | CK ^        |           |       |   0.923 |    2.535 | 
     | pre_fetch_instruction_reg[11]        | CK ^ -> Q v | DFFQXLLVT | 0.178 |   1.100 |    2.713 | 
     | FE_PHC67800_pre_fetch_instruction_11 | A v -> Y v  | DLY2X1    | 0.387 |   1.487 |    3.100 | 
     | p0854A71151__2703                    | A v -> Y v  | MX2X1     | 0.179 |   1.667 |    3.279 | 
     | pre_fetch_instruction_reg[11]        | D v         | DFFQXLLVT | 0.000 |   1.667 |    3.279 | 
     +---------------------------------------------------------------------------------------------+ 
Path 371: VIOLATED Hold Check with Pin abt_address_reg_reg[31]/CK 
Endpoint:   abt_address_reg_reg[31]/D (v) checked with  leading edge of 'CLK'
Beginpoint: abt_address_reg_reg[31]/Q (v) triggered by  leading edge of 'CLK'
Path Groups: {reg2reg}
Analysis View: best
Other End Arrival Time          2.859
+ Hold                          0.020
+ Phase Shift                   0.000
+ Uncertainty                   0.400
= Required Time                 3.280
  Arrival Time                  1.706
  Slack Time                   -1.574
     Clock Rise Edge                 0.000
     + Clock Network Latency (Prop)  0.921
     = Beginpoint Arrival Time       0.921
     +------------------------------------------------------------------------------------------------+ 
     |                Instance                 |     Arc     |   Cell    | Delay | Arrival | Required | 
     |                                         |             |           |       |  Time   |   Time   | 
     |-----------------------------------------+-------------+-----------+-------+---------+----------| 
     | abt_address_reg_reg[31]                 | CK ^        |           |       |   0.921 |    2.494 | 
     | abt_address_reg_reg[31]                 | CK ^ -> Q v | DFFQX2LVT | 0.183 |   1.103 |    2.677 | 
     | FE_PHC67801_FE_OFN605_o_dabt_address_31 | A v -> Y v  | DLY4X4LVT | 0.450 |   1.553 |    3.127 | 
     | p1396A72105                             | B v -> Y v  | MX2X1     | 0.153 |   1.706 |    3.280 | 
     | abt_address_reg_reg[31]                 | D v         | DFFQX2LVT | 0.000 |   1.706 |    3.280 | 
     +------------------------------------------------------------------------------------------------+ 
Path 372: VIOLATED Hold Check with Pin abt_address_reg_reg[22]/CK 
Endpoint:   abt_address_reg_reg[22]/D (v) checked with  leading edge of 'CLK'
Beginpoint: abt_address_reg_reg[22]/Q (v) triggered by  leading edge of 'CLK'
Path Groups: {reg2reg}
Analysis View: best
Other End Arrival Time          2.859
+ Hold                          0.022
+ Phase Shift                   0.000
+ Uncertainty                   0.400
= Required Time                 3.282
  Arrival Time                  1.718
  Slack Time                   -1.563
     Clock Rise Edge                 0.000
     + Clock Network Latency (Prop)  0.921
     = Beginpoint Arrival Time       0.921
     +------------------------------------------------------------------------------------------------+ 
     |                Instance                 |     Arc     |   Cell    | Delay | Arrival | Required | 
     |                                         |             |           |       |  Time   |   Time   | 
     |-----------------------------------------+-------------+-----------+-------+---------+----------| 
     | abt_address_reg_reg[22]                 | CK ^        |           |       |   0.921 |    2.484 | 
     | abt_address_reg_reg[22]                 | CK ^ -> Q v | DFFQX2LVT | 0.197 |   1.118 |    2.681 | 
     | FE_PHC67802_FE_OFN620_o_dabt_address_22 | A v -> Y v  | DLY4X4LVT | 0.451 |   1.569 |    3.132 | 
     | p1396A72154                             | B v -> Y v  | MX2X1     | 0.150 |   1.718 |    3.282 | 
     | abt_address_reg_reg[22]                 | D v         | DFFQX2LVT | 0.000 |   1.718 |    3.282 | 
     +------------------------------------------------------------------------------------------------+ 
Path 373: VIOLATED Hold Check with Pin abt_address_reg_reg[27]/CK 
Endpoint:   abt_address_reg_reg[27]/D (v) checked with  leading edge of 'CLK'
Beginpoint: abt_address_reg_reg[27]/Q (v) triggered by  leading edge of 'CLK'
Path Groups: {reg2reg}
Analysis View: best
Other End Arrival Time          2.859
+ Hold                          0.029
+ Phase Shift                   0.000
+ Uncertainty                   0.400
= Required Time                 3.288
  Arrival Time                  1.770
  Slack Time                   -1.518
     Clock Rise Edge                 0.000
     + Clock Network Latency (Prop)  0.921
     = Beginpoint Arrival Time       0.921
     +-------------------------------------------------------------------------------------------------+ 
     |                Instance                 |     Arc     |    Cell    | Delay | Arrival | Required | 
     |                                         |             |            |       |  Time   |   Time   | 
     |-----------------------------------------+-------------+------------+-------+---------+----------| 
     | abt_address_reg_reg[27]                 | CK ^        |            |       |   0.921 |    2.439 | 
     | abt_address_reg_reg[27]                 | CK ^ -> Q v | DFFHQX1LVT | 0.236 |   1.157 |    2.675 | 
     | FE_PHC67808_FE_OFN612_o_dabt_address_27 | A v -> Y v  | DLY4X4LVT  | 0.462 |   1.619 |    3.137 | 
     | p1396A132500                            | B v -> Y v  | MX2X1      | 0.151 |   1.770 |    3.288 | 
     | abt_address_reg_reg[27]                 | D v         | DFFHQX1LVT | 0.000 |   1.770 |    3.288 | 
     +-------------------------------------------------------------------------------------------------+ 
Path 374: VIOLATED Hold Check with Pin o_read_data_reg[9]/CK 
Endpoint:   o_read_data_reg[9]/D (v) checked with  leading edge of 'CLK'
Beginpoint: o_read_data_reg[9]/Q (v) triggered by  leading edge of 'CLK'
Path Groups: {reg2reg}
Analysis View: best
Other End Arrival Time          2.859
+ Hold                          0.020
+ Phase Shift                   0.000
+ Uncertainty                   0.400
= Required Time                 3.279
  Arrival Time                  1.943
  Slack Time                   -1.336
     Clock Rise Edge                 0.000
     + Clock Network Latency (Prop)  0.921
     = Beginpoint Arrival Time       0.921
     +--------------------------------------------------------------------------------------------+ 
     |              Instance               |     Arc     |   Cell    | Delay | Arrival | Required | 
     |                                     |             |           |       |  Time   |   Time   | 
     |-------------------------------------+-------------+-----------+-------+---------+----------| 
     | o_read_data_reg[9]                  | CK ^        |           |       |   0.921 |    2.257 | 
     | o_read_data_reg[9]                  | CK ^ -> Q v | DFFQX2LVT | 0.173 |   1.094 |    2.430 | 
     | FE_PHC67784_FE_OFN552_o_read_data_9 | A v -> Y v  | DLY4X4    | 0.690 |   1.784 |    3.120 | 
     | p1396A72123                         | B v -> Y v  | MX2X1     | 0.159 |   1.943 |    3.279 | 
     | o_read_data_reg[9]                  | D v         | DFFQX2LVT | 0.000 |   1.943 |    3.279 | 
     +--------------------------------------------------------------------------------------------+ 
Path 375: VIOLATED Hold Check with Pin o_read_data_reg[11]/CK 
Endpoint:   o_read_data_reg[11]/D (v) checked with  leading edge of 'CLK'
Beginpoint: o_read_data_reg[11]/Q (v) triggered by  leading edge of 'CLK'
Path Groups: {reg2reg}
Analysis View: best
Other End Arrival Time          2.859
+ Hold                          0.021
+ Phase Shift                   0.000
+ Uncertainty                   0.400
= Required Time                 3.281
  Arrival Time                  1.972
  Slack Time                   -1.308
     Clock Rise Edge                 0.000
     + Clock Network Latency (Prop)  0.921
     = Beginpoint Arrival Time       0.921
     +---------------------------------------------------------------------------------------------+ 
     |               Instance               |     Arc     |   Cell    | Delay | Arrival | Required | 
     |                                      |             |           |       |  Time   |   Time   | 
     |--------------------------------------+-------------+-----------+-------+---------+----------| 
     | o_read_data_reg[11]                  | CK ^        |           |       |   0.921 |    2.229 | 
     | o_read_data_reg[11]                  | CK ^ -> Q v | DFFQX2LVT | 0.180 |   1.101 |    2.410 | 
     | FE_PHC67787_FE_OFN549_o_read_data_11 | A v -> Y v  | DLY4X4    | 0.706 |   1.807 |    3.115 | 
     | p1396A110865                         | B v -> Y v  | MX2X1     | 0.165 |   1.972 |    3.281 | 
     | o_read_data_reg[11]                  | D v         | DFFQX2LVT | 0.000 |   1.972 |    3.281 | 
     +---------------------------------------------------------------------------------------------+ 
Path 376: VIOLATED Hold Check with Pin o_read_data_reg[8]/CK 
Endpoint:   o_read_data_reg[8]/D (v) checked with  leading edge of 'CLK'
Beginpoint: o_read_data_reg[8]/Q (v) triggered by  leading edge of 'CLK'
Path Groups: {reg2reg}
Analysis View: best
Other End Arrival Time          2.859
+ Hold                          0.027
+ Phase Shift                   0.000
+ Uncertainty                   0.400
= Required Time                 3.285
  Arrival Time                  1.990
  Slack Time                   -1.295
     Clock Rise Edge                 0.000
     + Clock Network Latency (Prop)  0.921
     = Beginpoint Arrival Time       0.921
     +---------------------------------------------------------------------------------------------+ 
     |              Instance               |     Arc     |    Cell    | Delay | Arrival | Required | 
     |                                     |             |            |       |  Time   |   Time   | 
     |-------------------------------------+-------------+------------+-------+---------+----------| 
     | o_read_data_reg[8]                  | CK ^        |            |       |   0.921 |    2.216 | 
     | o_read_data_reg[8]                  | CK ^ -> Q v | DFFHQX1LVT | 0.175 |   1.096 |    2.391 | 
     | FE_PHC67775_FE_OFN554_o_read_data_8 | A v -> Y v  | DLY4X1     | 0.655 |   1.750 |    3.045 | 
     | FE_OFC554_o_read_data_8             | A v -> Y v  | BUFX2LVT   | 0.087 |   1.838 |    3.133 | 
     | p1396A110863                        | B v -> Y v  | MX2X1      | 0.153 |   1.990 |    3.285 | 
     | o_read_data_reg[8]                  | D v         | DFFHQX1LVT | 0.000 |   1.990 |    3.285 | 
     +---------------------------------------------------------------------------------------------+ 
Path 377: VIOLATED Hold Check with Pin o_read_data_reg[27]/CK 
Endpoint:   o_read_data_reg[27]/D (v) checked with  leading edge of 'CLK'
Beginpoint: o_read_data_reg[27]/Q (v) triggered by  leading edge of 'CLK'
Path Groups: {reg2reg}
Analysis View: best
Other End Arrival Time          2.858
+ Hold                          0.019
+ Phase Shift                   0.000
+ Uncertainty                   0.400
= Required Time                 3.277
  Arrival Time                  2.003
  Slack Time                   -1.274
     Clock Rise Edge                 0.000
     + Clock Network Latency (Prop)  0.919
     = Beginpoint Arrival Time       0.919
     +---------------------------------------------------------------------------------------------+ 
     |               Instance               |     Arc     |   Cell    | Delay | Arrival | Required | 
     |                                      |             |           |       |  Time   |   Time   | 
     |--------------------------------------+-------------+-----------+-------+---------+----------| 
     | o_read_data_reg[27]                  | CK ^        |           |       |   0.919 |    2.193 | 
     | o_read_data_reg[27]                  | CK ^ -> Q v | DFFQX2LVT | 0.197 |   1.116 |    2.389 | 
     | FE_PHC67785_FE_OFN521_o_read_data_27 | A v -> Y v  | DLY4X4    | 0.718 |   1.834 |    3.107 | 
     | p1396A72152                          | B v -> Y v  | MX2X1     | 0.170 |   2.003 |    3.277 | 
     | o_read_data_reg[27]                  | D v         | DFFQX2LVT | 0.000 |   2.003 |    3.277 | 
     +---------------------------------------------------------------------------------------------+ 

